2025-12-16 14:46:37.037 [background-preinit] DEBUG org.jboss.logging - Logging Provider: org.jboss.logging.Slf4jLoggerProvider found via system property
2025-12-16 14:46:37.039 [background-preinit] INFO  o.h.validator.internal.util.Version - HV000001: Hibernate Validator 8.0.1.Final
2025-12-16 14:46:37.114 [main] INFO  c.example.mailbox.MailboxApplication - Starting MailboxApplication using Java 22.0.2 with PID 3128 (C:\Users\Administrator\Desktop\计网实验\SMTPService\target\classes started by Administrator in C:\Users\Administrator\Desktop\计网实验\SMTPService)
2025-12-16 14:46:37.114 [main] DEBUG c.example.mailbox.MailboxApplication - Running with Spring Boot v3.2.0, Spring v6.1.1
2025-12-16 14:46:37.116 [main] INFO  c.example.mailbox.MailboxApplication - The following 1 profile is active: "dev"
2025-12-16 14:46:37.826 [main] INFO  o.s.d.r.c.RepositoryConfigurationDelegate - Multiple Spring Data modules found, entering strict repository configuration mode
2025-12-16 14:46:37.828 [main] INFO  o.s.d.r.c.RepositoryConfigurationDelegate - Bootstrapping Spring Data JPA repositories in DEFAULT mode.
2025-12-16 14:46:37.969 [main] INFO  o.s.d.r.c.RepositoryConfigurationDelegate - Finished Spring Data repository scanning in 134 ms. Found 9 JPA repository interfaces.
2025-12-16 14:46:37.982 [main] INFO  o.s.d.r.c.RepositoryConfigurationDelegate - Multiple Spring Data modules found, entering strict repository configuration mode
2025-12-16 14:46:37.983 [main] INFO  o.s.d.r.c.RepositoryConfigurationDelegate - Bootstrapping Spring Data Redis repositories in DEFAULT mode.
2025-12-16 14:46:37.996 [main] INFO  o.s.d.r.c.RepositoryConfigurationExtensionSupport - Spring Data Redis - Could not safely identify store assignment for repository candidate interface com.example.mailbox.repository.AttachmentRepository; If you want this repository to be a Redis repository, consider annotating your entities with one of these annotations: org.springframework.data.redis.core.RedisHash (preferred), or consider extending one of the following types with your repository: org.springframework.data.keyvalue.repository.KeyValueRepository
2025-12-16 14:46:37.997 [main] INFO  o.s.d.r.c.RepositoryConfigurationExtensionSupport - Spring Data Redis - Could not safely identify store assignment for repository candidate interface com.example.mailbox.repository.BlacklistRepository; If you want this repository to be a Redis repository, consider annotating your entities with one of these annotations: org.springframework.data.redis.core.RedisHash (preferred), or consider extending one of the following types with your repository: org.springframework.data.keyvalue.repository.KeyValueRepository
2025-12-16 14:46:37.997 [main] INFO  o.s.d.r.c.RepositoryConfigurationExtensionSupport - Spring Data Redis - Could not safely identify store assignment for repository candidate interface com.example.mailbox.repository.EmailQueueRepository; If you want this repository to be a Redis repository, consider annotating your entities with one of these annotations: org.springframework.data.redis.core.RedisHash (preferred), or consider extending one of the following types with your repository: org.springframework.data.keyvalue.repository.KeyValueRepository
2025-12-16 14:46:37.997 [main] INFO  o.s.d.r.c.RepositoryConfigurationExtensionSupport - Spring Data Redis - Could not safely identify store assignment for repository candidate interface com.example.mailbox.repository.EmailRepository; If you want this repository to be a Redis repository, consider annotating your entities with one of these annotations: org.springframework.data.redis.core.RedisHash (preferred), or consider extending one of the following types with your repository: org.springframework.data.keyvalue.repository.KeyValueRepository
2025-12-16 14:46:37.997 [main] INFO  o.s.d.r.c.RepositoryConfigurationExtensionSupport - Spring Data Redis - Could not safely identify store assignment for repository candidate interface com.example.mailbox.repository.GroupMemberRepository; If you want this repository to be a Redis repository, consider annotating your entities with one of these annotations: org.springframework.data.redis.core.RedisHash (preferred), or consider extending one of the following types with your repository: org.springframework.data.keyvalue.repository.KeyValueRepository
2025-12-16 14:46:37.998 [main] INFO  o.s.d.r.c.RepositoryConfigurationExtensionSupport - Spring Data Redis - Could not safely identify store assignment for repository candidate interface com.example.mailbox.repository.GroupRepository; If you want this repository to be a Redis repository, consider annotating your entities with one of these annotations: org.springframework.data.redis.core.RedisHash (preferred), or consider extending one of the following types with your repository: org.springframework.data.keyvalue.repository.KeyValueRepository
2025-12-16 14:46:37.998 [main] INFO  o.s.d.r.c.RepositoryConfigurationExtensionSupport - Spring Data Redis - Could not safely identify store assignment for repository candidate interface com.example.mailbox.repository.ServerConfigRepository; If you want this repository to be a Redis repository, consider annotating your entities with one of these annotations: org.springframework.data.redis.core.RedisHash (preferred), or consider extending one of the following types with your repository: org.springframework.data.keyvalue.repository.KeyValueRepository
2025-12-16 14:46:37.998 [main] INFO  o.s.d.r.c.RepositoryConfigurationExtensionSupport - Spring Data Redis - Could not safely identify store assignment for repository candidate interface com.example.mailbox.repository.SystemLogRepository; If you want this repository to be a Redis repository, consider annotating your entities with one of these annotations: org.springframework.data.redis.core.RedisHash (preferred), or consider extending one of the following types with your repository: org.springframework.data.keyvalue.repository.KeyValueRepository
2025-12-16 14:46:37.998 [main] INFO  o.s.d.r.c.RepositoryConfigurationExtensionSupport - Spring Data Redis - Could not safely identify store assignment for repository candidate interface com.example.mailbox.repository.UserRepository; If you want this repository to be a Redis repository, consider annotating your entities with one of these annotations: org.springframework.data.redis.core.RedisHash (preferred), or consider extending one of the following types with your repository: org.springframework.data.keyvalue.repository.KeyValueRepository
2025-12-16 14:46:37.998 [main] INFO  o.s.d.r.c.RepositoryConfigurationDelegate - Finished Spring Data repository scanning in 7 ms. Found 0 Redis repository interfaces.
2025-12-16 14:46:38.475 [main] INFO  o.s.b.w.e.tomcat.TomcatWebServer - Tomcat initialized with port 8000 (http)
2025-12-16 14:46:38.480 [main] INFO  o.a.coyote.http11.Http11NioProtocol - Initializing ProtocolHandler ["http-nio-8000"]
2025-12-16 14:46:38.482 [main] INFO  o.a.catalina.core.StandardService - Starting service [Tomcat]
2025-12-16 14:46:38.483 [main] INFO  o.a.catalina.core.StandardEngine - Starting Servlet engine: [Apache Tomcat/10.1.16]
2025-12-16 14:46:38.556 [main] INFO  o.a.c.c.C.[Tomcat].[localhost].[/] - Initializing Spring embedded WebApplicationContext
2025-12-16 14:46:38.557 [main] INFO  o.s.b.w.s.c.ServletWebServerApplicationContext - Root WebApplicationContext: initialization completed in 1410 ms
2025-12-16 14:46:38.570 [main] DEBUG com.zaxxer.hikari.HikariConfig - Driver class com.mysql.cj.jdbc.Driver found in Thread context class loader jdk.internal.loader.ClassLoaders$AppClassLoader@6bc7c054
2025-12-16 14:46:38.582 [main] DEBUG com.zaxxer.hikari.HikariConfig - HikariPool-1 - configuration:
2025-12-16 14:46:38.594 [main] DEBUG com.zaxxer.hikari.HikariConfig - allowPoolSuspension.............false
2025-12-16 14:46:38.594 [main] DEBUG com.zaxxer.hikari.HikariConfig - autoCommit......................true
2025-12-16 14:46:38.594 [main] DEBUG com.zaxxer.hikari.HikariConfig - catalog.........................none
2025-12-16 14:46:38.594 [main] DEBUG com.zaxxer.hikari.HikariConfig - connectionInitSql...............none
2025-12-16 14:46:38.595 [main] DEBUG com.zaxxer.hikari.HikariConfig - connectionTestQuery.............none
2025-12-16 14:46:38.595 [main] DEBUG com.zaxxer.hikari.HikariConfig - connectionTimeout...............30000
2025-12-16 14:46:38.595 [main] DEBUG com.zaxxer.hikari.HikariConfig - dataSource......................none
2025-12-16 14:46:38.595 [main] DEBUG com.zaxxer.hikari.HikariConfig - dataSourceClassName.............none
2025-12-16 14:46:38.595 [main] DEBUG com.zaxxer.hikari.HikariConfig - dataSourceJNDI..................none
2025-12-16 14:46:38.595 [main] DEBUG com.zaxxer.hikari.HikariConfig - dataSourceProperties............{password=<masked>}
2025-12-16 14:46:38.595 [main] DEBUG com.zaxxer.hikari.HikariConfig - driverClassName................."com.mysql.cj.jdbc.Driver"
2025-12-16 14:46:38.596 [main] DEBUG com.zaxxer.hikari.HikariConfig - exceptionOverrideClassName......none
2025-12-16 14:46:38.596 [main] DEBUG com.zaxxer.hikari.HikariConfig - healthCheckProperties...........{}
2025-12-16 14:46:38.596 [main] DEBUG com.zaxxer.hikari.HikariConfig - healthCheckRegistry.............none
2025-12-16 14:46:38.596 [main] DEBUG com.zaxxer.hikari.HikariConfig - idleTimeout.....................600000
2025-12-16 14:46:38.596 [main] DEBUG com.zaxxer.hikari.HikariConfig - initializationFailTimeout.......1
2025-12-16 14:46:38.596 [main] DEBUG com.zaxxer.hikari.HikariConfig - isolateInternalQueries..........false
2025-12-16 14:46:38.596 [main] DEBUG com.zaxxer.hikari.HikariConfig - jdbcUrl.........................jdbc:mysql://localhost:3306/mailbox_prod?useSSL=false&serverTimezone=UTC&characterEncoding=utf-8
2025-12-16 14:46:38.596 [main] DEBUG com.zaxxer.hikari.HikariConfig - keepaliveTime...................0
2025-12-16 14:46:38.597 [main] DEBUG com.zaxxer.hikari.HikariConfig - leakDetectionThreshold..........0
2025-12-16 14:46:38.597 [main] DEBUG com.zaxxer.hikari.HikariConfig - maxLifetime.....................1800000
2025-12-16 14:46:38.597 [main] DEBUG com.zaxxer.hikari.HikariConfig - maximumPoolSize.................5
2025-12-16 14:46:38.597 [main] DEBUG com.zaxxer.hikari.HikariConfig - metricRegistry..................none
2025-12-16 14:46:38.597 [main] DEBUG com.zaxxer.hikari.HikariConfig - metricsTrackerFactory...........none
2025-12-16 14:46:38.597 [main] DEBUG com.zaxxer.hikari.HikariConfig - minimumIdle.....................2
2025-12-16 14:46:38.597 [main] DEBUG com.zaxxer.hikari.HikariConfig - password........................<masked>
2025-12-16 14:46:38.597 [main] DEBUG com.zaxxer.hikari.HikariConfig - poolName........................"HikariPool-1"
2025-12-16 14:46:38.597 [main] DEBUG com.zaxxer.hikari.HikariConfig - readOnly........................false
2025-12-16 14:46:38.597 [main] DEBUG com.zaxxer.hikari.HikariConfig - registerMbeans..................false
2025-12-16 14:46:38.597 [main] DEBUG com.zaxxer.hikari.HikariConfig - scheduledExecutor...............none
2025-12-16 14:46:38.597 [main] DEBUG com.zaxxer.hikari.HikariConfig - schema..........................none
2025-12-16 14:46:38.597 [main] DEBUG com.zaxxer.hikari.HikariConfig - threadFactory...................internal
2025-12-16 14:46:38.599 [main] DEBUG com.zaxxer.hikari.HikariConfig - transactionIsolation............default
2025-12-16 14:46:38.599 [main] DEBUG com.zaxxer.hikari.HikariConfig - username........................"root"
2025-12-16 14:46:38.599 [main] DEBUG com.zaxxer.hikari.HikariConfig - validationTimeout...............5000
2025-12-16 14:46:38.599 [main] INFO  com.zaxxer.hikari.HikariDataSource - HikariPool-1 - Starting...
2025-12-16 14:46:38.731 [main] INFO  com.zaxxer.hikari.pool.HikariPool - HikariPool-1 - Added connection com.mysql.cj.jdbc.ConnectionImpl@6c96403e
2025-12-16 14:46:38.732 [main] INFO  com.zaxxer.hikari.HikariDataSource - HikariPool-1 - Start completed.
2025-12-16 14:46:38.738 [main] INFO  o.s.b.a.h.H2ConsoleAutoConfiguration - H2 console available at '/h2-console'. Database available at 'jdbc:mysql://localhost:3306/mailbox_prod?useSSL=false&serverTimezone=UTC&characterEncoding=utf-8'
2025-12-16 14:46:38.808 [main] INFO  o.h.jpa.internal.util.LogHelper - HHH000204: Processing PersistenceUnitInfo [name: default]
2025-12-16 14:46:38.838 [HikariPool-1 housekeeper] DEBUG com.zaxxer.hikari.pool.HikariPool - HikariPool-1 - Before cleanup stats (total=1, active=0, idle=1, waiting=0)
2025-12-16 14:46:38.839 [HikariPool-1 housekeeper] DEBUG com.zaxxer.hikari.pool.HikariPool - HikariPool-1 - After cleanup  stats (total=1, active=0, idle=1, waiting=0)
2025-12-16 14:46:38.846 [HikariPool-1 connection adder] DEBUG com.zaxxer.hikari.pool.HikariPool - HikariPool-1 - Added connection com.mysql.cj.jdbc.ConnectionImpl@3208f6ec
2025-12-16 14:46:38.852 [main] INFO  org.hibernate.Version - HHH000412: Hibernate ORM core version 6.3.1.Final
2025-12-16 14:46:38.869 [HikariPool-1 connection adder] DEBUG com.zaxxer.hikari.pool.HikariPool - HikariPool-1 - After adding stats (total=2, active=0, idle=2, waiting=0)
2025-12-16 14:46:38.880 [main] INFO  o.h.c.i.RegionFactoryInitiator - HHH000026: Second-level cache disabled
2025-12-16 14:46:39.055 [main] INFO  o.s.o.j.p.SpringPersistenceUnitInfo - No LoadTimeWeaver setup: ignoring JPA class transformer
2025-12-16 14:46:39.107 [main] WARN  org.hibernate.orm.deprecation - HHH90000025: MySQL8Dialect does not need to be specified explicitly using 'hibernate.dialect' (remove the property setting and it will be selected by default)
2025-12-16 14:46:39.108 [main] WARN  org.hibernate.orm.deprecation - HHH90000026: MySQL8Dialect has been deprecated; use org.hibernate.dialect.MySQLDialect instead
2025-12-16 14:46:39.841 [main] INFO  o.h.e.t.j.p.i.JtaPlatformInitiator - HHH000489: No JTA platform available (set 'hibernate.transaction.jta.platform' to enable JTA platform integration)
2025-12-16 14:46:40.703 [main] INFO  o.s.o.j.LocalContainerEntityManagerFactoryBean - Initialized JPA EntityManagerFactory for persistence unit 'default'
2025-12-16 14:46:40.911 [main] INFO  o.s.d.j.r.query.QueryEnhancerFactory - Hibernate is in classpath; If applicable, HQL parser will be used.
2025-12-16 14:46:41.175 [main] DEBUG i.n.u.i.l.InternalLoggerFactory - Using SLF4J as the default logging framework
2025-12-16 14:46:41.179 [main] DEBUG i.l.c.r.AddressResolverGroupProvider - Starting with netty's non-blocking DNS resolver library
2025-12-16 14:46:41.202 [main] DEBUG i.n.util.internal.PlatformDependent0 - -Dio.netty.noUnsafe: false
2025-12-16 14:46:41.202 [main] DEBUG i.n.util.internal.PlatformDependent0 - Java version: 22
2025-12-16 14:46:41.202 [main] DEBUG i.n.util.internal.PlatformDependent0 - sun.misc.Unsafe.theUnsafe: available
2025-12-16 14:46:41.204 [main] DEBUG i.n.util.internal.PlatformDependent0 - sun.misc.Unsafe.copyMemory: available
2025-12-16 14:46:41.204 [main] DEBUG i.n.util.internal.PlatformDependent0 - sun.misc.Unsafe.storeFence: available
2025-12-16 14:46:41.205 [main] DEBUG i.n.util.internal.PlatformDependent0 - java.nio.Buffer.address: available
2025-12-16 14:46:41.211 [main] DEBUG i.n.util.internal.PlatformDependent0 - direct buffer constructor: unavailable: Reflective setAccessible(true) disabled
2025-12-16 14:46:41.211 [main] DEBUG i.n.util.internal.PlatformDependent0 - java.nio.Bits.unaligned: available, true
2025-12-16 14:46:41.212 [main] DEBUG i.n.util.internal.PlatformDependent0 - jdk.internal.misc.Unsafe.allocateUninitializedArray(int): unavailable: class io.netty.util.internal.PlatformDependent0$7 cannot access class jdk.internal.misc.Unsafe (in module java.base) because module java.base does not export jdk.internal.misc to unnamed module @58c1c010
2025-12-16 14:46:41.213 [main] DEBUG i.n.util.internal.PlatformDependent0 - java.nio.DirectByteBuffer.<init>(long, {int,long}): unavailable
2025-12-16 14:46:41.213 [main] DEBUG i.n.util.internal.PlatformDependent - sun.misc.Unsafe: available
2025-12-16 14:46:41.213 [main] DEBUG i.n.util.internal.PlatformDependent - -Dio.netty.tmpdir: C:\Users\ADMINI~1\AppData\Local\Temp (java.io.tmpdir)
2025-12-16 14:46:41.213 [main] DEBUG i.n.util.internal.PlatformDependent - -Dio.netty.bitMode: 64 (sun.arch.data.model)
2025-12-16 14:46:41.213 [main] DEBUG i.n.util.internal.PlatformDependent - Platform: Windows
2025-12-16 14:46:41.213 [main] DEBUG i.n.util.internal.PlatformDependent - -Dio.netty.maxDirectMemory: -1 bytes
2025-12-16 14:46:41.213 [main] DEBUG i.n.util.internal.PlatformDependent - -Dio.netty.uninitializedArrayAllocationThreshold: -1
2025-12-16 14:46:41.215 [main] DEBUG io.netty.util.internal.CleanerJava9 - java.nio.ByteBuffer.cleaner(): available
2025-12-16 14:46:41.215 [main] DEBUG i.n.util.internal.PlatformDependent - -Dio.netty.noPreferDirect: false
2025-12-16 14:46:41.222 [main] DEBUG io.netty.util.NetUtil - -Djava.net.preferIPv4Stack: false
2025-12-16 14:46:41.222 [main] DEBUG io.netty.util.NetUtil - -Djava.net.preferIPv6Addresses: false
2025-12-16 14:46:41.229 [main] DEBUG i.netty.util.NetUtilInitializations - Loopback interface: loopback_0 (Software Loopback Interface 1, 0:0:0:0:0:0:0:1)
2025-12-16 14:46:41.230 [main] DEBUG io.netty.util.NetUtil - Failed to get SOMAXCONN from sysctl and file \proc\sys\net\core\somaxconn. Default: 200
2025-12-16 14:46:41.231 [main] DEBUG i.netty.resolver.dns.DnsNameResolver - Default ResolvedAddressTypes: IPV4_PREFERRED
2025-12-16 14:46:41.231 [main] DEBUG i.netty.resolver.dns.DnsNameResolver - Localhost address: localhost/127.0.0.1
2025-12-16 14:46:41.237 [main] DEBUG i.netty.resolver.dns.DnsNameResolver - Windows hostname: User-2024PVQEOT
2025-12-16 14:46:41.240 [main] DEBUG i.netty.resolver.dns.DnsNameResolver - Default search domains: []
2025-12-16 14:46:41.242 [main] DEBUG i.netty.resolver.dns.DnsNameResolver - Default UnixResolverOptions{ndots=1, timeout=5, attempts=16}
2025-12-16 14:46:41.246 [main] DEBUG i.n.u.i.InternalThreadLocalMap - -Dio.netty.threadLocalMap.stringBuilder.initialSize: 1024
2025-12-16 14:46:41.247 [main] DEBUG i.n.u.i.InternalThreadLocalMap - -Dio.netty.threadLocalMap.stringBuilder.maxSize: 4096
2025-12-16 14:46:41.253 [main] DEBUG i.n.r.DefaultHostsFileEntriesResolver - -Dio.netty.hostsFileRefreshInterval: 0
2025-12-16 14:46:41.275 [main] DEBUG i.n.r.d.DefaultDnsServerAddressStreamProvider - Default DNS servers: [/10.71.211.219:53, /[240e:469:449:7083:0:0:0:87]:53] (sun.net.dns.ResolverConfiguration)
2025-12-16 14:46:41.277 [main] DEBUG i.l.core.resource.KqueueProvider - Starting without optional kqueue library
2025-12-16 14:46:41.278 [main] DEBUG i.l.core.resource.IOUringProvider - Starting without optional io_uring library
2025-12-16 14:46:41.292 [main] DEBUG i.l.core.resource.EpollProvider - Starting without optional epoll library
2025-12-16 14:46:41.307 [main] DEBUG i.l.c.r.DefaultClientResources - -Dio.netty.eventLoopThreads: 20
2025-12-16 14:46:41.313 [main] DEBUG i.l.c.r.DefaultEventLoopGroupProvider - Creating executor io.netty.util.concurrent.DefaultEventExecutorGroup
2025-12-16 14:46:41.322 [main] DEBUG i.n.u.concurrent.GlobalEventExecutor - -Dio.netty.globalEventExecutor.quietPeriodSeconds: 1
2025-12-16 14:46:41.329 [main] DEBUG io.netty.util.ResourceLeakDetector - -Dio.netty.leakDetection.level: simple
2025-12-16 14:46:41.330 [main] DEBUG io.netty.util.ResourceLeakDetector - -Dio.netty.leakDetection.targetRecords: 4
2025-12-16 14:46:41.330 [main] DEBUG i.n.util.ResourceLeakDetectorFactory - Loaded default ResourceLeakDetector: io.netty.util.ResourceLeakDetector@86e7c7a
2025-12-16 14:46:41.335 [main] DEBUG i.n.util.internal.PlatformDependent - org.jctools-core.MpscChunkedArrayQueue: available
2025-12-16 14:46:41.341 [main] DEBUG reactor.util.Loggers - Using Slf4j logging framework
2025-12-16 14:46:41.344 [main] DEBUG i.l.c.event.jfr.EventRecorderHolder - Starting with JFR support
2025-12-16 14:46:41.355 [main] DEBUG i.l.c.r.DefaultClientResources - LatencyUtils/HdrUtils are not available, metrics are disabled
2025-12-16 14:46:41.499 [main] DEBUG c.e.m.filter.JwtAuthenticationFilter - Filter 'jwtAuthenticationFilter' configured for use
2025-12-16 14:46:41.607 [Thread-1] INFO  c.e.m.server.EnhancedSmtpServer - 增强版SMTP服务器启动，监听端口：0.0.0.0:25
2025-12-16 14:46:41.609 [Thread-1] INFO  c.e.m.server.EnhancedSmtpServer - 配置参数：超时=60秒, 最大连接数=50, 最大邮件大小=10MB
2025-12-16 14:46:41.611 [Thread-2] INFO  c.e.m.server.EnhancedPop3Server - 增强版POP3服务器启动，监听端口：0.0.0.0:110
2025-12-16 14:46:41.612 [Thread-2] INFO  c.e.m.server.EnhancedPop3Server - 配置参数：超时=60秒, 最大连接数=30
2025-12-16 14:46:41.937 [main] WARN  o.s.b.a.o.j.JpaBaseConfiguration$JpaWebConfiguration - spring.jpa.open-in-view is enabled by default. Therefore, database queries may be performed during view rendering. Explicitly configure spring.jpa.open-in-view to disable this warning
2025-12-16 14:46:41.987 [main] DEBUG _.s.w.s.HandlerMapping.Mappings - 
	c.e.m.c.AdminController:
	{DELETE [/api/admin/blacklist/{id}]}: removeFromBlacklist(Long)
	{GET [/api/admin/blacklist]}: getBlacklist()
	{PUT [/api/admin/users/{id}/status]}: updateUserStatus(Long,Boolean)
	{GET [/api/admin/users]}: getAllUsers(int,int)
	{GET [/api/admin/server/status]}: getServerStatus()
	{POST [/api/admin/server/smtp/start]}: startSmtpServer()
	{POST [/api/admin/server/smtp/stop]}: stopSmtpServer()
	{POST [/api/admin/server/pop3/stop]}: stopPop3Server()
	{POST [/api/admin/blacklist]}: addToBlacklist(BlacklistRequest)
	{POST [/api/admin/server/pop3/start]}: startPop3Server()
	{GET [/api/admin/server/stats]}: getServerStats()
2025-12-16 14:46:41.995 [main] DEBUG _.s.w.s.HandlerMapping.Mappings - 
	c.e.m.c.AuthController:
	{POST [/api/auth/register]}: register(RegisterRequestDTO)
	{POST [/api/auth/logout]}: logout(String)
	{POST [/api/auth/login]}: login(LoginRequestDTO)
2025-12-16 14:46:41.998 [main] DEBUG _.s.w.s.HandlerMapping.Mappings - 
	c.e.m.c.GroupController:
	{POST [/api/groups]}: createGroup(Group)
	{GET [/api/groups/{groupId}/members]}: getMembers(Long,int,int)
	{POST [/api/groups/members]}: addMember(GroupMemberRequest)
	{GET [/api/groups/{groupId}]}: getGroup(Long)
	{PUT [/api/groups]}: updateGroup(Group)
	{GET [/api/groups/all]}: getAllGroups(int,int)
	{GET [/api/groups/{groupId}/member-count]}: getMemberCount(Long)
	{GET [/api/groups/search]}: searchGroups(String,int,int)
	{DELETE [/api/groups/{groupId}]}: deleteGroup(Long)
	{GET [/api/groups/joined]}: getJoinedGroups(int,int)
	{DELETE [/api/groups/{groupId}/members/{accountId}]}: removeMember(Long,Long)
	{GET [/api/groups/{groupId}/members/{accountId}/check]}: checkMember(Long,Long)
	{GET [/api/groups/created]}: getCreatedGroups(int,int)
2025-12-16 14:46:42.001 [main] DEBUG _.s.w.s.HandlerMapping.Mappings - 
	c.e.m.c.QueueController:
	{DELETE [/api/queue/clear]}: clearQueue()
	{GET [/api/queue/status]}: getQueueStatus()
	{POST [/api/queue/resend/{queueId}]}: resendEmail(Long)
	{POST [/api/queue/process]}: processQueue()
2025-12-16 14:46:42.002 [main] DEBUG _.s.w.s.HandlerMapping.Mappings - 
	c.e.m.c.UserController:
	{GET [/api/users/profile]}: getProfile(HttpServletRequest)
	{PUT [/api/users/profile]}: updateProfile(Account,HttpServletRequest)
	{PUT [/api/users/password]}: changePassword(PasswordChangeRequest,HttpServletRequest)
2025-12-16 14:46:42.004 [main] DEBUG _.s.w.s.HandlerMapping.Mappings - 
	o.s.b.a.w.s.e.BasicErrorController:
	{ [/error]}: error(HttpServletRequest)
	{ [/error], produces [text/html]}: errorHtml(HttpServletRequest,HttpServletResponse)
2025-12-16 14:46:42.015 [main] DEBUG _.s.w.s.HandlerMapping.Mappings - 
	o.s.w.a.OpenApiWebMvcResource:
	{GET [/v3/api-docs], produces [application/json]}: openapiJson(HttpServletRequest,String,Locale)
	{GET [/v3/api-docs.yaml], produces [application/vnd.oai.openapi]}: openapiYaml(HttpServletRequest,String,Locale)
2025-12-16 14:46:42.017 [main] DEBUG _.s.w.s.HandlerMapping.Mappings - 
	o.s.w.u.SwaggerWelcomeWebMvc:
	{GET [/swagger-ui.html]}: redirectToUi(HttpServletRequest)
2025-12-16 14:46:42.017 [main] DEBUG _.s.w.s.HandlerMapping.Mappings - 
	o.s.w.u.SwaggerConfigResource:
	{GET [/v3/api-docs/swagger-config], produces [application/json]}: openapiJson(HttpServletRequest)
2025-12-16 14:46:42.025 [main] DEBUG _.s.w.s.HandlerMapping.Mappings - 'beanNameHandlerMapping' {}
2025-12-16 14:46:42.044 [main] DEBUG _.s.w.s.HandlerMapping.Mappings - 'resourceHandlerMapping' {/webjars/**=ResourceHttpRequestHandler [classpath [META-INF/resources/webjars/]], /**=ResourceHttpRequestHandler [classpath [META-INF/resources/], classpath [resources/], classpath [static/], classpath [public/], ServletContext [/]], /swagger-ui*/*swagger-initializer.js=ResourceHttpRequestHandler [classpath [META-INF/resources/webjars/]], /swagger-ui*/**=ResourceHttpRequestHandler [classpath [META-INF/resources/webjars/]]}
2025-12-16 14:46:42.318 [main] INFO  o.s.s.web.DefaultSecurityFilterChain - Will secure any request with [org.springframework.security.web.session.DisableEncodeUrlFilter@5cb63d05, org.springframework.security.web.context.request.async.WebAsyncManagerIntegrationFilter@656ac24, org.springframework.security.web.context.SecurityContextHolderFilter@3ed3bfcb, org.springframework.security.web.header.HeaderWriterFilter@2c45de6e, org.springframework.web.filter.CorsFilter@1d7d2345, org.springframework.security.web.csrf.CsrfFilter@523c4a6d, org.springframework.security.web.authentication.logout.LogoutFilter@6fb03f5, org.springframework.security.web.authentication.UsernamePasswordAuthenticationFilter@5aa345a5, org.springframework.security.web.authentication.ui.DefaultLoginPageGeneratingFilter@29fccabd, org.springframework.security.web.authentication.ui.DefaultLogoutPageGeneratingFilter@47861e3c, org.springframework.security.web.authentication.www.BasicAuthenticationFilter@2e7e9897, org.springframework.security.web.savedrequest.RequestCacheAwareFilter@2c9ecf5, org.springframework.security.web.servletapi.SecurityContextHolderAwareRequestFilter@1368a7d9, org.springframework.security.web.authentication.AnonymousAuthenticationFilter@1618b4fa, org.springframework.security.web.access.ExceptionTranslationFilter@3e4162ee, org.springframework.security.web.access.intercept.AuthorizationFilter@38dfbd6e]
2025-12-16 14:46:42.347 [main] DEBUG reactor.netty.tcp.TcpResources - [http] resources will use the default LoopResources: DefaultLoopResources {prefix=reactor-http, daemon=true, selectCount=20, workerCount=20}
2025-12-16 14:46:42.347 [main] DEBUG reactor.netty.tcp.TcpResources - [http] resources will use the default ConnectionProvider: reactor.netty.resources.DefaultPooledConnectionProvider@254ed9ba
2025-12-16 14:46:42.359 [main] INFO  o.a.coyote.http11.Http11NioProtocol - Starting ProtocolHandler ["http-nio-8000"]
2025-12-16 14:46:42.362 [main] DEBUG io.lettuce.core.AbstractRedisClient - Initiate shutdown (100, 100, MILLISECONDS)
2025-12-16 14:46:42.373 [main] WARN  o.s.b.w.s.c.AnnotationConfigServletWebServerApplicationContext - Exception encountered during context initialization - cancelling refresh attempt: org.springframework.context.ApplicationContextException: Failed to start bean 'webServerStartStop'
2025-12-16 14:46:42.375 [main] INFO  c.e.m.server.EnhancedPop3Server - 增强版POP3监听已停止，释放端口：0.0.0.0:110
2025-12-16 14:46:42.375 [main] INFO  c.e.m.server.EnhancedSmtpServer - 增强版SMTP监听已停止，释放端口：0.0.0.0:25
2025-12-16 14:46:42.376 [main] DEBUG i.l.c.r.DefaultClientResources - Initiate shutdown (0, 2, SECONDS)
2025-12-16 14:46:42.378 [main] DEBUG i.l.c.r.DefaultEventLoopGroupProvider - Initiate shutdown (0, 2, SECONDS)
2025-12-16 14:46:42.381 [main] INFO  o.s.o.j.LocalContainerEntityManagerFactoryBean - Closing JPA EntityManagerFactory for persistence unit 'default'
2025-12-16 14:46:42.383 [main] INFO  com.zaxxer.hikari.HikariDataSource - HikariPool-1 - Shutdown initiated...
2025-12-16 14:46:42.383 [main] DEBUG com.zaxxer.hikari.pool.HikariPool - HikariPool-1 - Before shutdown stats (total=2, active=0, idle=2, waiting=0)
2025-12-16 14:46:42.384 [HikariPool-1 connection closer] DEBUG com.zaxxer.hikari.pool.PoolBase - HikariPool-1 - Closing connection com.mysql.cj.jdbc.ConnectionImpl@6c96403e: (connection evicted)
2025-12-16 14:46:42.387 [HikariPool-1 connection closer] DEBUG com.zaxxer.hikari.pool.PoolBase - HikariPool-1 - Closing connection com.mysql.cj.jdbc.ConnectionImpl@3208f6ec: (connection evicted)
2025-12-16 14:46:42.388 [main] DEBUG com.zaxxer.hikari.pool.HikariPool - HikariPool-1 - After shutdown stats (total=0, active=0, idle=0, waiting=0)
2025-12-16 14:46:42.388 [main] INFO  com.zaxxer.hikari.HikariDataSource - HikariPool-1 - Shutdown completed.
2025-12-16 14:46:42.396 [main] INFO  o.s.b.a.l.ConditionEvaluationReportLogger - 

Error starting ApplicationContext. To display the condition evaluation report re-run your application with 'debug' enabled.
2025-12-16 14:46:42.408 [main] ERROR o.s.b.d.LoggingFailureAnalysisReporter - 

***************************
APPLICATION FAILED TO START
***************************

Description:

Web server failed to start. Port 8000 was already in use.

Action:

Identify and stop the process that's listening on port 8000 or configure this application to listen on another port.

2025-12-16 14:47:34.952 [background-preinit] DEBUG org.jboss.logging - Logging Provider: org.jboss.logging.Slf4jLoggerProvider found via system property
2025-12-16 14:47:34.954 [background-preinit] INFO  o.h.validator.internal.util.Version - HV000001: Hibernate Validator 8.0.1.Final
2025-12-16 14:47:35.026 [main] INFO  c.example.mailbox.MailboxApplication - Starting MailboxApplication using Java 22.0.2 with PID 20320 (C:\Users\Administrator\Desktop\计网实验\SMTPService\target\classes started by Administrator in C:\Users\Administrator\Desktop\计网实验\SMTPService)
2025-12-16 14:47:35.027 [main] DEBUG c.example.mailbox.MailboxApplication - Running with Spring Boot v3.2.0, Spring v6.1.1
2025-12-16 14:47:35.027 [main] INFO  c.example.mailbox.MailboxApplication - The following 1 profile is active: "dev"
2025-12-16 14:47:35.700 [main] INFO  o.s.d.r.c.RepositoryConfigurationDelegate - Multiple Spring Data modules found, entering strict repository configuration mode
2025-12-16 14:47:35.701 [main] INFO  o.s.d.r.c.RepositoryConfigurationDelegate - Bootstrapping Spring Data JPA repositories in DEFAULT mode.
2025-12-16 14:47:35.851 [main] INFO  o.s.d.r.c.RepositoryConfigurationDelegate - Finished Spring Data repository scanning in 143 ms. Found 9 JPA repository interfaces.
2025-12-16 14:47:35.873 [main] INFO  o.s.d.r.c.RepositoryConfigurationDelegate - Multiple Spring Data modules found, entering strict repository configuration mode
2025-12-16 14:47:35.874 [main] INFO  o.s.d.r.c.RepositoryConfigurationDelegate - Bootstrapping Spring Data Redis repositories in DEFAULT mode.
2025-12-16 14:47:35.886 [main] INFO  o.s.d.r.c.RepositoryConfigurationExtensionSupport - Spring Data Redis - Could not safely identify store assignment for repository candidate interface com.example.mailbox.repository.AttachmentRepository; If you want this repository to be a Redis repository, consider annotating your entities with one of these annotations: org.springframework.data.redis.core.RedisHash (preferred), or consider extending one of the following types with your repository: org.springframework.data.keyvalue.repository.KeyValueRepository
2025-12-16 14:47:35.887 [main] INFO  o.s.d.r.c.RepositoryConfigurationExtensionSupport - Spring Data Redis - Could not safely identify store assignment for repository candidate interface com.example.mailbox.repository.BlacklistRepository; If you want this repository to be a Redis repository, consider annotating your entities with one of these annotations: org.springframework.data.redis.core.RedisHash (preferred), or consider extending one of the following types with your repository: org.springframework.data.keyvalue.repository.KeyValueRepository
2025-12-16 14:47:35.887 [main] INFO  o.s.d.r.c.RepositoryConfigurationExtensionSupport - Spring Data Redis - Could not safely identify store assignment for repository candidate interface com.example.mailbox.repository.EmailQueueRepository; If you want this repository to be a Redis repository, consider annotating your entities with one of these annotations: org.springframework.data.redis.core.RedisHash (preferred), or consider extending one of the following types with your repository: org.springframework.data.keyvalue.repository.KeyValueRepository
2025-12-16 14:47:35.887 [main] INFO  o.s.d.r.c.RepositoryConfigurationExtensionSupport - Spring Data Redis - Could not safely identify store assignment for repository candidate interface com.example.mailbox.repository.EmailRepository; If you want this repository to be a Redis repository, consider annotating your entities with one of these annotations: org.springframework.data.redis.core.RedisHash (preferred), or consider extending one of the following types with your repository: org.springframework.data.keyvalue.repository.KeyValueRepository
2025-12-16 14:47:35.887 [main] INFO  o.s.d.r.c.RepositoryConfigurationExtensionSupport - Spring Data Redis - Could not safely identify store assignment for repository candidate interface com.example.mailbox.repository.GroupMemberRepository; If you want this repository to be a Redis repository, consider annotating your entities with one of these annotations: org.springframework.data.redis.core.RedisHash (preferred), or consider extending one of the following types with your repository: org.springframework.data.keyvalue.repository.KeyValueRepository
2025-12-16 14:47:35.888 [main] INFO  o.s.d.r.c.RepositoryConfigurationExtensionSupport - Spring Data Redis - Could not safely identify store assignment for repository candidate interface com.example.mailbox.repository.GroupRepository; If you want this repository to be a Redis repository, consider annotating your entities with one of these annotations: org.springframework.data.redis.core.RedisHash (preferred), or consider extending one of the following types with your repository: org.springframework.data.keyvalue.repository.KeyValueRepository
2025-12-16 14:47:35.888 [main] INFO  o.s.d.r.c.RepositoryConfigurationExtensionSupport - Spring Data Redis - Could not safely identify store assignment for repository candidate interface com.example.mailbox.repository.ServerConfigRepository; If you want this repository to be a Redis repository, consider annotating your entities with one of these annotations: org.springframework.data.redis.core.RedisHash (preferred), or consider extending one of the following types with your repository: org.springframework.data.keyvalue.repository.KeyValueRepository
2025-12-16 14:47:35.888 [main] INFO  o.s.d.r.c.RepositoryConfigurationExtensionSupport - Spring Data Redis - Could not safely identify store assignment for repository candidate interface com.example.mailbox.repository.SystemLogRepository; If you want this repository to be a Redis repository, consider annotating your entities with one of these annotations: org.springframework.data.redis.core.RedisHash (preferred), or consider extending one of the following types with your repository: org.springframework.data.keyvalue.repository.KeyValueRepository
2025-12-16 14:47:35.888 [main] INFO  o.s.d.r.c.RepositoryConfigurationExtensionSupport - Spring Data Redis - Could not safely identify store assignment for repository candidate interface com.example.mailbox.repository.UserRepository; If you want this repository to be a Redis repository, consider annotating your entities with one of these annotations: org.springframework.data.redis.core.RedisHash (preferred), or consider extending one of the following types with your repository: org.springframework.data.keyvalue.repository.KeyValueRepository
2025-12-16 14:47:35.889 [main] INFO  o.s.d.r.c.RepositoryConfigurationDelegate - Finished Spring Data repository scanning in 8 ms. Found 0 Redis repository interfaces.
2025-12-16 14:47:36.457 [main] INFO  o.s.b.w.e.tomcat.TomcatWebServer - Tomcat initialized with port 8000 (http)
2025-12-16 14:47:36.464 [main] INFO  o.a.coyote.http11.Http11NioProtocol - Initializing ProtocolHandler ["http-nio-8000"]
2025-12-16 14:47:36.467 [main] INFO  o.a.catalina.core.StandardService - Starting service [Tomcat]
2025-12-16 14:47:36.467 [main] INFO  o.a.catalina.core.StandardEngine - Starting Servlet engine: [Apache Tomcat/10.1.16]
2025-12-16 14:47:36.546 [main] INFO  o.a.c.c.C.[Tomcat].[localhost].[/] - Initializing Spring embedded WebApplicationContext
2025-12-16 14:47:36.546 [main] INFO  o.s.b.w.s.c.ServletWebServerApplicationContext - Root WebApplicationContext: initialization completed in 1485 ms
2025-12-16 14:47:36.559 [main] DEBUG com.zaxxer.hikari.HikariConfig - Driver class com.mysql.cj.jdbc.Driver found in Thread context class loader jdk.internal.loader.ClassLoaders$AppClassLoader@6bc7c054
2025-12-16 14:47:36.574 [main] DEBUG com.zaxxer.hikari.HikariConfig - HikariPool-1 - configuration:
2025-12-16 14:47:36.577 [main] DEBUG com.zaxxer.hikari.HikariConfig - allowPoolSuspension.............false
2025-12-16 14:47:36.577 [main] DEBUG com.zaxxer.hikari.HikariConfig - autoCommit......................true
2025-12-16 14:47:36.577 [main] DEBUG com.zaxxer.hikari.HikariConfig - catalog.........................none
2025-12-16 14:47:36.577 [main] DEBUG com.zaxxer.hikari.HikariConfig - connectionInitSql...............none
2025-12-16 14:47:36.577 [main] DEBUG com.zaxxer.hikari.HikariConfig - connectionTestQuery.............none
2025-12-16 14:47:36.578 [main] DEBUG com.zaxxer.hikari.HikariConfig - connectionTimeout...............30000
2025-12-16 14:47:36.578 [main] DEBUG com.zaxxer.hikari.HikariConfig - dataSource......................none
2025-12-16 14:47:36.578 [main] DEBUG com.zaxxer.hikari.HikariConfig - dataSourceClassName.............none
2025-12-16 14:47:36.578 [main] DEBUG com.zaxxer.hikari.HikariConfig - dataSourceJNDI..................none
2025-12-16 14:47:36.578 [main] DEBUG com.zaxxer.hikari.HikariConfig - dataSourceProperties............{password=<masked>}
2025-12-16 14:47:36.578 [main] DEBUG com.zaxxer.hikari.HikariConfig - driverClassName................."com.mysql.cj.jdbc.Driver"
2025-12-16 14:47:36.578 [main] DEBUG com.zaxxer.hikari.HikariConfig - exceptionOverrideClassName......none
2025-12-16 14:47:36.578 [main] DEBUG com.zaxxer.hikari.HikariConfig - healthCheckProperties...........{}
2025-12-16 14:47:36.578 [main] DEBUG com.zaxxer.hikari.HikariConfig - healthCheckRegistry.............none
2025-12-16 14:47:36.578 [main] DEBUG com.zaxxer.hikari.HikariConfig - idleTimeout.....................600000
2025-12-16 14:47:36.578 [main] DEBUG com.zaxxer.hikari.HikariConfig - initializationFailTimeout.......1
2025-12-16 14:47:36.579 [main] DEBUG com.zaxxer.hikari.HikariConfig - isolateInternalQueries..........false
2025-12-16 14:47:36.579 [main] DEBUG com.zaxxer.hikari.HikariConfig - jdbcUrl.........................jdbc:mysql://localhost:3306/mailbox_prod?useSSL=false&serverTimezone=UTC&characterEncoding=utf-8
2025-12-16 14:47:36.579 [main] DEBUG com.zaxxer.hikari.HikariConfig - keepaliveTime...................0
2025-12-16 14:47:36.579 [main] DEBUG com.zaxxer.hikari.HikariConfig - leakDetectionThreshold..........0
2025-12-16 14:47:36.579 [main] DEBUG com.zaxxer.hikari.HikariConfig - maxLifetime.....................1800000
2025-12-16 14:47:36.579 [main] DEBUG com.zaxxer.hikari.HikariConfig - maximumPoolSize.................5
2025-12-16 14:47:36.579 [main] DEBUG com.zaxxer.hikari.HikariConfig - metricRegistry..................none
2025-12-16 14:47:36.579 [main] DEBUG com.zaxxer.hikari.HikariConfig - metricsTrackerFactory...........none
2025-12-16 14:47:36.579 [main] DEBUG com.zaxxer.hikari.HikariConfig - minimumIdle.....................2
2025-12-16 14:47:36.579 [main] DEBUG com.zaxxer.hikari.HikariConfig - password........................<masked>
2025-12-16 14:47:36.579 [main] DEBUG com.zaxxer.hikari.HikariConfig - poolName........................"HikariPool-1"
2025-12-16 14:47:36.579 [main] DEBUG com.zaxxer.hikari.HikariConfig - readOnly........................false
2025-12-16 14:47:36.579 [main] DEBUG com.zaxxer.hikari.HikariConfig - registerMbeans..................false
2025-12-16 14:47:36.580 [main] DEBUG com.zaxxer.hikari.HikariConfig - scheduledExecutor...............none
2025-12-16 14:47:36.580 [main] DEBUG com.zaxxer.hikari.HikariConfig - schema..........................none
2025-12-16 14:47:36.580 [main] DEBUG com.zaxxer.hikari.HikariConfig - threadFactory...................internal
2025-12-16 14:47:36.580 [main] DEBUG com.zaxxer.hikari.HikariConfig - transactionIsolation............default
2025-12-16 14:47:36.580 [main] DEBUG com.zaxxer.hikari.HikariConfig - username........................"root"
2025-12-16 14:47:36.580 [main] DEBUG com.zaxxer.hikari.HikariConfig - validationTimeout...............5000
2025-12-16 14:47:36.580 [main] INFO  com.zaxxer.hikari.HikariDataSource - HikariPool-1 - Starting...
2025-12-16 14:47:36.727 [main] INFO  com.zaxxer.hikari.pool.HikariPool - HikariPool-1 - Added connection com.mysql.cj.jdbc.ConnectionImpl@7ef8e623
2025-12-16 14:47:36.728 [main] INFO  com.zaxxer.hikari.HikariDataSource - HikariPool-1 - Start completed.
2025-12-16 14:47:36.735 [main] INFO  o.s.b.a.h.H2ConsoleAutoConfiguration - H2 console available at '/h2-console'. Database available at 'jdbc:mysql://localhost:3306/mailbox_prod?useSSL=false&serverTimezone=UTC&characterEncoding=utf-8'
2025-12-16 14:47:36.824 [main] INFO  o.h.jpa.internal.util.LogHelper - HHH000204: Processing PersistenceUnitInfo [name: default]
2025-12-16 14:47:36.843 [HikariPool-1 housekeeper] DEBUG com.zaxxer.hikari.pool.HikariPool - HikariPool-1 - Before cleanup stats (total=1, active=0, idle=1, waiting=0)
2025-12-16 14:47:36.844 [HikariPool-1 housekeeper] DEBUG com.zaxxer.hikari.pool.HikariPool - HikariPool-1 - After cleanup  stats (total=1, active=0, idle=1, waiting=0)
2025-12-16 14:47:36.852 [HikariPool-1 connection adder] DEBUG com.zaxxer.hikari.pool.HikariPool - HikariPool-1 - Added connection com.mysql.cj.jdbc.ConnectionImpl@5efb380a
2025-12-16 14:47:36.874 [HikariPool-1 connection adder] DEBUG com.zaxxer.hikari.pool.HikariPool - HikariPool-1 - After adding stats (total=2, active=0, idle=2, waiting=0)
2025-12-16 14:47:36.877 [main] INFO  org.hibernate.Version - HHH000412: Hibernate ORM core version 6.3.1.Final
2025-12-16 14:47:36.905 [main] INFO  o.h.c.i.RegionFactoryInitiator - HHH000026: Second-level cache disabled
2025-12-16 14:47:37.086 [main] INFO  o.s.o.j.p.SpringPersistenceUnitInfo - No LoadTimeWeaver setup: ignoring JPA class transformer
2025-12-16 14:47:37.137 [main] WARN  org.hibernate.orm.deprecation - HHH90000025: MySQL8Dialect does not need to be specified explicitly using 'hibernate.dialect' (remove the property setting and it will be selected by default)
2025-12-16 14:47:37.138 [main] WARN  org.hibernate.orm.deprecation - HHH90000026: MySQL8Dialect has been deprecated; use org.hibernate.dialect.MySQLDialect instead
2025-12-16 14:47:38.021 [main] INFO  o.h.e.t.j.p.i.JtaPlatformInitiator - HHH000489: No JTA platform available (set 'hibernate.transaction.jta.platform' to enable JTA platform integration)
2025-12-16 14:47:38.121 [main] INFO  o.s.o.j.LocalContainerEntityManagerFactoryBean - Initialized JPA EntityManagerFactory for persistence unit 'default'
2025-12-16 14:47:38.352 [main] INFO  o.s.d.j.r.query.QueryEnhancerFactory - Hibernate is in classpath; If applicable, HQL parser will be used.
2025-12-16 14:47:38.645 [main] DEBUG i.n.u.i.l.InternalLoggerFactory - Using SLF4J as the default logging framework
2025-12-16 14:47:38.649 [main] DEBUG i.l.c.r.AddressResolverGroupProvider - Starting with netty's non-blocking DNS resolver library
2025-12-16 14:47:38.669 [main] DEBUG i.n.util.internal.PlatformDependent0 - -Dio.netty.noUnsafe: false
2025-12-16 14:47:38.669 [main] DEBUG i.n.util.internal.PlatformDependent0 - Java version: 22
2025-12-16 14:47:38.670 [main] DEBUG i.n.util.internal.PlatformDependent0 - sun.misc.Unsafe.theUnsafe: available
2025-12-16 14:47:38.671 [main] DEBUG i.n.util.internal.PlatformDependent0 - sun.misc.Unsafe.copyMemory: available
2025-12-16 14:47:38.671 [main] DEBUG i.n.util.internal.PlatformDependent0 - sun.misc.Unsafe.storeFence: available
2025-12-16 14:47:38.672 [main] DEBUG i.n.util.internal.PlatformDependent0 - java.nio.Buffer.address: available
2025-12-16 14:47:38.672 [main] DEBUG i.n.util.internal.PlatformDependent0 - direct buffer constructor: unavailable: Reflective setAccessible(true) disabled
2025-12-16 14:47:38.673 [main] DEBUG i.n.util.internal.PlatformDependent0 - java.nio.Bits.unaligned: available, true
2025-12-16 14:47:38.673 [main] DEBUG i.n.util.internal.PlatformDependent0 - jdk.internal.misc.Unsafe.allocateUninitializedArray(int): unavailable: class io.netty.util.internal.PlatformDependent0$7 cannot access class jdk.internal.misc.Unsafe (in module java.base) because module java.base does not export jdk.internal.misc to unnamed module @58c1c010
2025-12-16 14:47:38.674 [main] DEBUG i.n.util.internal.PlatformDependent0 - java.nio.DirectByteBuffer.<init>(long, {int,long}): unavailable
2025-12-16 14:47:38.674 [main] DEBUG i.n.util.internal.PlatformDependent - sun.misc.Unsafe: available
2025-12-16 14:47:38.674 [main] DEBUG i.n.util.internal.PlatformDependent - -Dio.netty.tmpdir: C:\Users\ADMINI~1\AppData\Local\Temp (java.io.tmpdir)
2025-12-16 14:47:38.674 [main] DEBUG i.n.util.internal.PlatformDependent - -Dio.netty.bitMode: 64 (sun.arch.data.model)
2025-12-16 14:47:38.675 [main] DEBUG i.n.util.internal.PlatformDependent - Platform: Windows
2025-12-16 14:47:38.675 [main] DEBUG i.n.util.internal.PlatformDependent - -Dio.netty.maxDirectMemory: -1 bytes
2025-12-16 14:47:38.675 [main] DEBUG i.n.util.internal.PlatformDependent - -Dio.netty.uninitializedArrayAllocationThreshold: -1
2025-12-16 14:47:38.676 [main] DEBUG io.netty.util.internal.CleanerJava9 - java.nio.ByteBuffer.cleaner(): available
2025-12-16 14:47:38.676 [main] DEBUG i.n.util.internal.PlatformDependent - -Dio.netty.noPreferDirect: false
2025-12-16 14:47:38.679 [main] DEBUG io.netty.util.NetUtil - -Djava.net.preferIPv4Stack: false
2025-12-16 14:47:38.680 [main] DEBUG io.netty.util.NetUtil - -Djava.net.preferIPv6Addresses: false
2025-12-16 14:47:38.685 [main] DEBUG i.netty.util.NetUtilInitializations - Loopback interface: loopback_0 (Software Loopback Interface 1, 0:0:0:0:0:0:0:1)
2025-12-16 14:47:38.687 [main] DEBUG io.netty.util.NetUtil - Failed to get SOMAXCONN from sysctl and file \proc\sys\net\core\somaxconn. Default: 200
2025-12-16 14:47:38.687 [main] DEBUG i.netty.resolver.dns.DnsNameResolver - Default ResolvedAddressTypes: IPV4_PREFERRED
2025-12-16 14:47:38.687 [main] DEBUG i.netty.resolver.dns.DnsNameResolver - Localhost address: localhost/127.0.0.1
2025-12-16 14:47:38.696 [main] DEBUG i.netty.resolver.dns.DnsNameResolver - Windows hostname: User-2024PVQEOT
2025-12-16 14:47:38.698 [main] DEBUG i.netty.resolver.dns.DnsNameResolver - Default search domains: []
2025-12-16 14:47:38.700 [main] DEBUG i.netty.resolver.dns.DnsNameResolver - Default UnixResolverOptions{ndots=1, timeout=5, attempts=16}
2025-12-16 14:47:38.703 [main] DEBUG i.n.u.i.InternalThreadLocalMap - -Dio.netty.threadLocalMap.stringBuilder.initialSize: 1024
2025-12-16 14:47:38.703 [main] DEBUG i.n.u.i.InternalThreadLocalMap - -Dio.netty.threadLocalMap.stringBuilder.maxSize: 4096
2025-12-16 14:47:38.710 [main] DEBUG i.n.r.DefaultHostsFileEntriesResolver - -Dio.netty.hostsFileRefreshInterval: 0
2025-12-16 14:47:38.732 [main] DEBUG i.n.r.d.DefaultDnsServerAddressStreamProvider - Default DNS servers: [/10.71.211.219:53, /[240e:469:449:7083:0:0:0:87]:53] (sun.net.dns.ResolverConfiguration)
2025-12-16 14:47:38.734 [main] DEBUG i.l.core.resource.KqueueProvider - Starting without optional kqueue library
2025-12-16 14:47:38.736 [main] DEBUG i.l.core.resource.IOUringProvider - Starting without optional io_uring library
2025-12-16 14:47:38.761 [main] DEBUG i.l.core.resource.EpollProvider - Starting without optional epoll library
2025-12-16 14:47:38.773 [main] DEBUG i.l.c.r.DefaultClientResources - -Dio.netty.eventLoopThreads: 20
2025-12-16 14:47:38.779 [main] DEBUG i.l.c.r.DefaultEventLoopGroupProvider - Creating executor io.netty.util.concurrent.DefaultEventExecutorGroup
2025-12-16 14:47:38.788 [main] DEBUG i.n.u.concurrent.GlobalEventExecutor - -Dio.netty.globalEventExecutor.quietPeriodSeconds: 1
2025-12-16 14:47:38.796 [main] DEBUG io.netty.util.ResourceLeakDetector - -Dio.netty.leakDetection.level: simple
2025-12-16 14:47:38.796 [main] DEBUG io.netty.util.ResourceLeakDetector - -Dio.netty.leakDetection.targetRecords: 4
2025-12-16 14:47:38.796 [main] DEBUG i.n.util.ResourceLeakDetectorFactory - Loaded default ResourceLeakDetector: io.netty.util.ResourceLeakDetector@6d17cd8b
2025-12-16 14:47:38.802 [main] DEBUG i.n.util.internal.PlatformDependent - org.jctools-core.MpscChunkedArrayQueue: available
2025-12-16 14:47:38.810 [main] DEBUG reactor.util.Loggers - Using Slf4j logging framework
2025-12-16 14:47:38.813 [main] DEBUG i.l.c.event.jfr.EventRecorderHolder - Starting with JFR support
2025-12-16 14:47:38.824 [main] DEBUG i.l.c.r.DefaultClientResources - LatencyUtils/HdrUtils are not available, metrics are disabled
2025-12-16 14:47:38.994 [main] DEBUG c.e.m.filter.JwtAuthenticationFilter - Filter 'jwtAuthenticationFilter' configured for use
2025-12-16 14:47:39.112 [Thread-1] INFO  c.e.m.server.EnhancedSmtpServer - 增强版SMTP服务器启动，监听端口：0.0.0.0:25
2025-12-16 14:47:39.113 [Thread-1] INFO  c.e.m.server.EnhancedSmtpServer - 配置参数：超时=60秒, 最大连接数=50, 最大邮件大小=10MB
2025-12-16 14:47:39.121 [Thread-2] INFO  c.e.m.server.EnhancedPop3Server - 增强版POP3服务器启动，监听端口：0.0.0.0:110
2025-12-16 14:47:39.122 [Thread-2] INFO  c.e.m.server.EnhancedPop3Server - 配置参数：超时=60秒, 最大连接数=30
2025-12-16 14:47:39.534 [main] WARN  o.s.b.a.o.j.JpaBaseConfiguration$JpaWebConfiguration - spring.jpa.open-in-view is enabled by default. Therefore, database queries may be performed during view rendering. Explicitly configure spring.jpa.open-in-view to disable this warning
2025-12-16 14:47:39.600 [main] DEBUG _.s.w.s.HandlerMapping.Mappings - 
	c.e.m.c.AdminController:
	{POST [/api/admin/server/pop3/stop]}: stopPop3Server()
	{POST [/api/admin/server/smtp/stop]}: stopSmtpServer()
	{POST [/api/admin/server/pop3/start]}: startPop3Server()
	{GET [/api/admin/server/stats]}: getServerStats()
	{POST [/api/admin/blacklist]}: addToBlacklist(BlacklistRequest)
	{GET [/api/admin/server/status]}: getServerStatus()
	{GET [/api/admin/blacklist]}: getBlacklist()
	{POST [/api/admin/server/smtp/start]}: startSmtpServer()
	{GET [/api/admin/users]}: getAllUsers(int,int)
	{PUT [/api/admin/users/{id}/status]}: updateUserStatus(Long,Boolean)
	{DELETE [/api/admin/blacklist/{id}]}: removeFromBlacklist(Long)
2025-12-16 14:47:39.608 [main] DEBUG _.s.w.s.HandlerMapping.Mappings - 
	c.e.m.c.AuthController:
	{POST [/api/auth/register]}: register(RegisterRequestDTO)
	{POST [/api/auth/logout]}: logout(String)
	{POST [/api/auth/login]}: login(LoginRequestDTO)
2025-12-16 14:47:39.613 [main] DEBUG _.s.w.s.HandlerMapping.Mappings - 
	c.e.m.c.GroupController:
	{POST [/api/groups]}: createGroup(Group)
	{GET [/api/groups/{groupId}/members]}: getMembers(Long,int,int)
	{GET [/api/groups/created]}: getCreatedGroups(int,int)
	{PUT [/api/groups]}: updateGroup(Group)
	{GET [/api/groups/search]}: searchGroups(String,int,int)
	{GET [/api/groups/{groupId}/member-count]}: getMemberCount(Long)
	{DELETE [/api/groups/{groupId}]}: deleteGroup(Long)
	{GET [/api/groups/{groupId}/members/{accountId}/check]}: checkMember(Long,Long)
	{GET [/api/groups/all]}: getAllGroups(int,int)
	{DELETE [/api/groups/{groupId}/members/{accountId}]}: removeMember(Long,Long)
	{GET [/api/groups/joined]}: getJoinedGroups(int,int)
	{GET [/api/groups/{groupId}]}: getGroup(Long)
	{POST [/api/groups/members]}: addMember(GroupMemberRequest)
2025-12-16 14:47:39.618 [main] DEBUG _.s.w.s.HandlerMapping.Mappings - 
	c.e.m.c.QueueController:
	{GET [/api/queue/status]}: getQueueStatus()
	{POST [/api/queue/resend/{queueId}]}: resendEmail(Long)
	{POST [/api/queue/process]}: processQueue()
	{DELETE [/api/queue/clear]}: clearQueue()
2025-12-16 14:47:39.619 [main] DEBUG _.s.w.s.HandlerMapping.Mappings - 
	c.e.m.c.UserController:
	{GET [/api/users/profile]}: getProfile(HttpServletRequest)
	{PUT [/api/users/profile]}: updateProfile(Account,HttpServletRequest)
	{PUT [/api/users/password]}: changePassword(PasswordChangeRequest,HttpServletRequest)
2025-12-16 14:47:39.624 [main] DEBUG _.s.w.s.HandlerMapping.Mappings - 
	o.s.b.a.w.s.e.BasicErrorController:
	{ [/error]}: error(HttpServletRequest)
	{ [/error], produces [text/html]}: errorHtml(HttpServletRequest,HttpServletResponse)
2025-12-16 14:47:39.635 [main] DEBUG _.s.w.s.HandlerMapping.Mappings - 
	o.s.w.a.OpenApiWebMvcResource:
	{GET [/v3/api-docs], produces [application/json]}: openapiJson(HttpServletRequest,String,Locale)
	{GET [/v3/api-docs.yaml], produces [application/vnd.oai.openapi]}: openapiYaml(HttpServletRequest,String,Locale)
2025-12-16 14:47:39.635 [main] DEBUG _.s.w.s.HandlerMapping.Mappings - 
	o.s.w.u.SwaggerWelcomeWebMvc:
	{GET [/swagger-ui.html]}: redirectToUi(HttpServletRequest)
2025-12-16 14:47:39.636 [main] DEBUG _.s.w.s.HandlerMapping.Mappings - 
	o.s.w.u.SwaggerConfigResource:
	{GET [/v3/api-docs/swagger-config], produces [application/json]}: openapiJson(HttpServletRequest)
2025-12-16 14:47:39.642 [main] DEBUG _.s.w.s.HandlerMapping.Mappings - 'beanNameHandlerMapping' {}
2025-12-16 14:47:39.664 [main] DEBUG _.s.w.s.HandlerMapping.Mappings - 'resourceHandlerMapping' {/webjars/**=ResourceHttpRequestHandler [classpath [META-INF/resources/webjars/]], /**=ResourceHttpRequestHandler [classpath [META-INF/resources/], classpath [resources/], classpath [static/], classpath [public/], ServletContext [/]], /swagger-ui*/*swagger-initializer.js=ResourceHttpRequestHandler [classpath [META-INF/resources/webjars/]], /swagger-ui*/**=ResourceHttpRequestHandler [classpath [META-INF/resources/webjars/]]}
2025-12-16 14:47:40.016 [main] INFO  o.s.s.web.DefaultSecurityFilterChain - Will secure any request with [org.springframework.security.web.session.DisableEncodeUrlFilter@70420c70, org.springframework.security.web.context.request.async.WebAsyncManagerIntegrationFilter@7e36c60b, org.springframework.security.web.context.SecurityContextHolderFilter@36df566, org.springframework.security.web.header.HeaderWriterFilter@5882ff51, org.springframework.web.filter.CorsFilter@3c6c87fa, org.springframework.security.web.csrf.CsrfFilter@70a8c0b9, org.springframework.security.web.authentication.logout.LogoutFilter@3b9bfa09, org.springframework.security.web.authentication.UsernamePasswordAuthenticationFilter@742b91a5, org.springframework.security.web.authentication.ui.DefaultLoginPageGeneratingFilter@320aecd3, org.springframework.security.web.authentication.ui.DefaultLogoutPageGeneratingFilter@3e4162ee, org.springframework.security.web.authentication.www.BasicAuthenticationFilter@4c48564d, org.springframework.security.web.savedrequest.RequestCacheAwareFilter@554d4856, org.springframework.security.web.servletapi.SecurityContextHolderAwareRequestFilter@46cd3592, org.springframework.security.web.authentication.AnonymousAuthenticationFilter@4c046a12, org.springframework.security.web.access.ExceptionTranslationFilter@23368646, org.springframework.security.web.access.intercept.AuthorizationFilter@160b010e]
2025-12-16 14:47:40.062 [main] DEBUG reactor.netty.tcp.TcpResources - [http] resources will use the default LoopResources: DefaultLoopResources {prefix=reactor-http, daemon=true, selectCount=20, workerCount=20}
2025-12-16 14:47:40.062 [main] DEBUG reactor.netty.tcp.TcpResources - [http] resources will use the default ConnectionProvider: reactor.netty.resources.DefaultPooledConnectionProvider@20e06a86
2025-12-16 14:47:40.081 [main] INFO  o.a.coyote.http11.Http11NioProtocol - Starting ProtocolHandler ["http-nio-8000"]
2025-12-16 14:47:40.084 [main] DEBUG io.lettuce.core.AbstractRedisClient - Initiate shutdown (100, 100, MILLISECONDS)
2025-12-16 14:47:40.094 [main] WARN  o.s.b.w.s.c.AnnotationConfigServletWebServerApplicationContext - Exception encountered during context initialization - cancelling refresh attempt: org.springframework.context.ApplicationContextException: Failed to start bean 'webServerStartStop'
2025-12-16 14:47:40.095 [main] INFO  c.e.m.server.EnhancedPop3Server - 增强版POP3监听已停止，释放端口：0.0.0.0:110
2025-12-16 14:47:40.096 [main] INFO  c.e.m.server.EnhancedSmtpServer - 增强版SMTP监听已停止，释放端口：0.0.0.0:25
2025-12-16 14:47:40.096 [main] DEBUG i.l.c.r.DefaultClientResources - Initiate shutdown (0, 2, SECONDS)
2025-12-16 14:47:40.098 [main] DEBUG i.l.c.r.DefaultEventLoopGroupProvider - Initiate shutdown (0, 2, SECONDS)
2025-12-16 14:47:40.102 [main] INFO  o.s.o.j.LocalContainerEntityManagerFactoryBean - Closing JPA EntityManagerFactory for persistence unit 'default'
2025-12-16 14:47:40.103 [main] INFO  com.zaxxer.hikari.HikariDataSource - HikariPool-1 - Shutdown initiated...
2025-12-16 14:47:40.103 [main] DEBUG com.zaxxer.hikari.pool.HikariPool - HikariPool-1 - Before shutdown stats (total=2, active=0, idle=2, waiting=0)
2025-12-16 14:47:40.104 [HikariPool-1 connection closer] DEBUG com.zaxxer.hikari.pool.PoolBase - HikariPool-1 - Closing connection com.mysql.cj.jdbc.ConnectionImpl@7ef8e623: (connection evicted)
2025-12-16 14:47:40.108 [HikariPool-1 connection closer] DEBUG com.zaxxer.hikari.pool.PoolBase - HikariPool-1 - Closing connection com.mysql.cj.jdbc.ConnectionImpl@5efb380a: (connection evicted)
2025-12-16 14:47:40.109 [main] DEBUG com.zaxxer.hikari.pool.HikariPool - HikariPool-1 - After shutdown stats (total=0, active=0, idle=0, waiting=0)
2025-12-16 14:47:40.109 [main] INFO  com.zaxxer.hikari.HikariDataSource - HikariPool-1 - Shutdown completed.
2025-12-16 14:47:40.117 [main] INFO  o.s.b.a.l.ConditionEvaluationReportLogger - 

Error starting ApplicationContext. To display the condition evaluation report re-run your application with 'debug' enabled.
2025-12-16 14:47:40.130 [main] ERROR o.s.b.d.LoggingFailureAnalysisReporter - 

***************************
APPLICATION FAILED TO START
***************************

Description:

Web server failed to start. Port 8000 was already in use.

Action:

Identify and stop the process that's listening on port 8000 or configure this application to listen on another port.

2025-12-16 14:49:49.605 [background-preinit] DEBUG org.jboss.logging - Logging Provider: org.jboss.logging.Slf4jLoggerProvider found via system property
2025-12-16 14:49:49.607 [background-preinit] INFO  o.h.validator.internal.util.Version - HV000001: Hibernate Validator 8.0.1.Final
2025-12-16 14:49:49.671 [main] INFO  c.example.mailbox.MailboxApplication - Starting MailboxApplication using Java 22.0.2 with PID 28900 (C:\Users\Administrator\Desktop\计网实验\SMTPService\target\classes started by Administrator in C:\Users\Administrator\Desktop\计网实验\SMTPService)
2025-12-16 14:49:49.671 [main] DEBUG c.example.mailbox.MailboxApplication - Running with Spring Boot v3.2.0, Spring v6.1.1
2025-12-16 14:49:49.672 [main] INFO  c.example.mailbox.MailboxApplication - The following 1 profile is active: "dev"
2025-12-16 14:49:50.278 [main] INFO  o.s.d.r.c.RepositoryConfigurationDelegate - Multiple Spring Data modules found, entering strict repository configuration mode
2025-12-16 14:49:50.280 [main] INFO  o.s.d.r.c.RepositoryConfigurationDelegate - Bootstrapping Spring Data JPA repositories in DEFAULT mode.
2025-12-16 14:49:50.405 [main] INFO  o.s.d.r.c.RepositoryConfigurationDelegate - Finished Spring Data repository scanning in 119 ms. Found 9 JPA repository interfaces.
2025-12-16 14:49:50.418 [main] INFO  o.s.d.r.c.RepositoryConfigurationDelegate - Multiple Spring Data modules found, entering strict repository configuration mode
2025-12-16 14:49:50.419 [main] INFO  o.s.d.r.c.RepositoryConfigurationDelegate - Bootstrapping Spring Data Redis repositories in DEFAULT mode.
2025-12-16 14:49:50.431 [main] INFO  o.s.d.r.c.RepositoryConfigurationExtensionSupport - Spring Data Redis - Could not safely identify store assignment for repository candidate interface com.example.mailbox.repository.AttachmentRepository; If you want this repository to be a Redis repository, consider annotating your entities with one of these annotations: org.springframework.data.redis.core.RedisHash (preferred), or consider extending one of the following types with your repository: org.springframework.data.keyvalue.repository.KeyValueRepository
2025-12-16 14:49:50.431 [main] INFO  o.s.d.r.c.RepositoryConfigurationExtensionSupport - Spring Data Redis - Could not safely identify store assignment for repository candidate interface com.example.mailbox.repository.BlacklistRepository; If you want this repository to be a Redis repository, consider annotating your entities with one of these annotations: org.springframework.data.redis.core.RedisHash (preferred), or consider extending one of the following types with your repository: org.springframework.data.keyvalue.repository.KeyValueRepository
2025-12-16 14:49:50.432 [main] INFO  o.s.d.r.c.RepositoryConfigurationExtensionSupport - Spring Data Redis - Could not safely identify store assignment for repository candidate interface com.example.mailbox.repository.EmailQueueRepository; If you want this repository to be a Redis repository, consider annotating your entities with one of these annotations: org.springframework.data.redis.core.RedisHash (preferred), or consider extending one of the following types with your repository: org.springframework.data.keyvalue.repository.KeyValueRepository
2025-12-16 14:49:50.432 [main] INFO  o.s.d.r.c.RepositoryConfigurationExtensionSupport - Spring Data Redis - Could not safely identify store assignment for repository candidate interface com.example.mailbox.repository.EmailRepository; If you want this repository to be a Redis repository, consider annotating your entities with one of these annotations: org.springframework.data.redis.core.RedisHash (preferred), or consider extending one of the following types with your repository: org.springframework.data.keyvalue.repository.KeyValueRepository
2025-12-16 14:49:50.432 [main] INFO  o.s.d.r.c.RepositoryConfigurationExtensionSupport - Spring Data Redis - Could not safely identify store assignment for repository candidate interface com.example.mailbox.repository.GroupMemberRepository; If you want this repository to be a Redis repository, consider annotating your entities with one of these annotations: org.springframework.data.redis.core.RedisHash (preferred), or consider extending one of the following types with your repository: org.springframework.data.keyvalue.repository.KeyValueRepository
2025-12-16 14:49:50.432 [main] INFO  o.s.d.r.c.RepositoryConfigurationExtensionSupport - Spring Data Redis - Could not safely identify store assignment for repository candidate interface com.example.mailbox.repository.GroupRepository; If you want this repository to be a Redis repository, consider annotating your entities with one of these annotations: org.springframework.data.redis.core.RedisHash (preferred), or consider extending one of the following types with your repository: org.springframework.data.keyvalue.repository.KeyValueRepository
2025-12-16 14:49:50.432 [main] INFO  o.s.d.r.c.RepositoryConfigurationExtensionSupport - Spring Data Redis - Could not safely identify store assignment for repository candidate interface com.example.mailbox.repository.ServerConfigRepository; If you want this repository to be a Redis repository, consider annotating your entities with one of these annotations: org.springframework.data.redis.core.RedisHash (preferred), or consider extending one of the following types with your repository: org.springframework.data.keyvalue.repository.KeyValueRepository
2025-12-16 14:49:50.433 [main] INFO  o.s.d.r.c.RepositoryConfigurationExtensionSupport - Spring Data Redis - Could not safely identify store assignment for repository candidate interface com.example.mailbox.repository.SystemLogRepository; If you want this repository to be a Redis repository, consider annotating your entities with one of these annotations: org.springframework.data.redis.core.RedisHash (preferred), or consider extending one of the following types with your repository: org.springframework.data.keyvalue.repository.KeyValueRepository
2025-12-16 14:49:50.433 [main] INFO  o.s.d.r.c.RepositoryConfigurationExtensionSupport - Spring Data Redis - Could not safely identify store assignment for repository candidate interface com.example.mailbox.repository.UserRepository; If you want this repository to be a Redis repository, consider annotating your entities with one of these annotations: org.springframework.data.redis.core.RedisHash (preferred), or consider extending one of the following types with your repository: org.springframework.data.keyvalue.repository.KeyValueRepository
2025-12-16 14:49:50.433 [main] INFO  o.s.d.r.c.RepositoryConfigurationDelegate - Finished Spring Data repository scanning in 8 ms. Found 0 Redis repository interfaces.
2025-12-16 14:49:50.909 [main] INFO  o.s.b.w.e.tomcat.TomcatWebServer - Tomcat initialized with port 8000 (http)
2025-12-16 14:49:50.915 [main] INFO  o.a.coyote.http11.Http11NioProtocol - Initializing ProtocolHandler ["http-nio-8000"]
2025-12-16 14:49:50.917 [main] INFO  o.a.catalina.core.StandardService - Starting service [Tomcat]
2025-12-16 14:49:50.917 [main] INFO  o.a.catalina.core.StandardEngine - Starting Servlet engine: [Apache Tomcat/10.1.16]
2025-12-16 14:49:50.990 [main] INFO  o.a.c.c.C.[Tomcat].[localhost].[/] - Initializing Spring embedded WebApplicationContext
2025-12-16 14:49:50.991 [main] INFO  o.s.b.w.s.c.ServletWebServerApplicationContext - Root WebApplicationContext: initialization completed in 1290 ms
2025-12-16 14:49:51.003 [main] DEBUG com.zaxxer.hikari.HikariConfig - Driver class com.mysql.cj.jdbc.Driver found in Thread context class loader jdk.internal.loader.ClassLoaders$AppClassLoader@6bc7c054
2025-12-16 14:49:51.016 [main] DEBUG com.zaxxer.hikari.HikariConfig - HikariPool-1 - configuration:
2025-12-16 14:49:51.018 [main] DEBUG com.zaxxer.hikari.HikariConfig - allowPoolSuspension.............false
2025-12-16 14:49:51.018 [main] DEBUG com.zaxxer.hikari.HikariConfig - autoCommit......................true
2025-12-16 14:49:51.018 [main] DEBUG com.zaxxer.hikari.HikariConfig - catalog.........................none
2025-12-16 14:49:51.018 [main] DEBUG com.zaxxer.hikari.HikariConfig - connectionInitSql...............none
2025-12-16 14:49:51.019 [main] DEBUG com.zaxxer.hikari.HikariConfig - connectionTestQuery.............none
2025-12-16 14:49:51.019 [main] DEBUG com.zaxxer.hikari.HikariConfig - connectionTimeout...............30000
2025-12-16 14:49:51.019 [main] DEBUG com.zaxxer.hikari.HikariConfig - dataSource......................none
2025-12-16 14:49:51.019 [main] DEBUG com.zaxxer.hikari.HikariConfig - dataSourceClassName.............none
2025-12-16 14:49:51.019 [main] DEBUG com.zaxxer.hikari.HikariConfig - dataSourceJNDI..................none
2025-12-16 14:49:51.020 [main] DEBUG com.zaxxer.hikari.HikariConfig - dataSourceProperties............{password=<masked>}
2025-12-16 14:49:51.020 [main] DEBUG com.zaxxer.hikari.HikariConfig - driverClassName................."com.mysql.cj.jdbc.Driver"
2025-12-16 14:49:51.020 [main] DEBUG com.zaxxer.hikari.HikariConfig - exceptionOverrideClassName......none
2025-12-16 14:49:51.020 [main] DEBUG com.zaxxer.hikari.HikariConfig - healthCheckProperties...........{}
2025-12-16 14:49:51.020 [main] DEBUG com.zaxxer.hikari.HikariConfig - healthCheckRegistry.............none
2025-12-16 14:49:51.020 [main] DEBUG com.zaxxer.hikari.HikariConfig - idleTimeout.....................600000
2025-12-16 14:49:51.020 [main] DEBUG com.zaxxer.hikari.HikariConfig - initializationFailTimeout.......1
2025-12-16 14:49:51.021 [main] DEBUG com.zaxxer.hikari.HikariConfig - isolateInternalQueries..........false
2025-12-16 14:49:51.021 [main] DEBUG com.zaxxer.hikari.HikariConfig - jdbcUrl.........................jdbc:mysql://localhost:3306/mailbox_prod?useSSL=false&serverTimezone=UTC&characterEncoding=utf-8
2025-12-16 14:49:51.021 [main] DEBUG com.zaxxer.hikari.HikariConfig - keepaliveTime...................0
2025-12-16 14:49:51.021 [main] DEBUG com.zaxxer.hikari.HikariConfig - leakDetectionThreshold..........0
2025-12-16 14:49:51.022 [main] DEBUG com.zaxxer.hikari.HikariConfig - maxLifetime.....................1800000
2025-12-16 14:49:51.022 [main] DEBUG com.zaxxer.hikari.HikariConfig - maximumPoolSize.................5
2025-12-16 14:49:51.022 [main] DEBUG com.zaxxer.hikari.HikariConfig - metricRegistry..................none
2025-12-16 14:49:51.022 [main] DEBUG com.zaxxer.hikari.HikariConfig - metricsTrackerFactory...........none
2025-12-16 14:49:51.022 [main] DEBUG com.zaxxer.hikari.HikariConfig - minimumIdle.....................2
2025-12-16 14:49:51.022 [main] DEBUG com.zaxxer.hikari.HikariConfig - password........................<masked>
2025-12-16 14:49:51.022 [main] DEBUG com.zaxxer.hikari.HikariConfig - poolName........................"HikariPool-1"
2025-12-16 14:49:51.022 [main] DEBUG com.zaxxer.hikari.HikariConfig - readOnly........................false
2025-12-16 14:49:51.022 [main] DEBUG com.zaxxer.hikari.HikariConfig - registerMbeans..................false
2025-12-16 14:49:51.022 [main] DEBUG com.zaxxer.hikari.HikariConfig - scheduledExecutor...............none
2025-12-16 14:49:51.022 [main] DEBUG com.zaxxer.hikari.HikariConfig - schema..........................none
2025-12-16 14:49:51.022 [main] DEBUG com.zaxxer.hikari.HikariConfig - threadFactory...................internal
2025-12-16 14:49:51.023 [main] DEBUG com.zaxxer.hikari.HikariConfig - transactionIsolation............default
2025-12-16 14:49:51.023 [main] DEBUG com.zaxxer.hikari.HikariConfig - username........................"root"
2025-12-16 14:49:51.023 [main] DEBUG com.zaxxer.hikari.HikariConfig - validationTimeout...............5000
2025-12-16 14:49:51.023 [main] INFO  com.zaxxer.hikari.HikariDataSource - HikariPool-1 - Starting...
2025-12-16 14:49:51.155 [main] INFO  com.zaxxer.hikari.pool.HikariPool - HikariPool-1 - Added connection com.mysql.cj.jdbc.ConnectionImpl@3d8d970e
2025-12-16 14:49:51.156 [main] INFO  com.zaxxer.hikari.HikariDataSource - HikariPool-1 - Start completed.
2025-12-16 14:49:51.162 [main] INFO  o.s.b.a.h.H2ConsoleAutoConfiguration - H2 console available at '/h2-console'. Database available at 'jdbc:mysql://localhost:3306/mailbox_prod?useSSL=false&serverTimezone=UTC&characterEncoding=utf-8'
2025-12-16 14:49:51.230 [main] INFO  o.h.jpa.internal.util.LogHelper - HHH000204: Processing PersistenceUnitInfo [name: default]
2025-12-16 14:49:51.260 [HikariPool-1 housekeeper] DEBUG com.zaxxer.hikari.pool.HikariPool - HikariPool-1 - Before cleanup stats (total=1, active=0, idle=1, waiting=0)
2025-12-16 14:49:51.261 [HikariPool-1 housekeeper] DEBUG com.zaxxer.hikari.pool.HikariPool - HikariPool-1 - After cleanup  stats (total=1, active=0, idle=1, waiting=0)
2025-12-16 14:49:51.268 [HikariPool-1 connection adder] DEBUG com.zaxxer.hikari.pool.HikariPool - HikariPool-1 - Added connection com.mysql.cj.jdbc.ConnectionImpl@4a6f5e4c
2025-12-16 14:49:51.271 [main] INFO  org.hibernate.Version - HHH000412: Hibernate ORM core version 6.3.1.Final
2025-12-16 14:49:51.291 [HikariPool-1 connection adder] DEBUG com.zaxxer.hikari.pool.HikariPool - HikariPool-1 - After adding stats (total=2, active=0, idle=2, waiting=0)
2025-12-16 14:49:51.297 [main] INFO  o.h.c.i.RegionFactoryInitiator - HHH000026: Second-level cache disabled
2025-12-16 14:49:51.455 [main] INFO  o.s.o.j.p.SpringPersistenceUnitInfo - No LoadTimeWeaver setup: ignoring JPA class transformer
2025-12-16 14:49:51.504 [main] WARN  org.hibernate.orm.deprecation - HHH90000025: MySQL8Dialect does not need to be specified explicitly using 'hibernate.dialect' (remove the property setting and it will be selected by default)
2025-12-16 14:49:51.505 [main] WARN  org.hibernate.orm.deprecation - HHH90000026: MySQL8Dialect has been deprecated; use org.hibernate.dialect.MySQLDialect instead
2025-12-16 14:49:52.271 [main] INFO  o.h.e.t.j.p.i.JtaPlatformInitiator - HHH000489: No JTA platform available (set 'hibernate.transaction.jta.platform' to enable JTA platform integration)
2025-12-16 14:49:52.354 [main] INFO  o.s.o.j.LocalContainerEntityManagerFactoryBean - Initialized JPA EntityManagerFactory for persistence unit 'default'
2025-12-16 14:49:52.572 [main] INFO  o.s.d.j.r.query.QueryEnhancerFactory - Hibernate is in classpath; If applicable, HQL parser will be used.
2025-12-16 14:49:52.824 [main] DEBUG i.n.u.i.l.InternalLoggerFactory - Using SLF4J as the default logging framework
2025-12-16 14:49:52.827 [main] DEBUG i.l.c.r.AddressResolverGroupProvider - Starting with netty's non-blocking DNS resolver library
2025-12-16 14:49:52.844 [main] DEBUG i.n.util.internal.PlatformDependent0 - -Dio.netty.noUnsafe: false
2025-12-16 14:49:52.844 [main] DEBUG i.n.util.internal.PlatformDependent0 - Java version: 22
2025-12-16 14:49:52.845 [main] DEBUG i.n.util.internal.PlatformDependent0 - sun.misc.Unsafe.theUnsafe: available
2025-12-16 14:49:52.845 [main] DEBUG i.n.util.internal.PlatformDependent0 - sun.misc.Unsafe.copyMemory: available
2025-12-16 14:49:52.846 [main] DEBUG i.n.util.internal.PlatformDependent0 - sun.misc.Unsafe.storeFence: available
2025-12-16 14:49:52.846 [main] DEBUG i.n.util.internal.PlatformDependent0 - java.nio.Buffer.address: available
2025-12-16 14:49:52.846 [main] DEBUG i.n.util.internal.PlatformDependent0 - direct buffer constructor: unavailable: Reflective setAccessible(true) disabled
2025-12-16 14:49:52.847 [main] DEBUG i.n.util.internal.PlatformDependent0 - java.nio.Bits.unaligned: available, true
2025-12-16 14:49:52.847 [main] DEBUG i.n.util.internal.PlatformDependent0 - jdk.internal.misc.Unsafe.allocateUninitializedArray(int): unavailable: class io.netty.util.internal.PlatformDependent0$7 cannot access class jdk.internal.misc.Unsafe (in module java.base) because module java.base does not export jdk.internal.misc to unnamed module @58c1c010
2025-12-16 14:49:52.847 [main] DEBUG i.n.util.internal.PlatformDependent0 - java.nio.DirectByteBuffer.<init>(long, {int,long}): unavailable
2025-12-16 14:49:52.848 [main] DEBUG i.n.util.internal.PlatformDependent - sun.misc.Unsafe: available
2025-12-16 14:49:52.848 [main] DEBUG i.n.util.internal.PlatformDependent - -Dio.netty.tmpdir: C:\Users\ADMINI~1\AppData\Local\Temp (java.io.tmpdir)
2025-12-16 14:49:52.848 [main] DEBUG i.n.util.internal.PlatformDependent - -Dio.netty.bitMode: 64 (sun.arch.data.model)
2025-12-16 14:49:52.848 [main] DEBUG i.n.util.internal.PlatformDependent - Platform: Windows
2025-12-16 14:49:52.849 [main] DEBUG i.n.util.internal.PlatformDependent - -Dio.netty.maxDirectMemory: -1 bytes
2025-12-16 14:49:52.849 [main] DEBUG i.n.util.internal.PlatformDependent - -Dio.netty.uninitializedArrayAllocationThreshold: -1
2025-12-16 14:49:52.849 [main] DEBUG io.netty.util.internal.CleanerJava9 - java.nio.ByteBuffer.cleaner(): available
2025-12-16 14:49:52.849 [main] DEBUG i.n.util.internal.PlatformDependent - -Dio.netty.noPreferDirect: false
2025-12-16 14:49:52.853 [main] DEBUG io.netty.util.NetUtil - -Djava.net.preferIPv4Stack: false
2025-12-16 14:49:52.853 [main] DEBUG io.netty.util.NetUtil - -Djava.net.preferIPv6Addresses: false
2025-12-16 14:49:52.860 [main] DEBUG i.netty.util.NetUtilInitializations - Loopback interface: loopback_0 (Software Loopback Interface 1, 0:0:0:0:0:0:0:1)
2025-12-16 14:49:52.861 [main] DEBUG io.netty.util.NetUtil - Failed to get SOMAXCONN from sysctl and file \proc\sys\net\core\somaxconn. Default: 200
2025-12-16 14:49:52.862 [main] DEBUG i.netty.resolver.dns.DnsNameResolver - Default ResolvedAddressTypes: IPV4_PREFERRED
2025-12-16 14:49:52.862 [main] DEBUG i.netty.resolver.dns.DnsNameResolver - Localhost address: localhost/127.0.0.1
2025-12-16 14:49:52.867 [main] DEBUG i.netty.resolver.dns.DnsNameResolver - Windows hostname: User-2024PVQEOT
2025-12-16 14:49:52.870 [main] DEBUG i.netty.resolver.dns.DnsNameResolver - Default search domains: []
2025-12-16 14:49:52.872 [main] DEBUG i.netty.resolver.dns.DnsNameResolver - Default UnixResolverOptions{ndots=1, timeout=5, attempts=16}
2025-12-16 14:49:52.874 [main] DEBUG i.n.u.i.InternalThreadLocalMap - -Dio.netty.threadLocalMap.stringBuilder.initialSize: 1024
2025-12-16 14:49:52.874 [main] DEBUG i.n.u.i.InternalThreadLocalMap - -Dio.netty.threadLocalMap.stringBuilder.maxSize: 4096
2025-12-16 14:49:52.879 [main] DEBUG i.n.r.DefaultHostsFileEntriesResolver - -Dio.netty.hostsFileRefreshInterval: 0
2025-12-16 14:49:52.896 [main] DEBUG i.n.r.d.DefaultDnsServerAddressStreamProvider - Default DNS servers: [/10.71.211.219:53, /[240e:469:449:7083:0:0:0:87]:53] (sun.net.dns.ResolverConfiguration)
2025-12-16 14:49:52.898 [main] DEBUG i.l.core.resource.KqueueProvider - Starting without optional kqueue library
2025-12-16 14:49:52.900 [main] DEBUG i.l.core.resource.IOUringProvider - Starting without optional io_uring library
2025-12-16 14:49:52.913 [main] DEBUG i.l.core.resource.EpollProvider - Starting without optional epoll library
2025-12-16 14:49:52.923 [main] DEBUG i.l.c.r.DefaultClientResources - -Dio.netty.eventLoopThreads: 20
2025-12-16 14:49:52.928 [main] DEBUG i.l.c.r.DefaultEventLoopGroupProvider - Creating executor io.netty.util.concurrent.DefaultEventExecutorGroup
2025-12-16 14:49:52.936 [main] DEBUG i.n.u.concurrent.GlobalEventExecutor - -Dio.netty.globalEventExecutor.quietPeriodSeconds: 1
2025-12-16 14:49:52.943 [main] DEBUG io.netty.util.ResourceLeakDetector - -Dio.netty.leakDetection.level: simple
2025-12-16 14:49:52.943 [main] DEBUG io.netty.util.ResourceLeakDetector - -Dio.netty.leakDetection.targetRecords: 4
2025-12-16 14:49:52.943 [main] DEBUG i.n.util.ResourceLeakDetectorFactory - Loaded default ResourceLeakDetector: io.netty.util.ResourceLeakDetector@353b5d86
2025-12-16 14:49:52.949 [main] DEBUG i.n.util.internal.PlatformDependent - org.jctools-core.MpscChunkedArrayQueue: available
2025-12-16 14:49:52.954 [main] DEBUG reactor.util.Loggers - Using Slf4j logging framework
2025-12-16 14:49:52.957 [main] DEBUG i.l.c.event.jfr.EventRecorderHolder - Starting with JFR support
2025-12-16 14:49:52.967 [main] DEBUG i.l.c.r.DefaultClientResources - LatencyUtils/HdrUtils are not available, metrics are disabled
2025-12-16 14:49:53.124 [main] DEBUG c.e.m.filter.JwtAuthenticationFilter - Filter 'jwtAuthenticationFilter' configured for use
2025-12-16 14:49:53.232 [Thread-1] INFO  c.e.m.server.EnhancedSmtpServer - 增强版SMTP服务器启动，监听端口：0.0.0.0:25
2025-12-16 14:49:53.233 [Thread-1] INFO  c.e.m.server.EnhancedSmtpServer - 配置参数：超时=60秒, 最大连接数=50, 最大邮件大小=10MB
2025-12-16 14:49:53.236 [Thread-2] INFO  c.e.m.server.EnhancedPop3Server - 增强版POP3服务器启动，监听端口：0.0.0.0:110
2025-12-16 14:49:53.236 [Thread-2] INFO  c.e.m.server.EnhancedPop3Server - 配置参数：超时=60秒, 最大连接数=30
2025-12-16 14:49:53.566 [main] WARN  o.s.b.a.o.j.JpaBaseConfiguration$JpaWebConfiguration - spring.jpa.open-in-view is enabled by default. Therefore, database queries may be performed during view rendering. Explicitly configure spring.jpa.open-in-view to disable this warning
2025-12-16 14:49:53.615 [main] DEBUG _.s.w.s.HandlerMapping.Mappings - 
	c.e.m.c.AdminController:
	{POST [/api/admin/blacklist]}: addToBlacklist(BlacklistRequest)
	{GET [/api/admin/server/status]}: getServerStatus()
	{POST [/api/admin/server/smtp/start]}: startSmtpServer()
	{POST [/api/admin/server/pop3/start]}: startPop3Server()
	{POST [/api/admin/server/pop3/stop]}: stopPop3Server()
	{POST [/api/admin/server/smtp/stop]}: stopSmtpServer()
	{GET [/api/admin/server/stats]}: getServerStats()
	{GET [/api/admin/users]}: getAllUsers(int,int)
	{GET [/api/admin/blacklist]}: getBlacklist()
	{PUT [/api/admin/users/{id}/status]}: updateUserStatus(Long,Boolean)
	{DELETE [/api/admin/blacklist/{id}]}: removeFromBlacklist(Long)
2025-12-16 14:49:53.621 [main] DEBUG _.s.w.s.HandlerMapping.Mappings - 
	c.e.m.c.AuthController:
	{POST [/api/auth/register]}: register(RegisterRequestDTO)
	{POST [/api/auth/login]}: login(LoginRequestDTO)
	{POST [/api/auth/logout]}: logout(String)
2025-12-16 14:49:53.624 [main] DEBUG _.s.w.s.HandlerMapping.Mappings - 
	c.e.m.c.GroupController:
	{POST [/api/groups]}: createGroup(Group)
	{GET [/api/groups/{groupId}/members]}: getMembers(Long,int,int)
	{GET [/api/groups/{groupId}]}: getGroup(Long)
	{POST [/api/groups/members]}: addMember(GroupMemberRequest)
	{GET [/api/groups/joined]}: getJoinedGroups(int,int)
	{GET [/api/groups/search]}: searchGroups(String,int,int)
	{GET [/api/groups/created]}: getCreatedGroups(int,int)
	{PUT [/api/groups]}: updateGroup(Group)
	{DELETE [/api/groups/{groupId}]}: deleteGroup(Long)
	{GET [/api/groups/all]}: getAllGroups(int,int)
	{DELETE [/api/groups/{groupId}/members/{accountId}]}: removeMember(Long,Long)
	{GET [/api/groups/{groupId}/member-count]}: getMemberCount(Long)
	{GET [/api/groups/{groupId}/members/{accountId}/check]}: checkMember(Long,Long)
2025-12-16 14:49:53.627 [main] DEBUG _.s.w.s.HandlerMapping.Mappings - 
	c.e.m.c.QueueController:
	{DELETE [/api/queue/clear]}: clearQueue()
	{POST [/api/queue/resend/{queueId}]}: resendEmail(Long)
	{GET [/api/queue/status]}: getQueueStatus()
	{POST [/api/queue/process]}: processQueue()
2025-12-16 14:49:53.628 [main] DEBUG _.s.w.s.HandlerMapping.Mappings - 
	c.e.m.c.UserController:
	{GET [/api/users/profile]}: getProfile(HttpServletRequest)
	{PUT [/api/users/profile]}: updateProfile(Account,HttpServletRequest)
	{PUT [/api/users/password]}: changePassword(PasswordChangeRequest,HttpServletRequest)
2025-12-16 14:49:53.630 [main] DEBUG _.s.w.s.HandlerMapping.Mappings - 
	o.s.b.a.w.s.e.BasicErrorController:
	{ [/error]}: error(HttpServletRequest)
	{ [/error], produces [text/html]}: errorHtml(HttpServletRequest,HttpServletResponse)
2025-12-16 14:49:53.639 [main] DEBUG _.s.w.s.HandlerMapping.Mappings - 
	o.s.w.a.OpenApiWebMvcResource:
	{GET [/v3/api-docs], produces [application/json]}: openapiJson(HttpServletRequest,String,Locale)
	{GET [/v3/api-docs.yaml], produces [application/vnd.oai.openapi]}: openapiYaml(HttpServletRequest,String,Locale)
2025-12-16 14:49:53.640 [main] DEBUG _.s.w.s.HandlerMapping.Mappings - 
	o.s.w.u.SwaggerWelcomeWebMvc:
	{GET [/swagger-ui.html]}: redirectToUi(HttpServletRequest)
2025-12-16 14:49:53.641 [main] DEBUG _.s.w.s.HandlerMapping.Mappings - 
	o.s.w.u.SwaggerConfigResource:
	{GET [/v3/api-docs/swagger-config], produces [application/json]}: openapiJson(HttpServletRequest)
2025-12-16 14:49:53.648 [main] DEBUG _.s.w.s.HandlerMapping.Mappings - 'beanNameHandlerMapping' {}
2025-12-16 14:49:53.669 [main] DEBUG _.s.w.s.HandlerMapping.Mappings - 'resourceHandlerMapping' {/webjars/**=ResourceHttpRequestHandler [classpath [META-INF/resources/webjars/]], /**=ResourceHttpRequestHandler [classpath [META-INF/resources/], classpath [resources/], classpath [static/], classpath [public/], ServletContext [/]], /swagger-ui*/*swagger-initializer.js=ResourceHttpRequestHandler [classpath [META-INF/resources/webjars/]], /swagger-ui*/**=ResourceHttpRequestHandler [classpath [META-INF/resources/webjars/]]}
2025-12-16 14:49:53.978 [main] INFO  o.s.s.web.DefaultSecurityFilterChain - Will secure any request with [org.springframework.security.web.session.DisableEncodeUrlFilter@5209c486, org.springframework.security.web.context.request.async.WebAsyncManagerIntegrationFilter@4c48564d, org.springframework.security.web.context.SecurityContextHolderFilter@4dc80b7a, org.springframework.security.web.header.HeaderWriterFilter@644e2230, org.springframework.web.filter.CorsFilter@53d0cf4d, org.springframework.security.web.csrf.CsrfFilter@627f515c, org.springframework.security.web.authentication.logout.LogoutFilter@4b3642c4, org.springframework.security.web.authentication.UsernamePasswordAuthenticationFilter@5a4700ba, org.springframework.security.web.authentication.ui.DefaultLoginPageGeneratingFilter@2a673ee8, org.springframework.security.web.authentication.ui.DefaultLogoutPageGeneratingFilter@7316742f, org.springframework.security.web.authentication.www.BasicAuthenticationFilter@17a12fcd, org.springframework.security.web.savedrequest.RequestCacheAwareFilter@19601dc5, org.springframework.security.web.servletapi.SecurityContextHolderAwareRequestFilter@ef3bc19, org.springframework.security.web.authentication.AnonymousAuthenticationFilter@6c73d88c, org.springframework.security.web.access.ExceptionTranslationFilter@6980c50b, org.springframework.security.web.access.intercept.AuthorizationFilter@78679286]
2025-12-16 14:49:54.008 [main] DEBUG reactor.netty.tcp.TcpResources - [http] resources will use the default LoopResources: DefaultLoopResources {prefix=reactor-http, daemon=true, selectCount=20, workerCount=20}
2025-12-16 14:49:54.008 [main] DEBUG reactor.netty.tcp.TcpResources - [http] resources will use the default ConnectionProvider: reactor.netty.resources.DefaultPooledConnectionProvider@15c5c99
2025-12-16 14:49:54.022 [main] INFO  o.a.coyote.http11.Http11NioProtocol - Starting ProtocolHandler ["http-nio-8000"]
2025-12-16 14:49:54.031 [main] INFO  o.s.b.w.e.tomcat.TomcatWebServer - Tomcat started on port 8000 (http) with context path ''
2025-12-16 14:49:54.038 [main] INFO  c.example.mailbox.MailboxApplication - Started MailboxApplication in 4.784 seconds (process running for 5.106)
2025-12-16 14:49:54.044 [scheduling-1] DEBUG i.m.c.u.i.l.InternalLoggerFactory - Using SLF4J as the default logging framework
2025-12-16 14:49:54.133 [scheduling-1] INFO  c.e.m.s.Impl.EmailQueueServiceImpl - 处理邮件队列，待处理项: 0
2025-12-16 14:49:54.155 [task-1] INFO  c.e.m.s.Impl.EmailSyncServiceImpl - 开始批量同步，共有 0 个用户
2025-12-16 14:49:54.155 [task-1] INFO  c.e.m.s.Impl.EmailSyncServiceImpl - 批量同步完成，共处理 0 个用户
2025-12-16 14:50:08.584 [http-nio-8000-exec-1] INFO  o.a.c.c.C.[Tomcat].[localhost].[/] - Initializing Spring DispatcherServlet 'dispatcherServlet'
2025-12-16 14:50:08.584 [http-nio-8000-exec-1] INFO  o.s.web.servlet.DispatcherServlet - Initializing Servlet 'dispatcherServlet'
2025-12-16 14:50:08.585 [http-nio-8000-exec-1] INFO  o.s.web.servlet.DispatcherServlet - Completed initialization in 1 ms
2025-12-16 14:50:08.590 [http-nio-8000-exec-1] DEBUG o.s.security.web.FilterChainProxy - Securing GET /?ide_webview_request_time=1765867808535
2025-12-16 14:50:08.604 [http-nio-8000-exec-1] DEBUG o.s.s.w.a.AnonymousAuthenticationFilter - Set SecurityContextHolder to anonymous SecurityContext
2025-12-16 14:50:08.623 [http-nio-8000-exec-1] DEBUG o.s.s.w.s.HttpSessionRequestCache - Saved request http://localhost:8000/?ide_webview_request_time=1765867808535&continue to session
2025-12-16 14:50:08.625 [http-nio-8000-exec-1] DEBUG o.s.s.w.a.DelegatingAuthenticationEntryPoint - Trying to match using And [Not [RequestHeaderRequestMatcher [expectedHeaderName=X-Requested-With, expectedHeaderValue=XMLHttpRequest]], MediaTypeRequestMatcher [contentNegotiationStrategy=org.springframework.web.accept.ContentNegotiationManager@37884b27, matchingMediaTypes=[application/xhtml+xml, image/*, text/html, text/plain], useEquals=false, ignoredMediaTypes=[*/*]]]
2025-12-16 14:50:08.625 [http-nio-8000-exec-1] DEBUG o.s.s.w.a.DelegatingAuthenticationEntryPoint - Match found! Executing org.springframework.security.web.authentication.LoginUrlAuthenticationEntryPoint@1124fd8
2025-12-16 14:50:08.627 [http-nio-8000-exec-1] DEBUG o.s.s.web.DefaultRedirectStrategy - Redirecting to http://localhost:8000/login
2025-12-16 14:50:08.635 [http-nio-8000-exec-3] DEBUG o.s.security.web.FilterChainProxy - Securing GET /login
2025-12-16 14:50:09.717 [http-nio-8000-exec-2] DEBUG o.s.security.web.FilterChainProxy - Securing GET /@vite/client
2025-12-16 14:50:09.718 [http-nio-8000-exec-2] DEBUG o.s.s.w.a.AnonymousAuthenticationFilter - Set SecurityContextHolder to anonymous SecurityContext
2025-12-16 14:50:09.719 [http-nio-8000-exec-2] DEBUG o.s.s.w.s.HttpSessionRequestCache - Saved request http://localhost:8000/@vite/client?continue to session
2025-12-16 14:50:09.719 [http-nio-8000-exec-2] DEBUG o.s.s.w.a.DelegatingAuthenticationEntryPoint - Trying to match using And [Not [RequestHeaderRequestMatcher [expectedHeaderName=X-Requested-With, expectedHeaderValue=XMLHttpRequest]], MediaTypeRequestMatcher [contentNegotiationStrategy=org.springframework.web.accept.ContentNegotiationManager@37884b27, matchingMediaTypes=[application/xhtml+xml, image/*, text/html, text/plain], useEquals=false, ignoredMediaTypes=[*/*]]]
2025-12-16 14:50:09.719 [http-nio-8000-exec-2] DEBUG o.s.s.w.a.DelegatingAuthenticationEntryPoint - Trying to match using Or [RequestHeaderRequestMatcher [expectedHeaderName=X-Requested-With, expectedHeaderValue=XMLHttpRequest], And [Not [MediaTypeRequestMatcher [contentNegotiationStrategy=org.springframework.web.accept.ContentNegotiationManager@37884b27, matchingMediaTypes=[text/html], useEquals=false, ignoredMediaTypes=[]]], MediaTypeRequestMatcher [contentNegotiationStrategy=org.springframework.web.accept.ContentNegotiationManager@37884b27, matchingMediaTypes=[application/atom+xml, application/x-www-form-urlencoded, application/json, application/octet-stream, application/xml, multipart/form-data, text/xml], useEquals=false, ignoredMediaTypes=[*/*]]], MediaTypeRequestMatcher [contentNegotiationStrategy=org.springframework.web.accept.ContentNegotiationManager@37884b27, matchingMediaTypes=[*/*], useEquals=true, ignoredMediaTypes=[]]]
2025-12-16 14:50:09.719 [http-nio-8000-exec-2] DEBUG o.s.s.w.a.DelegatingAuthenticationEntryPoint - Match found! Executing org.springframework.security.web.authentication.DelegatingAuthenticationEntryPoint@39c65cb4
2025-12-16 14:50:09.719 [http-nio-8000-exec-2] DEBUG o.s.s.w.a.DelegatingAuthenticationEntryPoint - Trying to match using RequestHeaderRequestMatcher [expectedHeaderName=X-Requested-With, expectedHeaderValue=XMLHttpRequest]
2025-12-16 14:50:09.719 [http-nio-8000-exec-2] DEBUG o.s.s.w.a.DelegatingAuthenticationEntryPoint - No match found. Using default entry point org.springframework.security.web.authentication.www.BasicAuthenticationEntryPoint@1db60a3c
2025-12-16 14:50:09.724 [http-nio-8000-exec-2] DEBUG o.s.security.web.FilterChainProxy - Securing GET /error
2025-12-16 14:50:09.724 [http-nio-8000-exec-2] DEBUG o.s.s.w.a.AnonymousAuthenticationFilter - Set SecurityContextHolder to anonymous SecurityContext
2025-12-16 14:50:09.724 [http-nio-8000-exec-2] DEBUG o.s.s.w.s.HttpSessionRequestCache - Saved request http://localhost:8000/error?continue to session
2025-12-16 14:50:09.724 [http-nio-8000-exec-2] DEBUG o.s.s.w.a.DelegatingAuthenticationEntryPoint - Trying to match using And [Not [RequestHeaderRequestMatcher [expectedHeaderName=X-Requested-With, expectedHeaderValue=XMLHttpRequest]], MediaTypeRequestMatcher [contentNegotiationStrategy=org.springframework.web.accept.ContentNegotiationManager@37884b27, matchingMediaTypes=[application/xhtml+xml, image/*, text/html, text/plain], useEquals=false, ignoredMediaTypes=[*/*]]]
2025-12-16 14:50:09.724 [http-nio-8000-exec-2] DEBUG o.s.s.w.a.DelegatingAuthenticationEntryPoint - Trying to match using Or [RequestHeaderRequestMatcher [expectedHeaderName=X-Requested-With, expectedHeaderValue=XMLHttpRequest], And [Not [MediaTypeRequestMatcher [contentNegotiationStrategy=org.springframework.web.accept.ContentNegotiationManager@37884b27, matchingMediaTypes=[text/html], useEquals=false, ignoredMediaTypes=[]]], MediaTypeRequestMatcher [contentNegotiationStrategy=org.springframework.web.accept.ContentNegotiationManager@37884b27, matchingMediaTypes=[application/atom+xml, application/x-www-form-urlencoded, application/json, application/octet-stream, application/xml, multipart/form-data, text/xml], useEquals=false, ignoredMediaTypes=[*/*]]], MediaTypeRequestMatcher [contentNegotiationStrategy=org.springframework.web.accept.ContentNegotiationManager@37884b27, matchingMediaTypes=[*/*], useEquals=true, ignoredMediaTypes=[]]]
2025-12-16 14:50:09.724 [http-nio-8000-exec-2] DEBUG o.s.s.w.a.DelegatingAuthenticationEntryPoint - Match found! Executing org.springframework.security.web.authentication.DelegatingAuthenticationEntryPoint@39c65cb4
2025-12-16 14:50:09.724 [http-nio-8000-exec-2] DEBUG o.s.s.w.a.DelegatingAuthenticationEntryPoint - Trying to match using RequestHeaderRequestMatcher [expectedHeaderName=X-Requested-With, expectedHeaderValue=XMLHttpRequest]
2025-12-16 14:50:09.724 [http-nio-8000-exec-2] DEBUG o.s.s.w.a.DelegatingAuthenticationEntryPoint - No match found. Using default entry point org.springframework.security.web.authentication.www.BasicAuthenticationEntryPoint@1db60a3c
2025-12-16 14:50:21.272 [HikariPool-1 housekeeper] DEBUG com.zaxxer.hikari.pool.HikariPool - HikariPool-1 - Before cleanup stats (total=2, active=0, idle=2, waiting=0)
2025-12-16 14:50:21.272 [HikariPool-1 housekeeper] DEBUG com.zaxxer.hikari.pool.HikariPool - HikariPool-1 - After cleanup  stats (total=2, active=0, idle=2, waiting=0)
2025-12-16 14:50:21.272 [HikariPool-1 housekeeper] DEBUG com.zaxxer.hikari.pool.HikariPool - HikariPool-1 - Fill pool skipped, pool has sufficient level or currently being filled (queueDepth=0).
2025-12-16 14:50:47.234 [http-nio-8000-exec-4] DEBUG o.s.security.web.FilterChainProxy - Securing GET /
2025-12-16 14:50:47.235 [http-nio-8000-exec-4] DEBUG o.s.s.w.a.AnonymousAuthenticationFilter - Set SecurityContextHolder to anonymous SecurityContext
2025-12-16 14:50:47.236 [http-nio-8000-exec-4] DEBUG o.s.s.w.s.HttpSessionRequestCache - Saved request http://localhost:8000/?continue to session
2025-12-16 14:50:47.236 [http-nio-8000-exec-4] DEBUG o.s.s.w.a.DelegatingAuthenticationEntryPoint - Trying to match using And [Not [RequestHeaderRequestMatcher [expectedHeaderName=X-Requested-With, expectedHeaderValue=XMLHttpRequest]], MediaTypeRequestMatcher [contentNegotiationStrategy=org.springframework.web.accept.ContentNegotiationManager@37884b27, matchingMediaTypes=[application/xhtml+xml, image/*, text/html, text/plain], useEquals=false, ignoredMediaTypes=[*/*]]]
2025-12-16 14:50:47.236 [http-nio-8000-exec-4] DEBUG o.s.s.w.a.DelegatingAuthenticationEntryPoint - Match found! Executing org.springframework.security.web.authentication.LoginUrlAuthenticationEntryPoint@1124fd8
2025-12-16 14:50:47.237 [http-nio-8000-exec-4] DEBUG o.s.s.web.DefaultRedirectStrategy - Redirecting to http://localhost:8000/login
2025-12-16 14:50:47.242 [http-nio-8000-exec-5] DEBUG o.s.security.web.FilterChainProxy - Securing GET /login
2025-12-16 14:50:48.101 [http-nio-8000-exec-6] DEBUG o.s.security.web.FilterChainProxy - Securing GET /favicon.ico
2025-12-16 14:50:48.102 [http-nio-8000-exec-6] DEBUG o.s.s.w.a.AnonymousAuthenticationFilter - Set SecurityContextHolder to anonymous SecurityContext
2025-12-16 14:50:48.102 [http-nio-8000-exec-6] DEBUG o.s.s.w.a.DelegatingAuthenticationEntryPoint - Trying to match using And [Not [RequestHeaderRequestMatcher [expectedHeaderName=X-Requested-With, expectedHeaderValue=XMLHttpRequest]], MediaTypeRequestMatcher [contentNegotiationStrategy=org.springframework.web.accept.ContentNegotiationManager@37884b27, matchingMediaTypes=[application/xhtml+xml, image/*, text/html, text/plain], useEquals=false, ignoredMediaTypes=[*/*]]]
2025-12-16 14:50:48.103 [http-nio-8000-exec-6] DEBUG o.s.s.w.a.DelegatingAuthenticationEntryPoint - Match found! Executing org.springframework.security.web.authentication.LoginUrlAuthenticationEntryPoint@1124fd8
2025-12-16 14:50:48.103 [http-nio-8000-exec-6] DEBUG o.s.s.web.DefaultRedirectStrategy - Redirecting to http://localhost:8000/login
2025-12-16 14:50:48.108 [http-nio-8000-exec-7] DEBUG o.s.security.web.FilterChainProxy - Securing GET /login
2025-12-16 14:50:51.288 [HikariPool-1 housekeeper] DEBUG com.zaxxer.hikari.pool.HikariPool - HikariPool-1 - Before cleanup stats (total=2, active=0, idle=2, waiting=0)
2025-12-16 14:50:51.288 [HikariPool-1 housekeeper] DEBUG com.zaxxer.hikari.pool.HikariPool - HikariPool-1 - After cleanup  stats (total=2, active=0, idle=2, waiting=0)
2025-12-16 14:50:51.288 [HikariPool-1 housekeeper] DEBUG com.zaxxer.hikari.pool.HikariPool - HikariPool-1 - Fill pool skipped, pool has sufficient level or currently being filled (queueDepth=0).
2025-12-16 14:50:54.050 [scheduling-1] INFO  c.e.m.s.Impl.EmailQueueServiceImpl - 处理邮件队列，待处理项: 0
2025-12-16 14:51:21.297 [HikariPool-1 housekeeper] DEBUG com.zaxxer.hikari.pool.HikariPool - HikariPool-1 - Before cleanup stats (total=2, active=0, idle=2, waiting=0)
2025-12-16 14:51:21.298 [HikariPool-1 housekeeper] DEBUG com.zaxxer.hikari.pool.HikariPool - HikariPool-1 - After cleanup  stats (total=2, active=0, idle=2, waiting=0)
2025-12-16 14:51:21.298 [HikariPool-1 housekeeper] DEBUG com.zaxxer.hikari.pool.HikariPool - HikariPool-1 - Fill pool skipped, pool has sufficient level or currently being filled (queueDepth=0).
2025-12-16 14:51:51.313 [HikariPool-1 housekeeper] DEBUG com.zaxxer.hikari.pool.HikariPool - HikariPool-1 - Before cleanup stats (total=2, active=0, idle=2, waiting=0)
2025-12-16 14:51:51.313 [HikariPool-1 housekeeper] DEBUG com.zaxxer.hikari.pool.HikariPool - HikariPool-1 - After cleanup  stats (total=2, active=0, idle=2, waiting=0)
2025-12-16 14:51:51.313 [HikariPool-1 housekeeper] DEBUG com.zaxxer.hikari.pool.HikariPool - HikariPool-1 - Fill pool skipped, pool has sufficient level or currently being filled (queueDepth=0).
2025-12-16 14:51:54.054 [scheduling-1] INFO  c.e.m.s.Impl.EmailQueueServiceImpl - 处理邮件队列，待处理项: 0
2025-12-16 14:52:21.320 [HikariPool-1 housekeeper] DEBUG com.zaxxer.hikari.pool.HikariPool - HikariPool-1 - Before cleanup stats (total=2, active=0, idle=2, waiting=0)
2025-12-16 14:52:21.320 [HikariPool-1 housekeeper] DEBUG com.zaxxer.hikari.pool.HikariPool - HikariPool-1 - After cleanup  stats (total=2, active=0, idle=2, waiting=0)
2025-12-16 14:52:21.320 [HikariPool-1 housekeeper] DEBUG com.zaxxer.hikari.pool.HikariPool - HikariPool-1 - Fill pool skipped, pool has sufficient level or currently being filled (queueDepth=0).
2025-12-16 14:52:51.329 [HikariPool-1 housekeeper] DEBUG com.zaxxer.hikari.pool.HikariPool - HikariPool-1 - Before cleanup stats (total=2, active=0, idle=2, waiting=0)
2025-12-16 14:52:51.329 [HikariPool-1 housekeeper] DEBUG com.zaxxer.hikari.pool.HikariPool - HikariPool-1 - After cleanup  stats (total=2, active=0, idle=2, waiting=0)
2025-12-16 14:52:51.329 [HikariPool-1 housekeeper] DEBUG com.zaxxer.hikari.pool.HikariPool - HikariPool-1 - Fill pool skipped, pool has sufficient level or currently being filled (queueDepth=0).
2025-12-16 14:52:54.048 [scheduling-1] INFO  c.e.m.s.Impl.EmailQueueServiceImpl - 处理邮件队列，待处理项: 0
2025-12-16 14:53:09.510 [http-nio-8000-exec-1] DEBUG o.s.security.web.FilterChainProxy - Securing GET /login
2025-12-16 14:53:10.024 [http-nio-8000-exec-3] DEBUG o.s.security.web.FilterChainProxy - Securing GET /@vite/client
2025-12-16 14:53:10.024 [http-nio-8000-exec-3] DEBUG o.s.s.w.a.AnonymousAuthenticationFilter - Set SecurityContextHolder to anonymous SecurityContext
2025-12-16 14:53:10.025 [http-nio-8000-exec-3] DEBUG o.s.s.w.s.HttpSessionRequestCache - Saved request http://localhost:8000/@vite/client?continue to session
2025-12-16 14:53:10.025 [http-nio-8000-exec-3] DEBUG o.s.s.w.a.DelegatingAuthenticationEntryPoint - Trying to match using And [Not [RequestHeaderRequestMatcher [expectedHeaderName=X-Requested-With, expectedHeaderValue=XMLHttpRequest]], MediaTypeRequestMatcher [contentNegotiationStrategy=org.springframework.web.accept.ContentNegotiationManager@37884b27, matchingMediaTypes=[application/xhtml+xml, image/*, text/html, text/plain], useEquals=false, ignoredMediaTypes=[*/*]]]
2025-12-16 14:53:10.025 [http-nio-8000-exec-3] DEBUG o.s.s.w.a.DelegatingAuthenticationEntryPoint - Trying to match using Or [RequestHeaderRequestMatcher [expectedHeaderName=X-Requested-With, expectedHeaderValue=XMLHttpRequest], And [Not [MediaTypeRequestMatcher [contentNegotiationStrategy=org.springframework.web.accept.ContentNegotiationManager@37884b27, matchingMediaTypes=[text/html], useEquals=false, ignoredMediaTypes=[]]], MediaTypeRequestMatcher [contentNegotiationStrategy=org.springframework.web.accept.ContentNegotiationManager@37884b27, matchingMediaTypes=[application/atom+xml, application/x-www-form-urlencoded, application/json, application/octet-stream, application/xml, multipart/form-data, text/xml], useEquals=false, ignoredMediaTypes=[*/*]]], MediaTypeRequestMatcher [contentNegotiationStrategy=org.springframework.web.accept.ContentNegotiationManager@37884b27, matchingMediaTypes=[*/*], useEquals=true, ignoredMediaTypes=[]]]
2025-12-16 14:53:10.025 [http-nio-8000-exec-3] DEBUG o.s.s.w.a.DelegatingAuthenticationEntryPoint - Match found! Executing org.springframework.security.web.authentication.DelegatingAuthenticationEntryPoint@39c65cb4
2025-12-16 14:53:10.025 [http-nio-8000-exec-3] DEBUG o.s.s.w.a.DelegatingAuthenticationEntryPoint - Trying to match using RequestHeaderRequestMatcher [expectedHeaderName=X-Requested-With, expectedHeaderValue=XMLHttpRequest]
2025-12-16 14:53:10.026 [http-nio-8000-exec-3] DEBUG o.s.s.w.a.DelegatingAuthenticationEntryPoint - No match found. Using default entry point org.springframework.security.web.authentication.www.BasicAuthenticationEntryPoint@1db60a3c
2025-12-16 14:53:10.026 [http-nio-8000-exec-3] DEBUG o.s.security.web.FilterChainProxy - Securing GET /error
2025-12-16 14:53:10.026 [http-nio-8000-exec-3] DEBUG o.s.s.w.a.AnonymousAuthenticationFilter - Set SecurityContextHolder to anonymous SecurityContext
2025-12-16 14:53:10.027 [http-nio-8000-exec-3] DEBUG o.s.s.w.s.HttpSessionRequestCache - Saved request http://localhost:8000/error?continue to session
2025-12-16 14:53:10.027 [http-nio-8000-exec-3] DEBUG o.s.s.w.a.DelegatingAuthenticationEntryPoint - Trying to match using And [Not [RequestHeaderRequestMatcher [expectedHeaderName=X-Requested-With, expectedHeaderValue=XMLHttpRequest]], MediaTypeRequestMatcher [contentNegotiationStrategy=org.springframework.web.accept.ContentNegotiationManager@37884b27, matchingMediaTypes=[application/xhtml+xml, image/*, text/html, text/plain], useEquals=false, ignoredMediaTypes=[*/*]]]
2025-12-16 14:53:10.027 [http-nio-8000-exec-3] DEBUG o.s.s.w.a.DelegatingAuthenticationEntryPoint - Trying to match using Or [RequestHeaderRequestMatcher [expectedHeaderName=X-Requested-With, expectedHeaderValue=XMLHttpRequest], And [Not [MediaTypeRequestMatcher [contentNegotiationStrategy=org.springframework.web.accept.ContentNegotiationManager@37884b27, matchingMediaTypes=[text/html], useEquals=false, ignoredMediaTypes=[]]], MediaTypeRequestMatcher [contentNegotiationStrategy=org.springframework.web.accept.ContentNegotiationManager@37884b27, matchingMediaTypes=[application/atom+xml, application/x-www-form-urlencoded, application/json, application/octet-stream, application/xml, multipart/form-data, text/xml], useEquals=false, ignoredMediaTypes=[*/*]]], MediaTypeRequestMatcher [contentNegotiationStrategy=org.springframework.web.accept.ContentNegotiationManager@37884b27, matchingMediaTypes=[*/*], useEquals=true, ignoredMediaTypes=[]]]
2025-12-16 14:53:10.027 [http-nio-8000-exec-3] DEBUG o.s.s.w.a.DelegatingAuthenticationEntryPoint - Match found! Executing org.springframework.security.web.authentication.DelegatingAuthenticationEntryPoint@39c65cb4
2025-12-16 14:53:10.027 [http-nio-8000-exec-3] DEBUG o.s.s.w.a.DelegatingAuthenticationEntryPoint - Trying to match using RequestHeaderRequestMatcher [expectedHeaderName=X-Requested-With, expectedHeaderValue=XMLHttpRequest]
2025-12-16 14:53:10.027 [http-nio-8000-exec-3] DEBUG o.s.s.w.a.DelegatingAuthenticationEntryPoint - No match found. Using default entry point org.springframework.security.web.authentication.www.BasicAuthenticationEntryPoint@1db60a3c
2025-12-16 14:53:21.345 [HikariPool-1 housekeeper] DEBUG com.zaxxer.hikari.pool.HikariPool - HikariPool-1 - Before cleanup stats (total=2, active=0, idle=2, waiting=0)
2025-12-16 14:53:21.346 [HikariPool-1 housekeeper] DEBUG com.zaxxer.hikari.pool.HikariPool - HikariPool-1 - After cleanup  stats (total=2, active=0, idle=2, waiting=0)
2025-12-16 14:53:21.346 [HikariPool-1 housekeeper] DEBUG com.zaxxer.hikari.pool.HikariPool - HikariPool-1 - Fill pool skipped, pool has sufficient level or currently being filled (queueDepth=0).
2025-12-16 14:53:35.244 [http-nio-8000-exec-2] DEBUG o.s.security.web.FilterChainProxy - Securing POST /login
2025-12-16 14:53:35.399 [http-nio-8000-exec-2] DEBUG o.s.s.a.d.DaoAuthenticationProvider - Failed to find user '12'
2025-12-16 14:53:35.405 [http-nio-8000-exec-2] DEBUG o.s.s.web.DefaultRedirectStrategy - Redirecting to /login?error
2025-12-16 14:53:35.409 [http-nio-8000-exec-4] DEBUG o.s.security.web.FilterChainProxy - Securing GET /login?error
2025-12-16 14:53:35.437 [http-nio-8000-exec-5] DEBUG o.s.security.web.FilterChainProxy - Securing GET /@vite/client
2025-12-16 14:53:35.438 [http-nio-8000-exec-5] DEBUG o.s.s.w.a.AnonymousAuthenticationFilter - Set SecurityContextHolder to anonymous SecurityContext
2025-12-16 14:53:35.438 [http-nio-8000-exec-5] DEBUG o.s.s.w.s.HttpSessionRequestCache - Saved request http://localhost:8000/@vite/client?continue to session
2025-12-16 14:53:35.438 [http-nio-8000-exec-5] DEBUG o.s.s.w.a.DelegatingAuthenticationEntryPoint - Trying to match using And [Not [RequestHeaderRequestMatcher [expectedHeaderName=X-Requested-With, expectedHeaderValue=XMLHttpRequest]], MediaTypeRequestMatcher [contentNegotiationStrategy=org.springframework.web.accept.ContentNegotiationManager@37884b27, matchingMediaTypes=[application/xhtml+xml, image/*, text/html, text/plain], useEquals=false, ignoredMediaTypes=[*/*]]]
2025-12-16 14:53:35.439 [http-nio-8000-exec-5] DEBUG o.s.s.w.a.DelegatingAuthenticationEntryPoint - Trying to match using Or [RequestHeaderRequestMatcher [expectedHeaderName=X-Requested-With, expectedHeaderValue=XMLHttpRequest], And [Not [MediaTypeRequestMatcher [contentNegotiationStrategy=org.springframework.web.accept.ContentNegotiationManager@37884b27, matchingMediaTypes=[text/html], useEquals=false, ignoredMediaTypes=[]]], MediaTypeRequestMatcher [contentNegotiationStrategy=org.springframework.web.accept.ContentNegotiationManager@37884b27, matchingMediaTypes=[application/atom+xml, application/x-www-form-urlencoded, application/json, application/octet-stream, application/xml, multipart/form-data, text/xml], useEquals=false, ignoredMediaTypes=[*/*]]], MediaTypeRequestMatcher [contentNegotiationStrategy=org.springframework.web.accept.ContentNegotiationManager@37884b27, matchingMediaTypes=[*/*], useEquals=true, ignoredMediaTypes=[]]]
2025-12-16 14:53:35.439 [http-nio-8000-exec-5] DEBUG o.s.s.w.a.DelegatingAuthenticationEntryPoint - Match found! Executing org.springframework.security.web.authentication.DelegatingAuthenticationEntryPoint@39c65cb4
2025-12-16 14:53:35.439 [http-nio-8000-exec-5] DEBUG o.s.s.w.a.DelegatingAuthenticationEntryPoint - Trying to match using RequestHeaderRequestMatcher [expectedHeaderName=X-Requested-With, expectedHeaderValue=XMLHttpRequest]
2025-12-16 14:53:35.439 [http-nio-8000-exec-5] DEBUG o.s.s.w.a.DelegatingAuthenticationEntryPoint - No match found. Using default entry point org.springframework.security.web.authentication.www.BasicAuthenticationEntryPoint@1db60a3c
2025-12-16 14:53:35.439 [http-nio-8000-exec-5] DEBUG o.s.security.web.FilterChainProxy - Securing GET /error
2025-12-16 14:53:35.439 [http-nio-8000-exec-5] DEBUG o.s.s.w.a.AnonymousAuthenticationFilter - Set SecurityContextHolder to anonymous SecurityContext
2025-12-16 14:53:35.440 [http-nio-8000-exec-5] DEBUG o.s.s.w.s.HttpSessionRequestCache - Saved request http://localhost:8000/error?continue to session
2025-12-16 14:53:35.440 [http-nio-8000-exec-5] DEBUG o.s.s.w.a.DelegatingAuthenticationEntryPoint - Trying to match using And [Not [RequestHeaderRequestMatcher [expectedHeaderName=X-Requested-With, expectedHeaderValue=XMLHttpRequest]], MediaTypeRequestMatcher [contentNegotiationStrategy=org.springframework.web.accept.ContentNegotiationManager@37884b27, matchingMediaTypes=[application/xhtml+xml, image/*, text/html, text/plain], useEquals=false, ignoredMediaTypes=[*/*]]]
2025-12-16 14:53:35.440 [http-nio-8000-exec-5] DEBUG o.s.s.w.a.DelegatingAuthenticationEntryPoint - Trying to match using Or [RequestHeaderRequestMatcher [expectedHeaderName=X-Requested-With, expectedHeaderValue=XMLHttpRequest], And [Not [MediaTypeRequestMatcher [contentNegotiationStrategy=org.springframework.web.accept.ContentNegotiationManager@37884b27, matchingMediaTypes=[text/html], useEquals=false, ignoredMediaTypes=[]]], MediaTypeRequestMatcher [contentNegotiationStrategy=org.springframework.web.accept.ContentNegotiationManager@37884b27, matchingMediaTypes=[application/atom+xml, application/x-www-form-urlencoded, application/json, application/octet-stream, application/xml, multipart/form-data, text/xml], useEquals=false, ignoredMediaTypes=[*/*]]], MediaTypeRequestMatcher [contentNegotiationStrategy=org.springframework.web.accept.ContentNegotiationManager@37884b27, matchingMediaTypes=[*/*], useEquals=true, ignoredMediaTypes=[]]]
2025-12-16 14:53:35.440 [http-nio-8000-exec-5] DEBUG o.s.s.w.a.DelegatingAuthenticationEntryPoint - Match found! Executing org.springframework.security.web.authentication.DelegatingAuthenticationEntryPoint@39c65cb4
2025-12-16 14:53:35.440 [http-nio-8000-exec-5] DEBUG o.s.s.w.a.DelegatingAuthenticationEntryPoint - Trying to match using RequestHeaderRequestMatcher [expectedHeaderName=X-Requested-With, expectedHeaderValue=XMLHttpRequest]
2025-12-16 14:53:35.440 [http-nio-8000-exec-5] DEBUG o.s.s.w.a.DelegatingAuthenticationEntryPoint - No match found. Using default entry point org.springframework.security.web.authentication.www.BasicAuthenticationEntryPoint@1db60a3c
2025-12-16 14:53:51.350 [HikariPool-1 housekeeper] DEBUG com.zaxxer.hikari.pool.HikariPool - HikariPool-1 - Before cleanup stats (total=2, active=0, idle=2, waiting=0)
2025-12-16 14:53:51.350 [HikariPool-1 housekeeper] DEBUG com.zaxxer.hikari.pool.HikariPool - HikariPool-1 - After cleanup  stats (total=2, active=0, idle=2, waiting=0)
2025-12-16 14:53:51.350 [HikariPool-1 housekeeper] DEBUG com.zaxxer.hikari.pool.HikariPool - HikariPool-1 - Fill pool skipped, pool has sufficient level or currently being filled (queueDepth=0).
2025-12-16 14:53:54.051 [scheduling-1] INFO  c.e.m.s.Impl.EmailQueueServiceImpl - 处理邮件队列，待处理项: 0
2025-12-16 14:54:21.355 [HikariPool-1 housekeeper] DEBUG com.zaxxer.hikari.pool.HikariPool - HikariPool-1 - Before cleanup stats (total=2, active=0, idle=2, waiting=0)
2025-12-16 14:54:21.355 [HikariPool-1 housekeeper] DEBUG com.zaxxer.hikari.pool.HikariPool - HikariPool-1 - After cleanup  stats (total=2, active=0, idle=2, waiting=0)
2025-12-16 14:54:21.355 [HikariPool-1 housekeeper] DEBUG com.zaxxer.hikari.pool.HikariPool - HikariPool-1 - Fill pool skipped, pool has sufficient level or currently being filled (queueDepth=0).
2025-12-16 14:54:39.514 [background-preinit] DEBUG org.jboss.logging - Logging Provider: org.jboss.logging.Slf4jLoggerProvider found via system property
2025-12-16 14:54:39.517 [background-preinit] INFO  o.h.validator.internal.util.Version - HV000001: Hibernate Validator 8.0.1.Final
2025-12-16 14:54:39.593 [main] INFO  c.example.mailbox.MailboxApplication - Starting MailboxApplication using Java 22.0.2 with PID 31624 (C:\Users\Administrator\Desktop\计网实验\SMTPService\target\classes started by Administrator in C:\Users\Administrator\Desktop\计网实验\SMTPService)
2025-12-16 14:54:39.593 [main] DEBUG c.example.mailbox.MailboxApplication - Running with Spring Boot v3.2.0, Spring v6.1.1
2025-12-16 14:54:39.593 [main] INFO  c.example.mailbox.MailboxApplication - The following 1 profile is active: "dev"
2025-12-16 14:54:40.259 [main] INFO  o.s.d.r.c.RepositoryConfigurationDelegate - Multiple Spring Data modules found, entering strict repository configuration mode
2025-12-16 14:54:40.261 [main] INFO  o.s.d.r.c.RepositoryConfigurationDelegate - Bootstrapping Spring Data JPA repositories in DEFAULT mode.
2025-12-16 14:54:40.400 [main] INFO  o.s.d.r.c.RepositoryConfigurationDelegate - Finished Spring Data repository scanning in 133 ms. Found 9 JPA repository interfaces.
2025-12-16 14:54:40.413 [main] INFO  o.s.d.r.c.RepositoryConfigurationDelegate - Multiple Spring Data modules found, entering strict repository configuration mode
2025-12-16 14:54:40.414 [main] INFO  o.s.d.r.c.RepositoryConfigurationDelegate - Bootstrapping Spring Data Redis repositories in DEFAULT mode.
2025-12-16 14:54:40.427 [main] INFO  o.s.d.r.c.RepositoryConfigurationExtensionSupport - Spring Data Redis - Could not safely identify store assignment for repository candidate interface com.example.mailbox.repository.AttachmentRepository; If you want this repository to be a Redis repository, consider annotating your entities with one of these annotations: org.springframework.data.redis.core.RedisHash (preferred), or consider extending one of the following types with your repository: org.springframework.data.keyvalue.repository.KeyValueRepository
2025-12-16 14:54:40.427 [main] INFO  o.s.d.r.c.RepositoryConfigurationExtensionSupport - Spring Data Redis - Could not safely identify store assignment for repository candidate interface com.example.mailbox.repository.BlacklistRepository; If you want this repository to be a Redis repository, consider annotating your entities with one of these annotations: org.springframework.data.redis.core.RedisHash (preferred), or consider extending one of the following types with your repository: org.springframework.data.keyvalue.repository.KeyValueRepository
2025-12-16 14:54:40.427 [main] INFO  o.s.d.r.c.RepositoryConfigurationExtensionSupport - Spring Data Redis - Could not safely identify store assignment for repository candidate interface com.example.mailbox.repository.EmailQueueRepository; If you want this repository to be a Redis repository, consider annotating your entities with one of these annotations: org.springframework.data.redis.core.RedisHash (preferred), or consider extending one of the following types with your repository: org.springframework.data.keyvalue.repository.KeyValueRepository
2025-12-16 14:54:40.427 [main] INFO  o.s.d.r.c.RepositoryConfigurationExtensionSupport - Spring Data Redis - Could not safely identify store assignment for repository candidate interface com.example.mailbox.repository.EmailRepository; If you want this repository to be a Redis repository, consider annotating your entities with one of these annotations: org.springframework.data.redis.core.RedisHash (preferred), or consider extending one of the following types with your repository: org.springframework.data.keyvalue.repository.KeyValueRepository
2025-12-16 14:54:40.427 [main] INFO  o.s.d.r.c.RepositoryConfigurationExtensionSupport - Spring Data Redis - Could not safely identify store assignment for repository candidate interface com.example.mailbox.repository.GroupMemberRepository; If you want this repository to be a Redis repository, consider annotating your entities with one of these annotations: org.springframework.data.redis.core.RedisHash (preferred), or consider extending one of the following types with your repository: org.springframework.data.keyvalue.repository.KeyValueRepository
2025-12-16 14:54:40.428 [main] INFO  o.s.d.r.c.RepositoryConfigurationExtensionSupport - Spring Data Redis - Could not safely identify store assignment for repository candidate interface com.example.mailbox.repository.GroupRepository; If you want this repository to be a Redis repository, consider annotating your entities with one of these annotations: org.springframework.data.redis.core.RedisHash (preferred), or consider extending one of the following types with your repository: org.springframework.data.keyvalue.repository.KeyValueRepository
2025-12-16 14:54:40.428 [main] INFO  o.s.d.r.c.RepositoryConfigurationExtensionSupport - Spring Data Redis - Could not safely identify store assignment for repository candidate interface com.example.mailbox.repository.ServerConfigRepository; If you want this repository to be a Redis repository, consider annotating your entities with one of these annotations: org.springframework.data.redis.core.RedisHash (preferred), or consider extending one of the following types with your repository: org.springframework.data.keyvalue.repository.KeyValueRepository
2025-12-16 14:54:40.428 [main] INFO  o.s.d.r.c.RepositoryConfigurationExtensionSupport - Spring Data Redis - Could not safely identify store assignment for repository candidate interface com.example.mailbox.repository.SystemLogRepository; If you want this repository to be a Redis repository, consider annotating your entities with one of these annotations: org.springframework.data.redis.core.RedisHash (preferred), or consider extending one of the following types with your repository: org.springframework.data.keyvalue.repository.KeyValueRepository
2025-12-16 14:54:40.428 [main] INFO  o.s.d.r.c.RepositoryConfigurationExtensionSupport - Spring Data Redis - Could not safely identify store assignment for repository candidate interface com.example.mailbox.repository.UserRepository; If you want this repository to be a Redis repository, consider annotating your entities with one of these annotations: org.springframework.data.redis.core.RedisHash (preferred), or consider extending one of the following types with your repository: org.springframework.data.keyvalue.repository.KeyValueRepository
2025-12-16 14:54:40.428 [main] INFO  o.s.d.r.c.RepositoryConfigurationDelegate - Finished Spring Data repository scanning in 8 ms. Found 0 Redis repository interfaces.
2025-12-16 14:54:40.937 [main] INFO  o.s.b.w.e.tomcat.TomcatWebServer - Tomcat initialized with port 8000 (http)
2025-12-16 14:54:40.943 [main] INFO  o.a.coyote.http11.Http11NioProtocol - Initializing ProtocolHandler ["http-nio-8000"]
2025-12-16 14:54:40.945 [main] INFO  o.a.catalina.core.StandardService - Starting service [Tomcat]
2025-12-16 14:54:40.945 [main] INFO  o.a.catalina.core.StandardEngine - Starting Servlet engine: [Apache Tomcat/10.1.16]
2025-12-16 14:54:41.028 [main] INFO  o.a.c.c.C.[Tomcat].[localhost].[/] - Initializing Spring embedded WebApplicationContext
2025-12-16 14:54:41.028 [main] INFO  o.s.b.w.s.c.ServletWebServerApplicationContext - Root WebApplicationContext: initialization completed in 1399 ms
2025-12-16 14:54:41.044 [main] DEBUG com.zaxxer.hikari.HikariConfig - Driver class com.mysql.cj.jdbc.Driver found in Thread context class loader jdk.internal.loader.ClassLoaders$AppClassLoader@6bc7c054
2025-12-16 14:54:41.060 [main] DEBUG com.zaxxer.hikari.HikariConfig - HikariPool-1 - configuration:
2025-12-16 14:54:41.066 [main] DEBUG com.zaxxer.hikari.HikariConfig - allowPoolSuspension.............false
2025-12-16 14:54:41.066 [main] DEBUG com.zaxxer.hikari.HikariConfig - autoCommit......................true
2025-12-16 14:54:41.066 [main] DEBUG com.zaxxer.hikari.HikariConfig - catalog.........................none
2025-12-16 14:54:41.067 [main] DEBUG com.zaxxer.hikari.HikariConfig - connectionInitSql...............none
2025-12-16 14:54:41.067 [main] DEBUG com.zaxxer.hikari.HikariConfig - connectionTestQuery.............none
2025-12-16 14:54:41.068 [main] DEBUG com.zaxxer.hikari.HikariConfig - connectionTimeout...............30000
2025-12-16 14:54:41.068 [main] DEBUG com.zaxxer.hikari.HikariConfig - dataSource......................none
2025-12-16 14:54:41.068 [main] DEBUG com.zaxxer.hikari.HikariConfig - dataSourceClassName.............none
2025-12-16 14:54:41.068 [main] DEBUG com.zaxxer.hikari.HikariConfig - dataSourceJNDI..................none
2025-12-16 14:54:41.068 [main] DEBUG com.zaxxer.hikari.HikariConfig - dataSourceProperties............{password=<masked>}
2025-12-16 14:54:41.068 [main] DEBUG com.zaxxer.hikari.HikariConfig - driverClassName................."com.mysql.cj.jdbc.Driver"
2025-12-16 14:54:41.069 [main] DEBUG com.zaxxer.hikari.HikariConfig - exceptionOverrideClassName......none
2025-12-16 14:54:41.069 [main] DEBUG com.zaxxer.hikari.HikariConfig - healthCheckProperties...........{}
2025-12-16 14:54:41.069 [main] DEBUG com.zaxxer.hikari.HikariConfig - healthCheckRegistry.............none
2025-12-16 14:54:41.069 [main] DEBUG com.zaxxer.hikari.HikariConfig - idleTimeout.....................600000
2025-12-16 14:54:41.070 [main] DEBUG com.zaxxer.hikari.HikariConfig - initializationFailTimeout.......1
2025-12-16 14:54:41.070 [main] DEBUG com.zaxxer.hikari.HikariConfig - isolateInternalQueries..........false
2025-12-16 14:54:41.070 [main] DEBUG com.zaxxer.hikari.HikariConfig - jdbcUrl.........................jdbc:mysql://localhost:3306/mailbox_prod?useSSL=false&serverTimezone=UTC&characterEncoding=utf-8
2025-12-16 14:54:41.071 [main] DEBUG com.zaxxer.hikari.HikariConfig - keepaliveTime...................0
2025-12-16 14:54:41.071 [main] DEBUG com.zaxxer.hikari.HikariConfig - leakDetectionThreshold..........0
2025-12-16 14:54:41.071 [main] DEBUG com.zaxxer.hikari.HikariConfig - maxLifetime.....................1800000
2025-12-16 14:54:41.071 [main] DEBUG com.zaxxer.hikari.HikariConfig - maximumPoolSize.................5
2025-12-16 14:54:41.071 [main] DEBUG com.zaxxer.hikari.HikariConfig - metricRegistry..................none
2025-12-16 14:54:41.071 [main] DEBUG com.zaxxer.hikari.HikariConfig - metricsTrackerFactory...........none
2025-12-16 14:54:41.071 [main] DEBUG com.zaxxer.hikari.HikariConfig - minimumIdle.....................2
2025-12-16 14:54:41.071 [main] DEBUG com.zaxxer.hikari.HikariConfig - password........................<masked>
2025-12-16 14:54:41.071 [main] DEBUG com.zaxxer.hikari.HikariConfig - poolName........................"HikariPool-1"
2025-12-16 14:54:41.072 [main] DEBUG com.zaxxer.hikari.HikariConfig - readOnly........................false
2025-12-16 14:54:41.072 [main] DEBUG com.zaxxer.hikari.HikariConfig - registerMbeans..................false
2025-12-16 14:54:41.072 [main] DEBUG com.zaxxer.hikari.HikariConfig - scheduledExecutor...............none
2025-12-16 14:54:41.072 [main] DEBUG com.zaxxer.hikari.HikariConfig - schema..........................none
2025-12-16 14:54:41.072 [main] DEBUG com.zaxxer.hikari.HikariConfig - threadFactory...................internal
2025-12-16 14:54:41.072 [main] DEBUG com.zaxxer.hikari.HikariConfig - transactionIsolation............default
2025-12-16 14:54:41.072 [main] DEBUG com.zaxxer.hikari.HikariConfig - username........................"root"
2025-12-16 14:54:41.072 [main] DEBUG com.zaxxer.hikari.HikariConfig - validationTimeout...............5000
2025-12-16 14:54:41.073 [main] INFO  com.zaxxer.hikari.HikariDataSource - HikariPool-1 - Starting...
2025-12-16 14:54:41.227 [main] INFO  com.zaxxer.hikari.pool.HikariPool - HikariPool-1 - Added connection com.mysql.cj.jdbc.ConnectionImpl@64910b2d
2025-12-16 14:54:41.229 [main] INFO  com.zaxxer.hikari.HikariDataSource - HikariPool-1 - Start completed.
2025-12-16 14:54:41.236 [main] INFO  o.s.b.a.h.H2ConsoleAutoConfiguration - H2 console available at '/h2-console'. Database available at 'jdbc:mysql://localhost:3306/mailbox_prod?useSSL=false&serverTimezone=UTC&characterEncoding=utf-8'
2025-12-16 14:54:41.314 [main] INFO  o.h.jpa.internal.util.LogHelper - HHH000204: Processing PersistenceUnitInfo [name: default]
2025-12-16 14:54:41.332 [HikariPool-1 housekeeper] DEBUG com.zaxxer.hikari.pool.HikariPool - HikariPool-1 - Before cleanup stats (total=1, active=0, idle=1, waiting=0)
2025-12-16 14:54:41.332 [HikariPool-1 housekeeper] DEBUG com.zaxxer.hikari.pool.HikariPool - HikariPool-1 - After cleanup  stats (total=1, active=0, idle=1, waiting=0)
2025-12-16 14:54:41.344 [HikariPool-1 connection adder] DEBUG com.zaxxer.hikari.pool.HikariPool - HikariPool-1 - Added connection com.mysql.cj.jdbc.ConnectionImpl@19278fe0
2025-12-16 14:54:41.358 [main] INFO  org.hibernate.Version - HHH000412: Hibernate ORM core version 6.3.1.Final
2025-12-16 14:54:41.362 [HikariPool-1 connection adder] DEBUG com.zaxxer.hikari.pool.HikariPool - HikariPool-1 - After adding stats (total=2, active=0, idle=2, waiting=0)
2025-12-16 14:54:41.387 [main] INFO  o.h.c.i.RegionFactoryInitiator - HHH000026: Second-level cache disabled
2025-12-16 14:54:41.556 [main] INFO  o.s.o.j.p.SpringPersistenceUnitInfo - No LoadTimeWeaver setup: ignoring JPA class transformer
2025-12-16 14:54:41.609 [main] WARN  org.hibernate.orm.deprecation - HHH90000025: MySQL8Dialect does not need to be specified explicitly using 'hibernate.dialect' (remove the property setting and it will be selected by default)
2025-12-16 14:54:41.610 [main] WARN  org.hibernate.orm.deprecation - HHH90000026: MySQL8Dialect has been deprecated; use org.hibernate.dialect.MySQLDialect instead
2025-12-16 14:54:42.387 [main] INFO  o.h.e.t.j.p.i.JtaPlatformInitiator - HHH000489: No JTA platform available (set 'hibernate.transaction.jta.platform' to enable JTA platform integration)
2025-12-16 14:54:42.500 [main] INFO  o.s.o.j.LocalContainerEntityManagerFactoryBean - Initialized JPA EntityManagerFactory for persistence unit 'default'
2025-12-16 14:54:42.722 [main] INFO  o.s.d.j.r.query.QueryEnhancerFactory - Hibernate is in classpath; If applicable, HQL parser will be used.
2025-12-16 14:54:43.009 [main] DEBUG i.n.u.i.l.InternalLoggerFactory - Using SLF4J as the default logging framework
2025-12-16 14:54:43.012 [main] DEBUG i.l.c.r.AddressResolverGroupProvider - Starting with netty's non-blocking DNS resolver library
2025-12-16 14:54:43.029 [main] DEBUG i.n.util.internal.PlatformDependent0 - -Dio.netty.noUnsafe: false
2025-12-16 14:54:43.029 [main] DEBUG i.n.util.internal.PlatformDependent0 - Java version: 22
2025-12-16 14:54:43.031 [main] DEBUG i.n.util.internal.PlatformDependent0 - sun.misc.Unsafe.theUnsafe: available
2025-12-16 14:54:43.031 [main] DEBUG i.n.util.internal.PlatformDependent0 - sun.misc.Unsafe.copyMemory: available
2025-12-16 14:54:43.032 [main] DEBUG i.n.util.internal.PlatformDependent0 - sun.misc.Unsafe.storeFence: available
2025-12-16 14:54:43.032 [main] DEBUG i.n.util.internal.PlatformDependent0 - java.nio.Buffer.address: available
2025-12-16 14:54:43.033 [main] DEBUG i.n.util.internal.PlatformDependent0 - direct buffer constructor: unavailable: Reflective setAccessible(true) disabled
2025-12-16 14:54:43.033 [main] DEBUG i.n.util.internal.PlatformDependent0 - java.nio.Bits.unaligned: available, true
2025-12-16 14:54:43.034 [main] DEBUG i.n.util.internal.PlatformDependent0 - jdk.internal.misc.Unsafe.allocateUninitializedArray(int): unavailable: class io.netty.util.internal.PlatformDependent0$7 cannot access class jdk.internal.misc.Unsafe (in module java.base) because module java.base does not export jdk.internal.misc to unnamed module @58c1c010
2025-12-16 14:54:43.034 [main] DEBUG i.n.util.internal.PlatformDependent0 - java.nio.DirectByteBuffer.<init>(long, {int,long}): unavailable
2025-12-16 14:54:43.035 [main] DEBUG i.n.util.internal.PlatformDependent - sun.misc.Unsafe: available
2025-12-16 14:54:43.035 [main] DEBUG i.n.util.internal.PlatformDependent - -Dio.netty.tmpdir: C:\Users\ADMINI~1\AppData\Local\Temp (java.io.tmpdir)
2025-12-16 14:54:43.035 [main] DEBUG i.n.util.internal.PlatformDependent - -Dio.netty.bitMode: 64 (sun.arch.data.model)
2025-12-16 14:54:43.035 [main] DEBUG i.n.util.internal.PlatformDependent - Platform: Windows
2025-12-16 14:54:43.036 [main] DEBUG i.n.util.internal.PlatformDependent - -Dio.netty.maxDirectMemory: -1 bytes
2025-12-16 14:54:43.036 [main] DEBUG i.n.util.internal.PlatformDependent - -Dio.netty.uninitializedArrayAllocationThreshold: -1
2025-12-16 14:54:43.036 [main] DEBUG io.netty.util.internal.CleanerJava9 - java.nio.ByteBuffer.cleaner(): available
2025-12-16 14:54:43.036 [main] DEBUG i.n.util.internal.PlatformDependent - -Dio.netty.noPreferDirect: false
2025-12-16 14:54:43.040 [main] DEBUG io.netty.util.NetUtil - -Djava.net.preferIPv4Stack: false
2025-12-16 14:54:43.040 [main] DEBUG io.netty.util.NetUtil - -Djava.net.preferIPv6Addresses: false
2025-12-16 14:54:43.047 [main] DEBUG i.netty.util.NetUtilInitializations - Loopback interface: loopback_0 (Software Loopback Interface 1, 0:0:0:0:0:0:0:1)
2025-12-16 14:54:43.048 [main] DEBUG io.netty.util.NetUtil - Failed to get SOMAXCONN from sysctl and file \proc\sys\net\core\somaxconn. Default: 200
2025-12-16 14:54:43.049 [main] DEBUG i.netty.resolver.dns.DnsNameResolver - Default ResolvedAddressTypes: IPV4_PREFERRED
2025-12-16 14:54:43.049 [main] DEBUG i.netty.resolver.dns.DnsNameResolver - Localhost address: localhost/127.0.0.1
2025-12-16 14:54:43.056 [main] DEBUG i.netty.resolver.dns.DnsNameResolver - Windows hostname: User-2024PVQEOT
2025-12-16 14:54:43.058 [main] DEBUG i.netty.resolver.dns.DnsNameResolver - Default search domains: []
2025-12-16 14:54:43.060 [main] DEBUG i.netty.resolver.dns.DnsNameResolver - Default UnixResolverOptions{ndots=1, timeout=5, attempts=16}
2025-12-16 14:54:43.063 [main] DEBUG i.n.u.i.InternalThreadLocalMap - -Dio.netty.threadLocalMap.stringBuilder.initialSize: 1024
2025-12-16 14:54:43.063 [main] DEBUG i.n.u.i.InternalThreadLocalMap - -Dio.netty.threadLocalMap.stringBuilder.maxSize: 4096
2025-12-16 14:54:43.073 [main] DEBUG i.n.r.DefaultHostsFileEntriesResolver - -Dio.netty.hostsFileRefreshInterval: 0
2025-12-16 14:54:43.093 [main] DEBUG i.n.r.d.DefaultDnsServerAddressStreamProvider - Default DNS servers: [/10.71.211.219:53, /[240e:469:449:7083:0:0:0:87]:53] (sun.net.dns.ResolverConfiguration)
2025-12-16 14:54:43.095 [main] DEBUG i.l.core.resource.KqueueProvider - Starting without optional kqueue library
2025-12-16 14:54:43.097 [main] DEBUG i.l.core.resource.IOUringProvider - Starting without optional io_uring library
2025-12-16 14:54:43.111 [main] DEBUG i.l.core.resource.EpollProvider - Starting without optional epoll library
2025-12-16 14:54:43.121 [main] DEBUG i.l.c.r.DefaultClientResources - -Dio.netty.eventLoopThreads: 20
2025-12-16 14:54:43.127 [main] DEBUG i.l.c.r.DefaultEventLoopGroupProvider - Creating executor io.netty.util.concurrent.DefaultEventExecutorGroup
2025-12-16 14:54:43.134 [main] DEBUG i.n.u.concurrent.GlobalEventExecutor - -Dio.netty.globalEventExecutor.quietPeriodSeconds: 1
2025-12-16 14:54:43.144 [main] DEBUG io.netty.util.ResourceLeakDetector - -Dio.netty.leakDetection.level: simple
2025-12-16 14:54:43.144 [main] DEBUG io.netty.util.ResourceLeakDetector - -Dio.netty.leakDetection.targetRecords: 4
2025-12-16 14:54:43.144 [main] DEBUG i.n.util.ResourceLeakDetectorFactory - Loaded default ResourceLeakDetector: io.netty.util.ResourceLeakDetector@2f7af3d0
2025-12-16 14:54:43.150 [main] DEBUG i.n.util.internal.PlatformDependent - org.jctools-core.MpscChunkedArrayQueue: available
2025-12-16 14:54:43.158 [main] DEBUG reactor.util.Loggers - Using Slf4j logging framework
2025-12-16 14:54:43.161 [main] DEBUG i.l.c.event.jfr.EventRecorderHolder - Starting with JFR support
2025-12-16 14:54:43.177 [main] DEBUG i.l.c.r.DefaultClientResources - LatencyUtils/HdrUtils are not available, metrics are disabled
2025-12-16 14:54:43.338 [main] DEBUG c.e.m.filter.JwtAuthenticationFilter - Filter 'jwtAuthenticationFilter' configured for use
2025-12-16 14:54:43.485 [main] ERROR c.e.m.server.EnhancedSmtpServer - 启动SMTP服务器失败
java.net.BindException: Address already in use: bind
	at java.base/sun.nio.ch.Net.bind0(Native Method)
	at java.base/sun.nio.ch.Net.bind(Net.java:565)
	at java.base/sun.nio.ch.Net.bind(Net.java:554)
	at java.base/sun.nio.ch.NioSocketImpl.bind(NioSocketImpl.java:636)
	at java.base/java.net.ServerSocket.bind(ServerSocket.java:390)
	at java.base/java.net.ServerSocket.<init>(ServerSocket.java:277)
	at com.example.mailbox.server.EnhancedSmtpServer.start(EnhancedSmtpServer.java:116)
	at java.base/jdk.internal.reflect.DirectMethodHandleAccessor.invoke(DirectMethodHandleAccessor.java:103)
	at java.base/java.lang.reflect.Method.invoke(Method.java:580)
	at org.springframework.beans.factory.annotation.InitDestroyAnnotationBeanPostProcessor$LifecycleMethod.invoke(InitDestroyAnnotationBeanPostProcessor.java:457)
	at org.springframework.beans.factory.annotation.InitDestroyAnnotationBeanPostProcessor$LifecycleMetadata.invokeInitMethods(InitDestroyAnnotationBeanPostProcessor.java:401)
	at org.springframework.beans.factory.annotation.InitDestroyAnnotationBeanPostProcessor.postProcessBeforeInitialization(InitDestroyAnnotationBeanPostProcessor.java:219)
	at org.springframework.beans.factory.support.AbstractAutowireCapableBeanFactory.applyBeanPostProcessorsBeforeInitialization(AbstractAutowireCapableBeanFactory.java:421)
	at org.springframework.beans.factory.support.AbstractAutowireCapableBeanFactory.initializeBean(AbstractAutowireCapableBeanFactory.java:1767)
	at org.springframework.beans.factory.support.AbstractAutowireCapableBeanFactory.doCreateBean(AbstractAutowireCapableBeanFactory.java:601)
	at org.springframework.beans.factory.support.AbstractAutowireCapableBeanFactory.createBean(AbstractAutowireCapableBeanFactory.java:523)
	at org.springframework.beans.factory.support.AbstractBeanFactory.lambda$doGetBean$0(AbstractBeanFactory.java:325)
	at org.springframework.beans.factory.support.DefaultSingletonBeanRegistry.getSingleton(DefaultSingletonBeanRegistry.java:234)
	at org.springframework.beans.factory.support.AbstractBeanFactory.doGetBean(AbstractBeanFactory.java:323)
	at org.springframework.beans.factory.support.AbstractBeanFactory.getBean(AbstractBeanFactory.java:199)
	at org.springframework.beans.factory.config.DependencyDescriptor.resolveCandidate(DependencyDescriptor.java:254)
	at org.springframework.beans.factory.support.DefaultListableBeanFactory.doResolveDependency(DefaultListableBeanFactory.java:1441)
	at org.springframework.beans.factory.support.DefaultListableBeanFactory.resolveDependency(DefaultListableBeanFactory.java:1348)
	at org.springframework.beans.factory.annotation.AutowiredAnnotationBeanPostProcessor$AutowiredFieldElement.resolveFieldValue(AutowiredAnnotationBeanPostProcessor.java:769)
	at org.springframework.beans.factory.annotation.AutowiredAnnotationBeanPostProcessor$AutowiredFieldElement.inject(AutowiredAnnotationBeanPostProcessor.java:752)
	at org.springframework.beans.factory.annotation.InjectionMetadata.inject(InjectionMetadata.java:145)
	at org.springframework.beans.factory.annotation.AutowiredAnnotationBeanPostProcessor.postProcessProperties(AutowiredAnnotationBeanPostProcessor.java:493)
	at org.springframework.beans.factory.support.AbstractAutowireCapableBeanFactory.populateBean(AbstractAutowireCapableBeanFactory.java:1420)
	at org.springframework.beans.factory.support.AbstractAutowireCapableBeanFactory.doCreateBean(AbstractAutowireCapableBeanFactory.java:600)
	at org.springframework.beans.factory.support.AbstractAutowireCapableBeanFactory.createBean(AbstractAutowireCapableBeanFactory.java:523)
	at org.springframework.beans.factory.support.AbstractBeanFactory.lambda$doGetBean$0(AbstractBeanFactory.java:325)
	at org.springframework.beans.factory.support.DefaultSingletonBeanRegistry.getSingleton(DefaultSingletonBeanRegistry.java:234)
	at org.springframework.beans.factory.support.AbstractBeanFactory.doGetBean(AbstractBeanFactory.java:323)
	at org.springframework.beans.factory.support.AbstractBeanFactory.getBean(AbstractBeanFactory.java:199)
	at org.springframework.beans.factory.support.DefaultListableBeanFactory.preInstantiateSingletons(DefaultListableBeanFactory.java:973)
	at org.springframework.context.support.AbstractApplicationContext.finishBeanFactoryInitialization(AbstractApplicationContext.java:946)
	at org.springframework.context.support.AbstractApplicationContext.refresh(AbstractApplicationContext.java:616)
	at org.springframework.boot.web.servlet.context.ServletWebServerApplicationContext.refresh(ServletWebServerApplicationContext.java:146)
	at org.springframework.boot.SpringApplication.refresh(SpringApplication.java:753)
	at org.springframework.boot.SpringApplication.refreshContext(SpringApplication.java:455)
	at org.springframework.boot.SpringApplication.run(SpringApplication.java:323)
	at org.springframework.boot.SpringApplication.run(SpringApplication.java:1342)
	at org.springframework.boot.SpringApplication.run(SpringApplication.java:1331)
	at com.example.mailbox.MailboxApplication.main(MailboxApplication.java:21)
2025-12-16 14:54:43.494 [main] WARN  o.s.b.w.s.c.AnnotationConfigServletWebServerApplicationContext - Exception encountered during context initialization - cancelling refresh attempt: org.springframework.beans.factory.UnsatisfiedDependencyException: Error creating bean with name 'adminController': Unsatisfied dependency expressed through field 'smtpServer': Error creating bean with name 'enhancedSmtpServer': Invocation of init method failed
2025-12-16 14:54:43.496 [main] DEBUG io.lettuce.core.AbstractRedisClient - Initiate shutdown (100, 100, MILLISECONDS)
2025-12-16 14:54:43.503 [main] DEBUG i.l.c.r.DefaultClientResources - Initiate shutdown (0, 2, SECONDS)
2025-12-16 14:54:43.507 [main] DEBUG i.l.c.r.DefaultEventLoopGroupProvider - Initiate shutdown (0, 2, SECONDS)
2025-12-16 14:54:43.514 [main] INFO  o.s.o.j.LocalContainerEntityManagerFactoryBean - Closing JPA EntityManagerFactory for persistence unit 'default'
2025-12-16 14:54:43.517 [main] INFO  com.zaxxer.hikari.HikariDataSource - HikariPool-1 - Shutdown initiated...
2025-12-16 14:54:43.517 [main] DEBUG com.zaxxer.hikari.pool.HikariPool - HikariPool-1 - Before shutdown stats (total=2, active=0, idle=2, waiting=0)
2025-12-16 14:54:43.518 [HikariPool-1 connection closer] DEBUG com.zaxxer.hikari.pool.PoolBase - HikariPool-1 - Closing connection com.mysql.cj.jdbc.ConnectionImpl@64910b2d: (connection evicted)
2025-12-16 14:54:43.522 [HikariPool-1 connection closer] DEBUG com.zaxxer.hikari.pool.PoolBase - HikariPool-1 - Closing connection com.mysql.cj.jdbc.ConnectionImpl@19278fe0: (connection evicted)
2025-12-16 14:54:43.523 [main] DEBUG com.zaxxer.hikari.pool.HikariPool - HikariPool-1 - After shutdown stats (total=0, active=0, idle=0, waiting=0)
2025-12-16 14:54:43.523 [main] INFO  com.zaxxer.hikari.HikariDataSource - HikariPool-1 - Shutdown completed.
2025-12-16 14:54:43.524 [main] INFO  o.a.catalina.core.StandardService - Stopping service [Tomcat]
2025-12-16 14:54:43.535 [main] INFO  o.s.b.a.l.ConditionEvaluationReportLogger - 

Error starting ApplicationContext. To display the condition evaluation report re-run your application with 'debug' enabled.
2025-12-16 14:54:43.547 [main] ERROR o.s.boot.SpringApplication - Application run failed
org.springframework.beans.factory.UnsatisfiedDependencyException: Error creating bean with name 'adminController': Unsatisfied dependency expressed through field 'smtpServer': Error creating bean with name 'enhancedSmtpServer': Invocation of init method failed
	at org.springframework.beans.factory.annotation.AutowiredAnnotationBeanPostProcessor$AutowiredFieldElement.resolveFieldValue(AutowiredAnnotationBeanPostProcessor.java:772)
	at org.springframework.beans.factory.annotation.AutowiredAnnotationBeanPostProcessor$AutowiredFieldElement.inject(AutowiredAnnotationBeanPostProcessor.java:752)
	at org.springframework.beans.factory.annotation.InjectionMetadata.inject(InjectionMetadata.java:145)
	at org.springframework.beans.factory.annotation.AutowiredAnnotationBeanPostProcessor.postProcessProperties(AutowiredAnnotationBeanPostProcessor.java:493)
	at org.springframework.beans.factory.support.AbstractAutowireCapableBeanFactory.populateBean(AbstractAutowireCapableBeanFactory.java:1420)
	at org.springframework.beans.factory.support.AbstractAutowireCapableBeanFactory.doCreateBean(AbstractAutowireCapableBeanFactory.java:600)
	at org.springframework.beans.factory.support.AbstractAutowireCapableBeanFactory.createBean(AbstractAutowireCapableBeanFactory.java:523)
	at org.springframework.beans.factory.support.AbstractBeanFactory.lambda$doGetBean$0(AbstractBeanFactory.java:325)
	at org.springframework.beans.factory.support.DefaultSingletonBeanRegistry.getSingleton(DefaultSingletonBeanRegistry.java:234)
	at org.springframework.beans.factory.support.AbstractBeanFactory.doGetBean(AbstractBeanFactory.java:323)
	at org.springframework.beans.factory.support.AbstractBeanFactory.getBean(AbstractBeanFactory.java:199)
	at org.springframework.beans.factory.support.DefaultListableBeanFactory.preInstantiateSingletons(DefaultListableBeanFactory.java:973)
	at org.springframework.context.support.AbstractApplicationContext.finishBeanFactoryInitialization(AbstractApplicationContext.java:946)
	at org.springframework.context.support.AbstractApplicationContext.refresh(AbstractApplicationContext.java:616)
	at org.springframework.boot.web.servlet.context.ServletWebServerApplicationContext.refresh(ServletWebServerApplicationContext.java:146)
	at org.springframework.boot.SpringApplication.refresh(SpringApplication.java:753)
	at org.springframework.boot.SpringApplication.refreshContext(SpringApplication.java:455)
	at org.springframework.boot.SpringApplication.run(SpringApplication.java:323)
	at org.springframework.boot.SpringApplication.run(SpringApplication.java:1342)
	at org.springframework.boot.SpringApplication.run(SpringApplication.java:1331)
	at com.example.mailbox.MailboxApplication.main(MailboxApplication.java:21)
Caused by: org.springframework.beans.factory.BeanCreationException: Error creating bean with name 'enhancedSmtpServer': Invocation of init method failed
	at org.springframework.beans.factory.annotation.InitDestroyAnnotationBeanPostProcessor.postProcessBeforeInitialization(InitDestroyAnnotationBeanPostProcessor.java:222)
	at org.springframework.beans.factory.support.AbstractAutowireCapableBeanFactory.applyBeanPostProcessorsBeforeInitialization(AbstractAutowireCapableBeanFactory.java:421)
	at org.springframework.beans.factory.support.AbstractAutowireCapableBeanFactory.initializeBean(AbstractAutowireCapableBeanFactory.java:1767)
	at org.springframework.beans.factory.support.AbstractAutowireCapableBeanFactory.doCreateBean(AbstractAutowireCapableBeanFactory.java:601)
	at org.springframework.beans.factory.support.AbstractAutowireCapableBeanFactory.createBean(AbstractAutowireCapableBeanFactory.java:523)
	at org.springframework.beans.factory.support.AbstractBeanFactory.lambda$doGetBean$0(AbstractBeanFactory.java:325)
	at org.springframework.beans.factory.support.DefaultSingletonBeanRegistry.getSingleton(DefaultSingletonBeanRegistry.java:234)
	at org.springframework.beans.factory.support.AbstractBeanFactory.doGetBean(AbstractBeanFactory.java:323)
	at org.springframework.beans.factory.support.AbstractBeanFactory.getBean(AbstractBeanFactory.java:199)
	at org.springframework.beans.factory.config.DependencyDescriptor.resolveCandidate(DependencyDescriptor.java:254)
	at org.springframework.beans.factory.support.DefaultListableBeanFactory.doResolveDependency(DefaultListableBeanFactory.java:1441)
	at org.springframework.beans.factory.support.DefaultListableBeanFactory.resolveDependency(DefaultListableBeanFactory.java:1348)
	at org.springframework.beans.factory.annotation.AutowiredAnnotationBeanPostProcessor$AutowiredFieldElement.resolveFieldValue(AutowiredAnnotationBeanPostProcessor.java:769)
	... 20 common frames omitted
Caused by: java.lang.RuntimeException: SMTP服务器启动失败
	at com.example.mailbox.server.EnhancedSmtpServer.start(EnhancedSmtpServer.java:160)
	at java.base/jdk.internal.reflect.DirectMethodHandleAccessor.invoke(DirectMethodHandleAccessor.java:103)
	at java.base/java.lang.reflect.Method.invoke(Method.java:580)
	at org.springframework.beans.factory.annotation.InitDestroyAnnotationBeanPostProcessor$LifecycleMethod.invoke(InitDestroyAnnotationBeanPostProcessor.java:457)
	at org.springframework.beans.factory.annotation.InitDestroyAnnotationBeanPostProcessor$LifecycleMetadata.invokeInitMethods(InitDestroyAnnotationBeanPostProcessor.java:401)
	at org.springframework.beans.factory.annotation.InitDestroyAnnotationBeanPostProcessor.postProcessBeforeInitialization(InitDestroyAnnotationBeanPostProcessor.java:219)
	... 32 common frames omitted
Caused by: java.net.BindException: Address already in use: bind
	at java.base/sun.nio.ch.Net.bind0(Native Method)
	at java.base/sun.nio.ch.Net.bind(Net.java:565)
	at java.base/sun.nio.ch.Net.bind(Net.java:554)
	at java.base/sun.nio.ch.NioSocketImpl.bind(NioSocketImpl.java:636)
	at java.base/java.net.ServerSocket.bind(ServerSocket.java:390)
	at java.base/java.net.ServerSocket.<init>(ServerSocket.java:277)
	at com.example.mailbox.server.EnhancedSmtpServer.start(EnhancedSmtpServer.java:116)
	... 37 common frames omitted
2025-12-16 14:54:51.367 [HikariPool-1 housekeeper] DEBUG com.zaxxer.hikari.pool.HikariPool - HikariPool-1 - Before cleanup stats (total=2, active=0, idle=2, waiting=0)
2025-12-16 14:54:51.367 [HikariPool-1 housekeeper] DEBUG com.zaxxer.hikari.pool.HikariPool - HikariPool-1 - After cleanup  stats (total=2, active=0, idle=2, waiting=0)
2025-12-16 14:54:51.367 [HikariPool-1 housekeeper] DEBUG com.zaxxer.hikari.pool.HikariPool - HikariPool-1 - Fill pool skipped, pool has sufficient level or currently being filled (queueDepth=0).
2025-12-16 14:54:54.045 [scheduling-1] INFO  c.e.m.s.Impl.EmailQueueServiceImpl - 处理邮件队列，待处理项: 0
2025-12-16 14:54:54.060 [task-2] INFO  c.e.m.s.Impl.EmailSyncServiceImpl - 开始批量同步，共有 0 个用户
2025-12-16 14:54:54.060 [task-2] INFO  c.e.m.s.Impl.EmailSyncServiceImpl - 批量同步完成，共处理 0 个用户
2025-12-16 14:55:02.408 [background-preinit] DEBUG org.jboss.logging - Logging Provider: org.jboss.logging.Slf4jLoggerProvider found via system property
2025-12-16 14:55:02.410 [background-preinit] INFO  o.h.validator.internal.util.Version - HV000001: Hibernate Validator 8.0.1.Final
2025-12-16 14:55:02.478 [main] INFO  c.example.mailbox.MailboxApplication - Starting MailboxApplication using Java 22.0.2 with PID 31624 (C:\Users\Administrator\Desktop\计网实验\SMTPService\target\classes started by Administrator in C:\Users\Administrator\Desktop\计网实验\SMTPService)
2025-12-16 14:55:02.478 [main] DEBUG c.example.mailbox.MailboxApplication - Running with Spring Boot v3.2.0, Spring v6.1.1
2025-12-16 14:55:02.479 [main] INFO  c.example.mailbox.MailboxApplication - The following 1 profile is active: "dev"
2025-12-16 14:55:03.088 [main] INFO  o.s.d.r.c.RepositoryConfigurationDelegate - Multiple Spring Data modules found, entering strict repository configuration mode
2025-12-16 14:55:03.089 [main] INFO  o.s.d.r.c.RepositoryConfigurationDelegate - Bootstrapping Spring Data JPA repositories in DEFAULT mode.
2025-12-16 14:55:03.212 [main] INFO  o.s.d.r.c.RepositoryConfigurationDelegate - Finished Spring Data repository scanning in 118 ms. Found 9 JPA repository interfaces.
2025-12-16 14:55:03.227 [main] INFO  o.s.d.r.c.RepositoryConfigurationDelegate - Multiple Spring Data modules found, entering strict repository configuration mode
2025-12-16 14:55:03.228 [main] INFO  o.s.d.r.c.RepositoryConfigurationDelegate - Bootstrapping Spring Data Redis repositories in DEFAULT mode.
2025-12-16 14:55:03.240 [main] INFO  o.s.d.r.c.RepositoryConfigurationExtensionSupport - Spring Data Redis - Could not safely identify store assignment for repository candidate interface com.example.mailbox.repository.AttachmentRepository; If you want this repository to be a Redis repository, consider annotating your entities with one of these annotations: org.springframework.data.redis.core.RedisHash (preferred), or consider extending one of the following types with your repository: org.springframework.data.keyvalue.repository.KeyValueRepository
2025-12-16 14:55:03.240 [main] INFO  o.s.d.r.c.RepositoryConfigurationExtensionSupport - Spring Data Redis - Could not safely identify store assignment for repository candidate interface com.example.mailbox.repository.BlacklistRepository; If you want this repository to be a Redis repository, consider annotating your entities with one of these annotations: org.springframework.data.redis.core.RedisHash (preferred), or consider extending one of the following types with your repository: org.springframework.data.keyvalue.repository.KeyValueRepository
2025-12-16 14:55:03.240 [main] INFO  o.s.d.r.c.RepositoryConfigurationExtensionSupport - Spring Data Redis - Could not safely identify store assignment for repository candidate interface com.example.mailbox.repository.EmailQueueRepository; If you want this repository to be a Redis repository, consider annotating your entities with one of these annotations: org.springframework.data.redis.core.RedisHash (preferred), or consider extending one of the following types with your repository: org.springframework.data.keyvalue.repository.KeyValueRepository
2025-12-16 14:55:03.240 [main] INFO  o.s.d.r.c.RepositoryConfigurationExtensionSupport - Spring Data Redis - Could not safely identify store assignment for repository candidate interface com.example.mailbox.repository.EmailRepository; If you want this repository to be a Redis repository, consider annotating your entities with one of these annotations: org.springframework.data.redis.core.RedisHash (preferred), or consider extending one of the following types with your repository: org.springframework.data.keyvalue.repository.KeyValueRepository
2025-12-16 14:55:03.240 [main] INFO  o.s.d.r.c.RepositoryConfigurationExtensionSupport - Spring Data Redis - Could not safely identify store assignment for repository candidate interface com.example.mailbox.repository.GroupMemberRepository; If you want this repository to be a Redis repository, consider annotating your entities with one of these annotations: org.springframework.data.redis.core.RedisHash (preferred), or consider extending one of the following types with your repository: org.springframework.data.keyvalue.repository.KeyValueRepository
2025-12-16 14:55:03.240 [main] INFO  o.s.d.r.c.RepositoryConfigurationExtensionSupport - Spring Data Redis - Could not safely identify store assignment for repository candidate interface com.example.mailbox.repository.GroupRepository; If you want this repository to be a Redis repository, consider annotating your entities with one of these annotations: org.springframework.data.redis.core.RedisHash (preferred), or consider extending one of the following types with your repository: org.springframework.data.keyvalue.repository.KeyValueRepository
2025-12-16 14:55:03.241 [main] INFO  o.s.d.r.c.RepositoryConfigurationExtensionSupport - Spring Data Redis - Could not safely identify store assignment for repository candidate interface com.example.mailbox.repository.ServerConfigRepository; If you want this repository to be a Redis repository, consider annotating your entities with one of these annotations: org.springframework.data.redis.core.RedisHash (preferred), or consider extending one of the following types with your repository: org.springframework.data.keyvalue.repository.KeyValueRepository
2025-12-16 14:55:03.241 [main] INFO  o.s.d.r.c.RepositoryConfigurationExtensionSupport - Spring Data Redis - Could not safely identify store assignment for repository candidate interface com.example.mailbox.repository.SystemLogRepository; If you want this repository to be a Redis repository, consider annotating your entities with one of these annotations: org.springframework.data.redis.core.RedisHash (preferred), or consider extending one of the following types with your repository: org.springframework.data.keyvalue.repository.KeyValueRepository
2025-12-16 14:55:03.241 [main] INFO  o.s.d.r.c.RepositoryConfigurationExtensionSupport - Spring Data Redis - Could not safely identify store assignment for repository candidate interface com.example.mailbox.repository.UserRepository; If you want this repository to be a Redis repository, consider annotating your entities with one of these annotations: org.springframework.data.redis.core.RedisHash (preferred), or consider extending one of the following types with your repository: org.springframework.data.keyvalue.repository.KeyValueRepository
2025-12-16 14:55:03.242 [main] INFO  o.s.d.r.c.RepositoryConfigurationDelegate - Finished Spring Data repository scanning in 8 ms. Found 0 Redis repository interfaces.
2025-12-16 14:55:03.728 [main] INFO  o.s.b.w.e.tomcat.TomcatWebServer - Tomcat initialized with port 8000 (http)
2025-12-16 14:55:03.733 [main] INFO  o.a.coyote.http11.Http11NioProtocol - Initializing ProtocolHandler ["http-nio-8000"]
2025-12-16 14:55:03.735 [main] INFO  o.a.catalina.core.StandardService - Starting service [Tomcat]
2025-12-16 14:55:03.735 [main] INFO  o.a.catalina.core.StandardEngine - Starting Servlet engine: [Apache Tomcat/10.1.16]
2025-12-16 14:55:03.805 [main] INFO  o.a.c.c.C.[Tomcat].[localhost].[/] - Initializing Spring embedded WebApplicationContext
2025-12-16 14:55:03.807 [main] INFO  o.s.b.w.s.c.ServletWebServerApplicationContext - Root WebApplicationContext: initialization completed in 1300 ms
2025-12-16 14:55:03.820 [main] DEBUG com.zaxxer.hikari.HikariConfig - Driver class com.mysql.cj.jdbc.Driver found in Thread context class loader jdk.internal.loader.ClassLoaders$AppClassLoader@6bc7c054
2025-12-16 14:55:03.833 [main] DEBUG com.zaxxer.hikari.HikariConfig - HikariPool-1 - configuration:
2025-12-16 14:55:03.834 [main] DEBUG com.zaxxer.hikari.HikariConfig - allowPoolSuspension.............false
2025-12-16 14:55:03.834 [main] DEBUG com.zaxxer.hikari.HikariConfig - autoCommit......................true
2025-12-16 14:55:03.834 [main] DEBUG com.zaxxer.hikari.HikariConfig - catalog.........................none
2025-12-16 14:55:03.834 [main] DEBUG com.zaxxer.hikari.HikariConfig - connectionInitSql...............none
2025-12-16 14:55:03.835 [main] DEBUG com.zaxxer.hikari.HikariConfig - connectionTestQuery.............none
2025-12-16 14:55:03.835 [main] DEBUG com.zaxxer.hikari.HikariConfig - connectionTimeout...............30000
2025-12-16 14:55:03.835 [main] DEBUG com.zaxxer.hikari.HikariConfig - dataSource......................none
2025-12-16 14:55:03.835 [main] DEBUG com.zaxxer.hikari.HikariConfig - dataSourceClassName.............none
2025-12-16 14:55:03.835 [main] DEBUG com.zaxxer.hikari.HikariConfig - dataSourceJNDI..................none
2025-12-16 14:55:03.836 [main] DEBUG com.zaxxer.hikari.HikariConfig - dataSourceProperties............{password=<masked>}
2025-12-16 14:55:03.836 [main] DEBUG com.zaxxer.hikari.HikariConfig - driverClassName................."com.mysql.cj.jdbc.Driver"
2025-12-16 14:55:03.836 [main] DEBUG com.zaxxer.hikari.HikariConfig - exceptionOverrideClassName......none
2025-12-16 14:55:03.836 [main] DEBUG com.zaxxer.hikari.HikariConfig - healthCheckProperties...........{}
2025-12-16 14:55:03.836 [main] DEBUG com.zaxxer.hikari.HikariConfig - healthCheckRegistry.............none
2025-12-16 14:55:03.836 [main] DEBUG com.zaxxer.hikari.HikariConfig - idleTimeout.....................600000
2025-12-16 14:55:03.836 [main] DEBUG com.zaxxer.hikari.HikariConfig - initializationFailTimeout.......1
2025-12-16 14:55:03.836 [main] DEBUG com.zaxxer.hikari.HikariConfig - isolateInternalQueries..........false
2025-12-16 14:55:03.837 [main] DEBUG com.zaxxer.hikari.HikariConfig - jdbcUrl.........................jdbc:mysql://localhost:3306/mailbox_prod?useSSL=false&serverTimezone=UTC&characterEncoding=utf-8
2025-12-16 14:55:03.837 [main] DEBUG com.zaxxer.hikari.HikariConfig - keepaliveTime...................0
2025-12-16 14:55:03.837 [main] DEBUG com.zaxxer.hikari.HikariConfig - leakDetectionThreshold..........0
2025-12-16 14:55:03.837 [main] DEBUG com.zaxxer.hikari.HikariConfig - maxLifetime.....................1800000
2025-12-16 14:55:03.837 [main] DEBUG com.zaxxer.hikari.HikariConfig - maximumPoolSize.................5
2025-12-16 14:55:03.837 [main] DEBUG com.zaxxer.hikari.HikariConfig - metricRegistry..................none
2025-12-16 14:55:03.837 [main] DEBUG com.zaxxer.hikari.HikariConfig - metricsTrackerFactory...........none
2025-12-16 14:55:03.837 [main] DEBUG com.zaxxer.hikari.HikariConfig - minimumIdle.....................2
2025-12-16 14:55:03.837 [main] DEBUG com.zaxxer.hikari.HikariConfig - password........................<masked>
2025-12-16 14:55:03.837 [main] DEBUG com.zaxxer.hikari.HikariConfig - poolName........................"HikariPool-1"
2025-12-16 14:55:03.837 [main] DEBUG com.zaxxer.hikari.HikariConfig - readOnly........................false
2025-12-16 14:55:03.837 [main] DEBUG com.zaxxer.hikari.HikariConfig - registerMbeans..................false
2025-12-16 14:55:03.837 [main] DEBUG com.zaxxer.hikari.HikariConfig - scheduledExecutor...............none
2025-12-16 14:55:03.837 [main] DEBUG com.zaxxer.hikari.HikariConfig - schema..........................none
2025-12-16 14:55:03.837 [main] DEBUG com.zaxxer.hikari.HikariConfig - threadFactory...................internal
2025-12-16 14:55:03.837 [main] DEBUG com.zaxxer.hikari.HikariConfig - transactionIsolation............default
2025-12-16 14:55:03.837 [main] DEBUG com.zaxxer.hikari.HikariConfig - username........................"root"
2025-12-16 14:55:03.837 [main] DEBUG com.zaxxer.hikari.HikariConfig - validationTimeout...............5000
2025-12-16 14:55:03.838 [main] INFO  com.zaxxer.hikari.HikariDataSource - HikariPool-1 - Starting...
2025-12-16 14:55:03.972 [main] INFO  com.zaxxer.hikari.pool.HikariPool - HikariPool-1 - Added connection com.mysql.cj.jdbc.ConnectionImpl@7d3bf8db
2025-12-16 14:55:03.973 [main] INFO  com.zaxxer.hikari.HikariDataSource - HikariPool-1 - Start completed.
2025-12-16 14:55:03.979 [main] INFO  o.s.b.a.h.H2ConsoleAutoConfiguration - H2 console available at '/h2-console'. Database available at 'jdbc:mysql://localhost:3306/mailbox_prod?useSSL=false&serverTimezone=UTC&characterEncoding=utf-8'
2025-12-16 14:55:04.048 [main] INFO  o.h.jpa.internal.util.LogHelper - HHH000204: Processing PersistenceUnitInfo [name: default]
2025-12-16 14:55:04.087 [main] INFO  org.hibernate.Version - HHH000412: Hibernate ORM core version 6.3.1.Final
2025-12-16 14:55:04.087 [HikariPool-1 housekeeper] DEBUG com.zaxxer.hikari.pool.HikariPool - HikariPool-1 - Before cleanup stats (total=1, active=0, idle=1, waiting=0)
2025-12-16 14:55:04.088 [HikariPool-1 housekeeper] DEBUG com.zaxxer.hikari.pool.HikariPool - HikariPool-1 - After cleanup  stats (total=1, active=0, idle=1, waiting=0)
2025-12-16 14:55:04.096 [HikariPool-1 connection adder] DEBUG com.zaxxer.hikari.pool.HikariPool - HikariPool-1 - Added connection com.mysql.cj.jdbc.ConnectionImpl@1155af1e
2025-12-16 14:55:04.115 [main] INFO  o.h.c.i.RegionFactoryInitiator - HHH000026: Second-level cache disabled
2025-12-16 14:55:04.119 [HikariPool-1 connection adder] DEBUG com.zaxxer.hikari.pool.HikariPool - HikariPool-1 - After adding stats (total=2, active=0, idle=2, waiting=0)
2025-12-16 14:55:04.277 [main] INFO  o.s.o.j.p.SpringPersistenceUnitInfo - No LoadTimeWeaver setup: ignoring JPA class transformer
2025-12-16 14:55:04.324 [main] WARN  org.hibernate.orm.deprecation - HHH90000025: MySQL8Dialect does not need to be specified explicitly using 'hibernate.dialect' (remove the property setting and it will be selected by default)
2025-12-16 14:55:04.325 [main] WARN  org.hibernate.orm.deprecation - HHH90000026: MySQL8Dialect has been deprecated; use org.hibernate.dialect.MySQLDialect instead
2025-12-16 14:55:05.055 [main] INFO  o.h.e.t.j.p.i.JtaPlatformInitiator - HHH000489: No JTA platform available (set 'hibernate.transaction.jta.platform' to enable JTA platform integration)
2025-12-16 14:55:05.134 [main] INFO  o.s.o.j.LocalContainerEntityManagerFactoryBean - Initialized JPA EntityManagerFactory for persistence unit 'default'
2025-12-16 14:55:05.353 [main] INFO  o.s.d.j.r.query.QueryEnhancerFactory - Hibernate is in classpath; If applicable, HQL parser will be used.
2025-12-16 14:55:05.617 [main] DEBUG i.n.u.i.l.InternalLoggerFactory - Using SLF4J as the default logging framework
2025-12-16 14:55:05.620 [main] DEBUG i.l.c.r.AddressResolverGroupProvider - Starting with netty's non-blocking DNS resolver library
2025-12-16 14:55:05.637 [main] DEBUG i.n.util.internal.PlatformDependent0 - -Dio.netty.noUnsafe: false
2025-12-16 14:55:05.637 [main] DEBUG i.n.util.internal.PlatformDependent0 - Java version: 22
2025-12-16 14:55:05.638 [main] DEBUG i.n.util.internal.PlatformDependent0 - sun.misc.Unsafe.theUnsafe: available
2025-12-16 14:55:05.638 [main] DEBUG i.n.util.internal.PlatformDependent0 - sun.misc.Unsafe.copyMemory: available
2025-12-16 14:55:05.639 [main] DEBUG i.n.util.internal.PlatformDependent0 - sun.misc.Unsafe.storeFence: available
2025-12-16 14:55:05.639 [main] DEBUG i.n.util.internal.PlatformDependent0 - java.nio.Buffer.address: available
2025-12-16 14:55:05.639 [main] DEBUG i.n.util.internal.PlatformDependent0 - direct buffer constructor: unavailable: Reflective setAccessible(true) disabled
2025-12-16 14:55:05.640 [main] DEBUG i.n.util.internal.PlatformDependent0 - java.nio.Bits.unaligned: available, true
2025-12-16 14:55:05.641 [main] DEBUG i.n.util.internal.PlatformDependent0 - jdk.internal.misc.Unsafe.allocateUninitializedArray(int): unavailable: class io.netty.util.internal.PlatformDependent0$7 cannot access class jdk.internal.misc.Unsafe (in module java.base) because module java.base does not export jdk.internal.misc to unnamed module @58c1c010
2025-12-16 14:55:05.642 [main] DEBUG i.n.util.internal.PlatformDependent0 - java.nio.DirectByteBuffer.<init>(long, {int,long}): unavailable
2025-12-16 14:55:05.642 [main] DEBUG i.n.util.internal.PlatformDependent - sun.misc.Unsafe: available
2025-12-16 14:55:05.642 [main] DEBUG i.n.util.internal.PlatformDependent - -Dio.netty.tmpdir: C:\Users\ADMINI~1\AppData\Local\Temp (java.io.tmpdir)
2025-12-16 14:55:05.642 [main] DEBUG i.n.util.internal.PlatformDependent - -Dio.netty.bitMode: 64 (sun.arch.data.model)
2025-12-16 14:55:05.643 [main] DEBUG i.n.util.internal.PlatformDependent - Platform: Windows
2025-12-16 14:55:05.643 [main] DEBUG i.n.util.internal.PlatformDependent - -Dio.netty.maxDirectMemory: -1 bytes
2025-12-16 14:55:05.643 [main] DEBUG i.n.util.internal.PlatformDependent - -Dio.netty.uninitializedArrayAllocationThreshold: -1
2025-12-16 14:55:05.644 [main] DEBUG io.netty.util.internal.CleanerJava9 - java.nio.ByteBuffer.cleaner(): available
2025-12-16 14:55:05.644 [main] DEBUG i.n.util.internal.PlatformDependent - -Dio.netty.noPreferDirect: false
2025-12-16 14:55:05.648 [main] DEBUG io.netty.util.NetUtil - -Djava.net.preferIPv4Stack: false
2025-12-16 14:55:05.649 [main] DEBUG io.netty.util.NetUtil - -Djava.net.preferIPv6Addresses: false
2025-12-16 14:55:05.656 [main] DEBUG i.netty.util.NetUtilInitializations - Loopback interface: loopback_0 (Software Loopback Interface 1, 0:0:0:0:0:0:0:1)
2025-12-16 14:55:05.656 [main] DEBUG io.netty.util.NetUtil - Failed to get SOMAXCONN from sysctl and file \proc\sys\net\core\somaxconn. Default: 200
2025-12-16 14:55:05.657 [main] DEBUG i.netty.resolver.dns.DnsNameResolver - Default ResolvedAddressTypes: IPV4_PREFERRED
2025-12-16 14:55:05.657 [main] DEBUG i.netty.resolver.dns.DnsNameResolver - Localhost address: localhost/127.0.0.1
2025-12-16 14:55:05.664 [main] DEBUG i.netty.resolver.dns.DnsNameResolver - Windows hostname: User-2024PVQEOT
2025-12-16 14:55:05.667 [main] DEBUG i.netty.resolver.dns.DnsNameResolver - Default search domains: []
2025-12-16 14:55:05.668 [main] DEBUG i.netty.resolver.dns.DnsNameResolver - Default UnixResolverOptions{ndots=1, timeout=5, attempts=16}
2025-12-16 14:55:05.673 [main] DEBUG i.n.u.i.InternalThreadLocalMap - -Dio.netty.threadLocalMap.stringBuilder.initialSize: 1024
2025-12-16 14:55:05.673 [main] DEBUG i.n.u.i.InternalThreadLocalMap - -Dio.netty.threadLocalMap.stringBuilder.maxSize: 4096
2025-12-16 14:55:05.678 [main] DEBUG i.n.r.DefaultHostsFileEntriesResolver - -Dio.netty.hostsFileRefreshInterval: 0
2025-12-16 14:55:05.696 [main] DEBUG i.n.r.d.DefaultDnsServerAddressStreamProvider - Default DNS servers: [/10.71.211.219:53, /[240e:469:449:7083:0:0:0:87]:53] (sun.net.dns.ResolverConfiguration)
2025-12-16 14:55:05.699 [main] DEBUG i.l.core.resource.KqueueProvider - Starting without optional kqueue library
2025-12-16 14:55:05.700 [main] DEBUG i.l.core.resource.IOUringProvider - Starting without optional io_uring library
2025-12-16 14:55:05.713 [main] DEBUG i.l.core.resource.EpollProvider - Starting without optional epoll library
2025-12-16 14:55:05.723 [main] DEBUG i.l.c.r.DefaultClientResources - -Dio.netty.eventLoopThreads: 20
2025-12-16 14:55:05.729 [main] DEBUG i.l.c.r.DefaultEventLoopGroupProvider - Creating executor io.netty.util.concurrent.DefaultEventExecutorGroup
2025-12-16 14:55:05.736 [main] DEBUG i.n.u.concurrent.GlobalEventExecutor - -Dio.netty.globalEventExecutor.quietPeriodSeconds: 1
2025-12-16 14:55:05.743 [main] DEBUG io.netty.util.ResourceLeakDetector - -Dio.netty.leakDetection.level: simple
2025-12-16 14:55:05.743 [main] DEBUG io.netty.util.ResourceLeakDetector - -Dio.netty.leakDetection.targetRecords: 4
2025-12-16 14:55:05.743 [main] DEBUG i.n.util.ResourceLeakDetectorFactory - Loaded default ResourceLeakDetector: io.netty.util.ResourceLeakDetector@3d1b6816
2025-12-16 14:55:05.749 [main] DEBUG i.n.util.internal.PlatformDependent - org.jctools-core.MpscChunkedArrayQueue: available
2025-12-16 14:55:05.755 [main] DEBUG reactor.util.Loggers - Using Slf4j logging framework
2025-12-16 14:55:05.757 [main] DEBUG i.l.c.event.jfr.EventRecorderHolder - Starting with JFR support
2025-12-16 14:55:05.767 [main] DEBUG i.l.c.r.DefaultClientResources - LatencyUtils/HdrUtils are not available, metrics are disabled
2025-12-16 14:55:05.911 [main] DEBUG c.e.m.filter.JwtAuthenticationFilter - Filter 'jwtAuthenticationFilter' configured for use
2025-12-16 14:55:06.024 [Thread-1] INFO  c.e.m.server.EnhancedSmtpServer - 增强版SMTP服务器启动，监听端口：0.0.0.0:25
2025-12-16 14:55:06.025 [Thread-1] INFO  c.e.m.server.EnhancedSmtpServer - 配置参数：超时=60秒, 最大连接数=50, 最大邮件大小=10MB
2025-12-16 14:55:06.029 [Thread-2] INFO  c.e.m.server.EnhancedPop3Server - 增强版POP3服务器启动，监听端口：0.0.0.0:110
2025-12-16 14:55:06.029 [Thread-2] INFO  c.e.m.server.EnhancedPop3Server - 配置参数：超时=60秒, 最大连接数=30
2025-12-16 14:55:06.357 [main] WARN  o.s.b.a.o.j.JpaBaseConfiguration$JpaWebConfiguration - spring.jpa.open-in-view is enabled by default. Therefore, database queries may be performed during view rendering. Explicitly configure spring.jpa.open-in-view to disable this warning
2025-12-16 14:55:06.405 [main] DEBUG _.s.w.s.HandlerMapping.Mappings - 
	c.e.m.c.AdminController:
	{DELETE [/api/admin/blacklist/{id}]}: removeFromBlacklist(Long)
	{PUT [/api/admin/users/{id}/status]}: updateUserStatus(Long,Boolean)
	{GET [/api/admin/blacklist]}: getBlacklist()
	{POST [/api/admin/blacklist]}: addToBlacklist(BlacklistRequest)
	{GET [/api/admin/users]}: getAllUsers(int,int)
	{GET [/api/admin/server/status]}: getServerStatus()
	{POST [/api/admin/server/pop3/stop]}: stopPop3Server()
	{POST [/api/admin/server/smtp/stop]}: stopSmtpServer()
	{GET [/api/admin/server/stats]}: getServerStats()
	{POST [/api/admin/server/smtp/start]}: startSmtpServer()
	{POST [/api/admin/server/pop3/start]}: startPop3Server()
2025-12-16 14:55:06.410 [main] DEBUG _.s.w.s.HandlerMapping.Mappings - 
	c.e.m.c.AuthController:
	{POST [/api/auth/register]}: register(RegisterRequestDTO)
	{POST [/api/auth/logout]}: logout(String)
	{POST [/api/auth/login]}: login(LoginRequestDTO)
2025-12-16 14:55:06.414 [main] DEBUG _.s.w.s.HandlerMapping.Mappings - 
	c.e.m.c.GroupController:
	{POST [/api/groups]}: createGroup(Group)
	{GET [/api/groups/{groupId}/members]}: getMembers(Long,int,int)
	{POST [/api/groups/members]}: addMember(GroupMemberRequest)
	{GET [/api/groups/{groupId}]}: getGroup(Long)
	{GET [/api/groups/{groupId}/member-count]}: getMemberCount(Long)
	{GET [/api/groups/joined]}: getJoinedGroups(int,int)
	{DELETE [/api/groups/{groupId}]}: deleteGroup(Long)
	{GET [/api/groups/created]}: getCreatedGroups(int,int)
	{GET [/api/groups/all]}: getAllGroups(int,int)
	{GET [/api/groups/search]}: searchGroups(String,int,int)
	{DELETE [/api/groups/{groupId}/members/{accountId}]}: removeMember(Long,Long)
	{GET [/api/groups/{groupId}/members/{accountId}/check]}: checkMember(Long,Long)
	{PUT [/api/groups]}: updateGroup(Group)
2025-12-16 14:55:06.417 [main] DEBUG _.s.w.s.HandlerMapping.Mappings - 
	c.e.m.c.QueueController:
	{DELETE [/api/queue/clear]}: clearQueue()
	{POST [/api/queue/resend/{queueId}]}: resendEmail(Long)
	{POST [/api/queue/process]}: processQueue()
	{GET [/api/queue/status]}: getQueueStatus()
2025-12-16 14:55:06.418 [main] DEBUG _.s.w.s.HandlerMapping.Mappings - 
	c.e.m.c.UserController:
	{GET [/api/users/profile]}: getProfile(HttpServletRequest)
	{PUT [/api/users/password]}: changePassword(PasswordChangeRequest,HttpServletRequest)
	{PUT [/api/users/profile]}: updateProfile(Account,HttpServletRequest)
2025-12-16 14:55:06.421 [main] DEBUG _.s.w.s.HandlerMapping.Mappings - 
	o.s.b.a.w.s.e.BasicErrorController:
	{ [/error]}: error(HttpServletRequest)
	{ [/error], produces [text/html]}: errorHtml(HttpServletRequest,HttpServletResponse)
2025-12-16 14:55:06.431 [main] DEBUG _.s.w.s.HandlerMapping.Mappings - 
	o.s.w.a.OpenApiWebMvcResource:
	{GET [/v3/api-docs], produces [application/json]}: openapiJson(HttpServletRequest,String,Locale)
	{GET [/v3/api-docs.yaml], produces [application/vnd.oai.openapi]}: openapiYaml(HttpServletRequest,String,Locale)
2025-12-16 14:55:06.432 [main] DEBUG _.s.w.s.HandlerMapping.Mappings - 
	o.s.w.u.SwaggerWelcomeWebMvc:
	{GET [/swagger-ui.html]}: redirectToUi(HttpServletRequest)
2025-12-16 14:55:06.433 [main] DEBUG _.s.w.s.HandlerMapping.Mappings - 
	o.s.w.u.SwaggerConfigResource:
	{GET [/v3/api-docs/swagger-config], produces [application/json]}: openapiJson(HttpServletRequest)
2025-12-16 14:55:06.439 [main] DEBUG _.s.w.s.HandlerMapping.Mappings - 'beanNameHandlerMapping' {}
2025-12-16 14:55:06.458 [main] DEBUG _.s.w.s.HandlerMapping.Mappings - 'resourceHandlerMapping' {/webjars/**=ResourceHttpRequestHandler [classpath [META-INF/resources/webjars/]], /**=ResourceHttpRequestHandler [classpath [META-INF/resources/], classpath [resources/], classpath [static/], classpath [public/], ServletContext [/]], /swagger-ui*/*swagger-initializer.js=ResourceHttpRequestHandler [classpath [META-INF/resources/webjars/]], /swagger-ui*/**=ResourceHttpRequestHandler [classpath [META-INF/resources/webjars/]]}
2025-12-16 14:55:06.744 [main] INFO  o.s.s.web.DefaultSecurityFilterChain - Will secure any request with [org.springframework.security.web.session.DisableEncodeUrlFilter@5a4700ba, org.springframework.security.web.context.request.async.WebAsyncManagerIntegrationFilter@63e38fc8, org.springframework.security.web.context.SecurityContextHolderFilter@4ca3923, org.springframework.security.web.header.HeaderWriterFilter@29f7c73e, org.springframework.web.filter.CorsFilter@333813e7, org.springframework.security.web.csrf.CsrfFilter@172f0ab5, org.springframework.security.web.authentication.logout.LogoutFilter@3a657773, org.springframework.security.web.authentication.UsernamePasswordAuthenticationFilter@7e626011, org.springframework.security.web.authentication.ui.DefaultLoginPageGeneratingFilter@6980c50b, org.springframework.security.web.authentication.ui.DefaultLogoutPageGeneratingFilter@523c4a6d, org.springframework.security.web.authentication.www.BasicAuthenticationFilter@19940123, org.springframework.security.web.savedrequest.RequestCacheAwareFilter@1b06c3f8, org.springframework.security.web.servletapi.SecurityContextHolderAwareRequestFilter@78a3023f, org.springframework.security.web.authentication.AnonymousAuthenticationFilter@160b010e, org.springframework.security.web.access.ExceptionTranslationFilter@70a8c0b9, org.springframework.security.web.access.intercept.AuthorizationFilter@533c62d0]
2025-12-16 14:55:06.771 [main] DEBUG reactor.netty.tcp.TcpResources - [http] resources will use the default LoopResources: DefaultLoopResources {prefix=reactor-http, daemon=true, selectCount=20, workerCount=20}
2025-12-16 14:55:06.771 [main] DEBUG reactor.netty.tcp.TcpResources - [http] resources will use the default ConnectionProvider: reactor.netty.resources.DefaultPooledConnectionProvider@729cb7b
2025-12-16 14:55:06.783 [main] INFO  o.a.coyote.http11.Http11NioProtocol - Starting ProtocolHandler ["http-nio-8000"]
2025-12-16 14:55:06.792 [main] INFO  o.s.b.w.e.tomcat.TomcatWebServer - Tomcat started on port 8000 (http) with context path ''
2025-12-16 14:55:06.799 [main] INFO  c.example.mailbox.MailboxApplication - Started MailboxApplication in 4.733 seconds (process running for 5.071)
2025-12-16 14:55:06.802 [scheduling-1] DEBUG i.m.c.u.i.l.InternalLoggerFactory - Using SLF4J as the default logging framework
2025-12-16 14:55:06.881 [scheduling-1] INFO  c.e.m.s.Impl.EmailQueueServiceImpl - 处理邮件队列，待处理项: 0
2025-12-16 14:55:06.901 [task-1] INFO  c.e.m.s.Impl.EmailSyncServiceImpl - 开始批量同步，共有 0 个用户
2025-12-16 14:55:06.901 [task-1] INFO  c.e.m.s.Impl.EmailSyncServiceImpl - 批量同步完成，共处理 0 个用户
2025-12-16 14:55:17.836 [http-nio-8000-exec-1] INFO  o.a.c.c.C.[Tomcat].[localhost].[/] - Initializing Spring DispatcherServlet 'dispatcherServlet'
2025-12-16 14:55:17.836 [http-nio-8000-exec-1] INFO  o.s.web.servlet.DispatcherServlet - Initializing Servlet 'dispatcherServlet'
2025-12-16 14:55:17.837 [http-nio-8000-exec-1] INFO  o.s.web.servlet.DispatcherServlet - Completed initialization in 1 ms
2025-12-16 14:55:17.842 [http-nio-8000-exec-1] DEBUG o.s.security.web.FilterChainProxy - Securing GET /?ide_webview_request_time=1765868117788
2025-12-16 14:55:17.855 [http-nio-8000-exec-1] DEBUG o.s.s.w.a.AnonymousAuthenticationFilter - Set SecurityContextHolder to anonymous SecurityContext
2025-12-16 14:55:17.873 [http-nio-8000-exec-1] DEBUG o.s.s.w.s.HttpSessionRequestCache - Saved request http://localhost:8000/?ide_webview_request_time=1765868117788&continue to session
2025-12-16 14:55:17.875 [http-nio-8000-exec-1] DEBUG o.s.s.w.a.DelegatingAuthenticationEntryPoint - Trying to match using And [Not [RequestHeaderRequestMatcher [expectedHeaderName=X-Requested-With, expectedHeaderValue=XMLHttpRequest]], MediaTypeRequestMatcher [contentNegotiationStrategy=org.springframework.web.accept.ContentNegotiationManager@4c93cf28, matchingMediaTypes=[application/xhtml+xml, image/*, text/html, text/plain], useEquals=false, ignoredMediaTypes=[*/*]]]
2025-12-16 14:55:17.875 [http-nio-8000-exec-1] DEBUG o.s.s.w.a.DelegatingAuthenticationEntryPoint - Match found! Executing org.springframework.security.web.authentication.LoginUrlAuthenticationEntryPoint@76494bed
2025-12-16 14:55:17.876 [http-nio-8000-exec-1] DEBUG o.s.s.web.DefaultRedirectStrategy - Redirecting to http://localhost:8000/login
2025-12-16 14:55:17.879 [http-nio-8000-exec-3] DEBUG o.s.security.web.FilterChainProxy - Securing GET /login
2025-12-16 14:55:17.921 [http-nio-8000-exec-2] DEBUG o.s.security.web.FilterChainProxy - Securing GET /@vite/client
2025-12-16 14:55:17.922 [http-nio-8000-exec-2] DEBUG o.s.s.w.a.AnonymousAuthenticationFilter - Set SecurityContextHolder to anonymous SecurityContext
2025-12-16 14:55:17.922 [http-nio-8000-exec-2] DEBUG o.s.s.w.s.HttpSessionRequestCache - Saved request http://localhost:8000/@vite/client?continue to session
2025-12-16 14:55:17.922 [http-nio-8000-exec-2] DEBUG o.s.s.w.a.DelegatingAuthenticationEntryPoint - Trying to match using And [Not [RequestHeaderRequestMatcher [expectedHeaderName=X-Requested-With, expectedHeaderValue=XMLHttpRequest]], MediaTypeRequestMatcher [contentNegotiationStrategy=org.springframework.web.accept.ContentNegotiationManager@4c93cf28, matchingMediaTypes=[application/xhtml+xml, image/*, text/html, text/plain], useEquals=false, ignoredMediaTypes=[*/*]]]
2025-12-16 14:55:17.922 [http-nio-8000-exec-2] DEBUG o.s.s.w.a.DelegatingAuthenticationEntryPoint - Trying to match using Or [RequestHeaderRequestMatcher [expectedHeaderName=X-Requested-With, expectedHeaderValue=XMLHttpRequest], And [Not [MediaTypeRequestMatcher [contentNegotiationStrategy=org.springframework.web.accept.ContentNegotiationManager@4c93cf28, matchingMediaTypes=[text/html], useEquals=false, ignoredMediaTypes=[]]], MediaTypeRequestMatcher [contentNegotiationStrategy=org.springframework.web.accept.ContentNegotiationManager@4c93cf28, matchingMediaTypes=[application/atom+xml, application/x-www-form-urlencoded, application/json, application/octet-stream, application/xml, multipart/form-data, text/xml], useEquals=false, ignoredMediaTypes=[*/*]]], MediaTypeRequestMatcher [contentNegotiationStrategy=org.springframework.web.accept.ContentNegotiationManager@4c93cf28, matchingMediaTypes=[*/*], useEquals=true, ignoredMediaTypes=[]]]
2025-12-16 14:55:17.922 [http-nio-8000-exec-2] DEBUG o.s.s.w.a.DelegatingAuthenticationEntryPoint - Match found! Executing org.springframework.security.web.authentication.DelegatingAuthenticationEntryPoint@6cd76b55
2025-12-16 14:55:17.922 [http-nio-8000-exec-2] DEBUG o.s.s.w.a.DelegatingAuthenticationEntryPoint - Trying to match using RequestHeaderRequestMatcher [expectedHeaderName=X-Requested-With, expectedHeaderValue=XMLHttpRequest]
2025-12-16 14:55:17.922 [http-nio-8000-exec-2] DEBUG o.s.s.w.a.DelegatingAuthenticationEntryPoint - No match found. Using default entry point org.springframework.security.web.authentication.www.BasicAuthenticationEntryPoint@524ce43e
2025-12-16 14:55:17.925 [http-nio-8000-exec-2] DEBUG o.s.security.web.FilterChainProxy - Securing GET /error
2025-12-16 14:55:17.925 [http-nio-8000-exec-2] DEBUG o.s.s.w.a.AnonymousAuthenticationFilter - Set SecurityContextHolder to anonymous SecurityContext
2025-12-16 14:55:17.926 [http-nio-8000-exec-2] DEBUG o.s.s.w.s.HttpSessionRequestCache - Saved request http://localhost:8000/error?continue to session
2025-12-16 14:55:17.926 [http-nio-8000-exec-2] DEBUG o.s.s.w.a.DelegatingAuthenticationEntryPoint - Trying to match using And [Not [RequestHeaderRequestMatcher [expectedHeaderName=X-Requested-With, expectedHeaderValue=XMLHttpRequest]], MediaTypeRequestMatcher [contentNegotiationStrategy=org.springframework.web.accept.ContentNegotiationManager@4c93cf28, matchingMediaTypes=[application/xhtml+xml, image/*, text/html, text/plain], useEquals=false, ignoredMediaTypes=[*/*]]]
2025-12-16 14:55:17.926 [http-nio-8000-exec-2] DEBUG o.s.s.w.a.DelegatingAuthenticationEntryPoint - Trying to match using Or [RequestHeaderRequestMatcher [expectedHeaderName=X-Requested-With, expectedHeaderValue=XMLHttpRequest], And [Not [MediaTypeRequestMatcher [contentNegotiationStrategy=org.springframework.web.accept.ContentNegotiationManager@4c93cf28, matchingMediaTypes=[text/html], useEquals=false, ignoredMediaTypes=[]]], MediaTypeRequestMatcher [contentNegotiationStrategy=org.springframework.web.accept.ContentNegotiationManager@4c93cf28, matchingMediaTypes=[application/atom+xml, application/x-www-form-urlencoded, application/json, application/octet-stream, application/xml, multipart/form-data, text/xml], useEquals=false, ignoredMediaTypes=[*/*]]], MediaTypeRequestMatcher [contentNegotiationStrategy=org.springframework.web.accept.ContentNegotiationManager@4c93cf28, matchingMediaTypes=[*/*], useEquals=true, ignoredMediaTypes=[]]]
2025-12-16 14:55:17.926 [http-nio-8000-exec-2] DEBUG o.s.s.w.a.DelegatingAuthenticationEntryPoint - Match found! Executing org.springframework.security.web.authentication.DelegatingAuthenticationEntryPoint@6cd76b55
2025-12-16 14:55:17.926 [http-nio-8000-exec-2] DEBUG o.s.s.w.a.DelegatingAuthenticationEntryPoint - Trying to match using RequestHeaderRequestMatcher [expectedHeaderName=X-Requested-With, expectedHeaderValue=XMLHttpRequest]
2025-12-16 14:55:17.926 [http-nio-8000-exec-2] DEBUG o.s.s.w.a.DelegatingAuthenticationEntryPoint - No match found. Using default entry point org.springframework.security.web.authentication.www.BasicAuthenticationEntryPoint@524ce43e
2025-12-16 14:55:34.096 [HikariPool-1 housekeeper] DEBUG com.zaxxer.hikari.pool.HikariPool - HikariPool-1 - Before cleanup stats (total=2, active=0, idle=2, waiting=0)
2025-12-16 14:55:34.096 [HikariPool-1 housekeeper] DEBUG com.zaxxer.hikari.pool.HikariPool - HikariPool-1 - After cleanup  stats (total=2, active=0, idle=2, waiting=0)
2025-12-16 14:55:34.096 [HikariPool-1 housekeeper] DEBUG com.zaxxer.hikari.pool.HikariPool - HikariPool-1 - Fill pool skipped, pool has sufficient level or currently being filled (queueDepth=0).
2025-12-16 14:56:04.101 [HikariPool-1 housekeeper] DEBUG com.zaxxer.hikari.pool.HikariPool - HikariPool-1 - Before cleanup stats (total=2, active=0, idle=2, waiting=0)
2025-12-16 14:56:04.101 [HikariPool-1 housekeeper] DEBUG com.zaxxer.hikari.pool.HikariPool - HikariPool-1 - After cleanup  stats (total=2, active=0, idle=2, waiting=0)
2025-12-16 14:56:04.101 [HikariPool-1 housekeeper] DEBUG com.zaxxer.hikari.pool.HikariPool - HikariPool-1 - Fill pool skipped, pool has sufficient level or currently being filled (queueDepth=0).
2025-12-16 14:56:06.814 [scheduling-1] INFO  c.e.m.s.Impl.EmailQueueServiceImpl - 处理邮件队列，待处理项: 0
2025-12-16 14:56:27.318 [http-nio-8000-exec-5] DEBUG o.s.security.web.FilterChainProxy - Securing GET /api?ide_webview_request_time=1765868187311
2025-12-16 14:56:27.318 [http-nio-8000-exec-5] DEBUG o.s.s.w.a.AnonymousAuthenticationFilter - Set SecurityContextHolder to anonymous SecurityContext
2025-12-16 14:56:27.320 [http-nio-8000-exec-5] DEBUG o.s.s.w.s.HttpSessionRequestCache - Saved request http://localhost:8000/api?ide_webview_request_time=1765868187311&continue to session
2025-12-16 14:56:27.320 [http-nio-8000-exec-5] DEBUG o.s.s.w.a.DelegatingAuthenticationEntryPoint - Trying to match using And [Not [RequestHeaderRequestMatcher [expectedHeaderName=X-Requested-With, expectedHeaderValue=XMLHttpRequest]], MediaTypeRequestMatcher [contentNegotiationStrategy=org.springframework.web.accept.ContentNegotiationManager@4c93cf28, matchingMediaTypes=[application/xhtml+xml, image/*, text/html, text/plain], useEquals=false, ignoredMediaTypes=[*/*]]]
2025-12-16 14:56:27.322 [http-nio-8000-exec-5] DEBUG o.s.s.w.a.DelegatingAuthenticationEntryPoint - Match found! Executing org.springframework.security.web.authentication.LoginUrlAuthenticationEntryPoint@76494bed
2025-12-16 14:56:27.322 [http-nio-8000-exec-5] DEBUG o.s.s.web.DefaultRedirectStrategy - Redirecting to http://localhost:8000/login
2025-12-16 14:56:27.327 [http-nio-8000-exec-6] DEBUG o.s.security.web.FilterChainProxy - Securing GET /login
2025-12-16 14:56:27.359 [http-nio-8000-exec-7] DEBUG o.s.security.web.FilterChainProxy - Securing GET /@vite/client
2025-12-16 14:56:27.359 [http-nio-8000-exec-7] DEBUG o.s.s.w.a.AnonymousAuthenticationFilter - Set SecurityContextHolder to anonymous SecurityContext
2025-12-16 14:56:27.360 [http-nio-8000-exec-7] DEBUG o.s.s.w.s.HttpSessionRequestCache - Saved request http://localhost:8000/@vite/client?continue to session
2025-12-16 14:56:27.360 [http-nio-8000-exec-7] DEBUG o.s.s.w.a.DelegatingAuthenticationEntryPoint - Trying to match using And [Not [RequestHeaderRequestMatcher [expectedHeaderName=X-Requested-With, expectedHeaderValue=XMLHttpRequest]], MediaTypeRequestMatcher [contentNegotiationStrategy=org.springframework.web.accept.ContentNegotiationManager@4c93cf28, matchingMediaTypes=[application/xhtml+xml, image/*, text/html, text/plain], useEquals=false, ignoredMediaTypes=[*/*]]]
2025-12-16 14:56:27.360 [http-nio-8000-exec-7] DEBUG o.s.s.w.a.DelegatingAuthenticationEntryPoint - Trying to match using Or [RequestHeaderRequestMatcher [expectedHeaderName=X-Requested-With, expectedHeaderValue=XMLHttpRequest], And [Not [MediaTypeRequestMatcher [contentNegotiationStrategy=org.springframework.web.accept.ContentNegotiationManager@4c93cf28, matchingMediaTypes=[text/html], useEquals=false, ignoredMediaTypes=[]]], MediaTypeRequestMatcher [contentNegotiationStrategy=org.springframework.web.accept.ContentNegotiationManager@4c93cf28, matchingMediaTypes=[application/atom+xml, application/x-www-form-urlencoded, application/json, application/octet-stream, application/xml, multipart/form-data, text/xml], useEquals=false, ignoredMediaTypes=[*/*]]], MediaTypeRequestMatcher [contentNegotiationStrategy=org.springframework.web.accept.ContentNegotiationManager@4c93cf28, matchingMediaTypes=[*/*], useEquals=true, ignoredMediaTypes=[]]]
2025-12-16 14:56:27.360 [http-nio-8000-exec-7] DEBUG o.s.s.w.a.DelegatingAuthenticationEntryPoint - Match found! Executing org.springframework.security.web.authentication.DelegatingAuthenticationEntryPoint@6cd76b55
2025-12-16 14:56:27.360 [http-nio-8000-exec-7] DEBUG o.s.s.w.a.DelegatingAuthenticationEntryPoint - Trying to match using RequestHeaderRequestMatcher [expectedHeaderName=X-Requested-With, expectedHeaderValue=XMLHttpRequest]
2025-12-16 14:56:27.360 [http-nio-8000-exec-7] DEBUG o.s.s.w.a.DelegatingAuthenticationEntryPoint - No match found. Using default entry point org.springframework.security.web.authentication.www.BasicAuthenticationEntryPoint@524ce43e
2025-12-16 14:56:27.360 [http-nio-8000-exec-7] DEBUG o.s.security.web.FilterChainProxy - Securing GET /error
2025-12-16 14:56:27.360 [http-nio-8000-exec-7] DEBUG o.s.s.w.a.AnonymousAuthenticationFilter - Set SecurityContextHolder to anonymous SecurityContext
2025-12-16 14:56:27.361 [http-nio-8000-exec-7] DEBUG o.s.s.w.s.HttpSessionRequestCache - Saved request http://localhost:8000/error?continue to session
2025-12-16 14:56:27.361 [http-nio-8000-exec-7] DEBUG o.s.s.w.a.DelegatingAuthenticationEntryPoint - Trying to match using And [Not [RequestHeaderRequestMatcher [expectedHeaderName=X-Requested-With, expectedHeaderValue=XMLHttpRequest]], MediaTypeRequestMatcher [contentNegotiationStrategy=org.springframework.web.accept.ContentNegotiationManager@4c93cf28, matchingMediaTypes=[application/xhtml+xml, image/*, text/html, text/plain], useEquals=false, ignoredMediaTypes=[*/*]]]
2025-12-16 14:56:27.361 [http-nio-8000-exec-7] DEBUG o.s.s.w.a.DelegatingAuthenticationEntryPoint - Trying to match using Or [RequestHeaderRequestMatcher [expectedHeaderName=X-Requested-With, expectedHeaderValue=XMLHttpRequest], And [Not [MediaTypeRequestMatcher [contentNegotiationStrategy=org.springframework.web.accept.ContentNegotiationManager@4c93cf28, matchingMediaTypes=[text/html], useEquals=false, ignoredMediaTypes=[]]], MediaTypeRequestMatcher [contentNegotiationStrategy=org.springframework.web.accept.ContentNegotiationManager@4c93cf28, matchingMediaTypes=[application/atom+xml, application/x-www-form-urlencoded, application/json, application/octet-stream, application/xml, multipart/form-data, text/xml], useEquals=false, ignoredMediaTypes=[*/*]]], MediaTypeRequestMatcher [contentNegotiationStrategy=org.springframework.web.accept.ContentNegotiationManager@4c93cf28, matchingMediaTypes=[*/*], useEquals=true, ignoredMediaTypes=[]]]
2025-12-16 14:56:27.361 [http-nio-8000-exec-7] DEBUG o.s.s.w.a.DelegatingAuthenticationEntryPoint - Match found! Executing org.springframework.security.web.authentication.DelegatingAuthenticationEntryPoint@6cd76b55
2025-12-16 14:56:27.361 [http-nio-8000-exec-7] DEBUG o.s.s.w.a.DelegatingAuthenticationEntryPoint - Trying to match using RequestHeaderRequestMatcher [expectedHeaderName=X-Requested-With, expectedHeaderValue=XMLHttpRequest]
2025-12-16 14:56:27.361 [http-nio-8000-exec-7] DEBUG o.s.s.w.a.DelegatingAuthenticationEntryPoint - No match found. Using default entry point org.springframework.security.web.authentication.www.BasicAuthenticationEntryPoint@524ce43e
2025-12-16 14:56:34.104 [HikariPool-1 housekeeper] DEBUG com.zaxxer.hikari.pool.HikariPool - HikariPool-1 - Before cleanup stats (total=2, active=0, idle=2, waiting=0)
2025-12-16 14:56:34.104 [HikariPool-1 housekeeper] DEBUG com.zaxxer.hikari.pool.HikariPool - HikariPool-1 - After cleanup  stats (total=2, active=0, idle=2, waiting=0)
2025-12-16 14:56:34.104 [HikariPool-1 housekeeper] DEBUG com.zaxxer.hikari.pool.HikariPool - HikariPool-1 - Fill pool skipped, pool has sufficient level or currently being filled (queueDepth=0).
2025-12-16 14:56:51.058 [http-nio-8000-exec-8] DEBUG o.s.security.web.FilterChainProxy - Securing GET /swagger-ui.html?ide_webview_request_time=1765868211055
2025-12-16 14:56:51.059 [http-nio-8000-exec-8] DEBUG o.s.s.w.a.AnonymousAuthenticationFilter - Set SecurityContextHolder to anonymous SecurityContext
2025-12-16 14:56:51.060 [http-nio-8000-exec-8] DEBUG o.s.s.w.s.HttpSessionRequestCache - Saved request http://localhost:8000/swagger-ui.html?ide_webview_request_time=1765868211055&continue to session
2025-12-16 14:56:51.060 [http-nio-8000-exec-8] DEBUG o.s.s.w.a.DelegatingAuthenticationEntryPoint - Trying to match using And [Not [RequestHeaderRequestMatcher [expectedHeaderName=X-Requested-With, expectedHeaderValue=XMLHttpRequest]], MediaTypeRequestMatcher [contentNegotiationStrategy=org.springframework.web.accept.ContentNegotiationManager@4c93cf28, matchingMediaTypes=[application/xhtml+xml, image/*, text/html, text/plain], useEquals=false, ignoredMediaTypes=[*/*]]]
2025-12-16 14:56:51.060 [http-nio-8000-exec-8] DEBUG o.s.s.w.a.DelegatingAuthenticationEntryPoint - Match found! Executing org.springframework.security.web.authentication.LoginUrlAuthenticationEntryPoint@76494bed
2025-12-16 14:56:51.060 [http-nio-8000-exec-8] DEBUG o.s.s.web.DefaultRedirectStrategy - Redirecting to http://localhost:8000/login
2025-12-16 14:56:51.064 [http-nio-8000-exec-4] DEBUG o.s.security.web.FilterChainProxy - Securing GET /login
2025-12-16 14:56:51.115 [http-nio-8000-exec-10] DEBUG o.s.security.web.FilterChainProxy - Securing GET /@vite/client
2025-12-16 14:56:51.116 [http-nio-8000-exec-10] DEBUG o.s.s.w.a.AnonymousAuthenticationFilter - Set SecurityContextHolder to anonymous SecurityContext
2025-12-16 14:56:51.116 [http-nio-8000-exec-10] DEBUG o.s.s.w.s.HttpSessionRequestCache - Saved request http://localhost:8000/@vite/client?continue to session
2025-12-16 14:56:51.116 [http-nio-8000-exec-10] DEBUG o.s.s.w.a.DelegatingAuthenticationEntryPoint - Trying to match using And [Not [RequestHeaderRequestMatcher [expectedHeaderName=X-Requested-With, expectedHeaderValue=XMLHttpRequest]], MediaTypeRequestMatcher [contentNegotiationStrategy=org.springframework.web.accept.ContentNegotiationManager@4c93cf28, matchingMediaTypes=[application/xhtml+xml, image/*, text/html, text/plain], useEquals=false, ignoredMediaTypes=[*/*]]]
2025-12-16 14:56:51.117 [http-nio-8000-exec-10] DEBUG o.s.s.w.a.DelegatingAuthenticationEntryPoint - Trying to match using Or [RequestHeaderRequestMatcher [expectedHeaderName=X-Requested-With, expectedHeaderValue=XMLHttpRequest], And [Not [MediaTypeRequestMatcher [contentNegotiationStrategy=org.springframework.web.accept.ContentNegotiationManager@4c93cf28, matchingMediaTypes=[text/html], useEquals=false, ignoredMediaTypes=[]]], MediaTypeRequestMatcher [contentNegotiationStrategy=org.springframework.web.accept.ContentNegotiationManager@4c93cf28, matchingMediaTypes=[application/atom+xml, application/x-www-form-urlencoded, application/json, application/octet-stream, application/xml, multipart/form-data, text/xml], useEquals=false, ignoredMediaTypes=[*/*]]], MediaTypeRequestMatcher [contentNegotiationStrategy=org.springframework.web.accept.ContentNegotiationManager@4c93cf28, matchingMediaTypes=[*/*], useEquals=true, ignoredMediaTypes=[]]]
2025-12-16 14:56:51.117 [http-nio-8000-exec-10] DEBUG o.s.s.w.a.DelegatingAuthenticationEntryPoint - Match found! Executing org.springframework.security.web.authentication.DelegatingAuthenticationEntryPoint@6cd76b55
2025-12-16 14:56:51.117 [http-nio-8000-exec-10] DEBUG o.s.s.w.a.DelegatingAuthenticationEntryPoint - Trying to match using RequestHeaderRequestMatcher [expectedHeaderName=X-Requested-With, expectedHeaderValue=XMLHttpRequest]
2025-12-16 14:56:51.117 [http-nio-8000-exec-10] DEBUG o.s.s.w.a.DelegatingAuthenticationEntryPoint - No match found. Using default entry point org.springframework.security.web.authentication.www.BasicAuthenticationEntryPoint@524ce43e
2025-12-16 14:56:51.117 [http-nio-8000-exec-10] DEBUG o.s.security.web.FilterChainProxy - Securing GET /error
2025-12-16 14:56:51.118 [http-nio-8000-exec-10] DEBUG o.s.s.w.a.AnonymousAuthenticationFilter - Set SecurityContextHolder to anonymous SecurityContext
2025-12-16 14:56:51.118 [http-nio-8000-exec-10] DEBUG o.s.s.w.s.HttpSessionRequestCache - Saved request http://localhost:8000/error?continue to session
2025-12-16 14:56:51.118 [http-nio-8000-exec-10] DEBUG o.s.s.w.a.DelegatingAuthenticationEntryPoint - Trying to match using And [Not [RequestHeaderRequestMatcher [expectedHeaderName=X-Requested-With, expectedHeaderValue=XMLHttpRequest]], MediaTypeRequestMatcher [contentNegotiationStrategy=org.springframework.web.accept.ContentNegotiationManager@4c93cf28, matchingMediaTypes=[application/xhtml+xml, image/*, text/html, text/plain], useEquals=false, ignoredMediaTypes=[*/*]]]
2025-12-16 14:56:51.118 [http-nio-8000-exec-10] DEBUG o.s.s.w.a.DelegatingAuthenticationEntryPoint - Trying to match using Or [RequestHeaderRequestMatcher [expectedHeaderName=X-Requested-With, expectedHeaderValue=XMLHttpRequest], And [Not [MediaTypeRequestMatcher [contentNegotiationStrategy=org.springframework.web.accept.ContentNegotiationManager@4c93cf28, matchingMediaTypes=[text/html], useEquals=false, ignoredMediaTypes=[]]], MediaTypeRequestMatcher [contentNegotiationStrategy=org.springframework.web.accept.ContentNegotiationManager@4c93cf28, matchingMediaTypes=[application/atom+xml, application/x-www-form-urlencoded, application/json, application/octet-stream, application/xml, multipart/form-data, text/xml], useEquals=false, ignoredMediaTypes=[*/*]]], MediaTypeRequestMatcher [contentNegotiationStrategy=org.springframework.web.accept.ContentNegotiationManager@4c93cf28, matchingMediaTypes=[*/*], useEquals=true, ignoredMediaTypes=[]]]
2025-12-16 14:56:51.119 [http-nio-8000-exec-10] DEBUG o.s.s.w.a.DelegatingAuthenticationEntryPoint - Match found! Executing org.springframework.security.web.authentication.DelegatingAuthenticationEntryPoint@6cd76b55
2025-12-16 14:56:51.119 [http-nio-8000-exec-10] DEBUG o.s.s.w.a.DelegatingAuthenticationEntryPoint - Trying to match using RequestHeaderRequestMatcher [expectedHeaderName=X-Requested-With, expectedHeaderValue=XMLHttpRequest]
2025-12-16 14:56:51.119 [http-nio-8000-exec-10] DEBUG o.s.s.w.a.DelegatingAuthenticationEntryPoint - No match found. Using default entry point org.springframework.security.web.authentication.www.BasicAuthenticationEntryPoint@524ce43e
2025-12-16 14:56:57.940 [http-nio-8000-exec-1] DEBUG o.s.security.web.FilterChainProxy - Securing GET /swagger-ui.html?ide_webview_request_time=1765868217935
2025-12-16 14:56:57.940 [http-nio-8000-exec-1] DEBUG o.s.s.w.a.AnonymousAuthenticationFilter - Set SecurityContextHolder to anonymous SecurityContext
2025-12-16 14:56:57.941 [http-nio-8000-exec-1] DEBUG o.s.s.w.s.HttpSessionRequestCache - Saved request http://localhost:8000/swagger-ui.html?ide_webview_request_time=1765868217935&continue to session
2025-12-16 14:56:57.941 [http-nio-8000-exec-1] DEBUG o.s.s.w.a.DelegatingAuthenticationEntryPoint - Trying to match using And [Not [RequestHeaderRequestMatcher [expectedHeaderName=X-Requested-With, expectedHeaderValue=XMLHttpRequest]], MediaTypeRequestMatcher [contentNegotiationStrategy=org.springframework.web.accept.ContentNegotiationManager@4c93cf28, matchingMediaTypes=[application/xhtml+xml, image/*, text/html, text/plain], useEquals=false, ignoredMediaTypes=[*/*]]]
2025-12-16 14:56:57.941 [http-nio-8000-exec-1] DEBUG o.s.s.w.a.DelegatingAuthenticationEntryPoint - Match found! Executing org.springframework.security.web.authentication.LoginUrlAuthenticationEntryPoint@76494bed
2025-12-16 14:56:57.942 [http-nio-8000-exec-1] DEBUG o.s.s.web.DefaultRedirectStrategy - Redirecting to http://localhost:8000/login
2025-12-16 14:56:57.944 [http-nio-8000-exec-3] DEBUG o.s.security.web.FilterChainProxy - Securing GET /login
2025-12-16 14:56:57.967 [http-nio-8000-exec-2] DEBUG o.s.security.web.FilterChainProxy - Securing GET /@vite/client
2025-12-16 14:56:57.967 [http-nio-8000-exec-2] DEBUG o.s.s.w.a.AnonymousAuthenticationFilter - Set SecurityContextHolder to anonymous SecurityContext
2025-12-16 14:56:57.967 [http-nio-8000-exec-2] DEBUG o.s.s.w.s.HttpSessionRequestCache - Saved request http://localhost:8000/@vite/client?continue to session
2025-12-16 14:56:57.967 [http-nio-8000-exec-2] DEBUG o.s.s.w.a.DelegatingAuthenticationEntryPoint - Trying to match using And [Not [RequestHeaderRequestMatcher [expectedHeaderName=X-Requested-With, expectedHeaderValue=XMLHttpRequest]], MediaTypeRequestMatcher [contentNegotiationStrategy=org.springframework.web.accept.ContentNegotiationManager@4c93cf28, matchingMediaTypes=[application/xhtml+xml, image/*, text/html, text/plain], useEquals=false, ignoredMediaTypes=[*/*]]]
2025-12-16 14:56:57.967 [http-nio-8000-exec-2] DEBUG o.s.s.w.a.DelegatingAuthenticationEntryPoint - Trying to match using Or [RequestHeaderRequestMatcher [expectedHeaderName=X-Requested-With, expectedHeaderValue=XMLHttpRequest], And [Not [MediaTypeRequestMatcher [contentNegotiationStrategy=org.springframework.web.accept.ContentNegotiationManager@4c93cf28, matchingMediaTypes=[text/html], useEquals=false, ignoredMediaTypes=[]]], MediaTypeRequestMatcher [contentNegotiationStrategy=org.springframework.web.accept.ContentNegotiationManager@4c93cf28, matchingMediaTypes=[application/atom+xml, application/x-www-form-urlencoded, application/json, application/octet-stream, application/xml, multipart/form-data, text/xml], useEquals=false, ignoredMediaTypes=[*/*]]], MediaTypeRequestMatcher [contentNegotiationStrategy=org.springframework.web.accept.ContentNegotiationManager@4c93cf28, matchingMediaTypes=[*/*], useEquals=true, ignoredMediaTypes=[]]]
2025-12-16 14:56:57.967 [http-nio-8000-exec-2] DEBUG o.s.s.w.a.DelegatingAuthenticationEntryPoint - Match found! Executing org.springframework.security.web.authentication.DelegatingAuthenticationEntryPoint@6cd76b55
2025-12-16 14:56:57.967 [http-nio-8000-exec-2] DEBUG o.s.s.w.a.DelegatingAuthenticationEntryPoint - Trying to match using RequestHeaderRequestMatcher [expectedHeaderName=X-Requested-With, expectedHeaderValue=XMLHttpRequest]
2025-12-16 14:56:57.967 [http-nio-8000-exec-2] DEBUG o.s.s.w.a.DelegatingAuthenticationEntryPoint - No match found. Using default entry point org.springframework.security.web.authentication.www.BasicAuthenticationEntryPoint@524ce43e
2025-12-16 14:56:57.967 [http-nio-8000-exec-2] DEBUG o.s.security.web.FilterChainProxy - Securing GET /error
2025-12-16 14:56:57.969 [http-nio-8000-exec-2] DEBUG o.s.s.w.a.AnonymousAuthenticationFilter - Set SecurityContextHolder to anonymous SecurityContext
2025-12-16 14:56:57.969 [http-nio-8000-exec-2] DEBUG o.s.s.w.s.HttpSessionRequestCache - Saved request http://localhost:8000/error?continue to session
2025-12-16 14:56:57.969 [http-nio-8000-exec-2] DEBUG o.s.s.w.a.DelegatingAuthenticationEntryPoint - Trying to match using And [Not [RequestHeaderRequestMatcher [expectedHeaderName=X-Requested-With, expectedHeaderValue=XMLHttpRequest]], MediaTypeRequestMatcher [contentNegotiationStrategy=org.springframework.web.accept.ContentNegotiationManager@4c93cf28, matchingMediaTypes=[application/xhtml+xml, image/*, text/html, text/plain], useEquals=false, ignoredMediaTypes=[*/*]]]
2025-12-16 14:56:57.969 [http-nio-8000-exec-2] DEBUG o.s.s.w.a.DelegatingAuthenticationEntryPoint - Trying to match using Or [RequestHeaderRequestMatcher [expectedHeaderName=X-Requested-With, expectedHeaderValue=XMLHttpRequest], And [Not [MediaTypeRequestMatcher [contentNegotiationStrategy=org.springframework.web.accept.ContentNegotiationManager@4c93cf28, matchingMediaTypes=[text/html], useEquals=false, ignoredMediaTypes=[]]], MediaTypeRequestMatcher [contentNegotiationStrategy=org.springframework.web.accept.ContentNegotiationManager@4c93cf28, matchingMediaTypes=[application/atom+xml, application/x-www-form-urlencoded, application/json, application/octet-stream, application/xml, multipart/form-data, text/xml], useEquals=false, ignoredMediaTypes=[*/*]]], MediaTypeRequestMatcher [contentNegotiationStrategy=org.springframework.web.accept.ContentNegotiationManager@4c93cf28, matchingMediaTypes=[*/*], useEquals=true, ignoredMediaTypes=[]]]
2025-12-16 14:56:57.969 [http-nio-8000-exec-2] DEBUG o.s.s.w.a.DelegatingAuthenticationEntryPoint - Match found! Executing org.springframework.security.web.authentication.DelegatingAuthenticationEntryPoint@6cd76b55
2025-12-16 14:56:57.969 [http-nio-8000-exec-2] DEBUG o.s.s.w.a.DelegatingAuthenticationEntryPoint - Trying to match using RequestHeaderRequestMatcher [expectedHeaderName=X-Requested-With, expectedHeaderValue=XMLHttpRequest]
2025-12-16 14:56:57.969 [http-nio-8000-exec-2] DEBUG o.s.s.w.a.DelegatingAuthenticationEntryPoint - No match found. Using default entry point org.springframework.security.web.authentication.www.BasicAuthenticationEntryPoint@524ce43e
2025-12-16 14:56:58.933 [http-nio-8000-exec-9] DEBUG o.s.security.web.FilterChainProxy - Securing GET /login
2025-12-16 14:56:58.952 [http-nio-8000-exec-5] DEBUG o.s.security.web.FilterChainProxy - Securing GET /@vite/client
2025-12-16 14:56:58.952 [http-nio-8000-exec-5] DEBUG o.s.s.w.a.AnonymousAuthenticationFilter - Set SecurityContextHolder to anonymous SecurityContext
2025-12-16 14:56:58.953 [http-nio-8000-exec-5] DEBUG o.s.s.w.s.HttpSessionRequestCache - Saved request http://localhost:8000/@vite/client?continue to session
2025-12-16 14:56:58.953 [http-nio-8000-exec-5] DEBUG o.s.s.w.a.DelegatingAuthenticationEntryPoint - Trying to match using And [Not [RequestHeaderRequestMatcher [expectedHeaderName=X-Requested-With, expectedHeaderValue=XMLHttpRequest]], MediaTypeRequestMatcher [contentNegotiationStrategy=org.springframework.web.accept.ContentNegotiationManager@4c93cf28, matchingMediaTypes=[application/xhtml+xml, image/*, text/html, text/plain], useEquals=false, ignoredMediaTypes=[*/*]]]
2025-12-16 14:56:58.953 [http-nio-8000-exec-5] DEBUG o.s.s.w.a.DelegatingAuthenticationEntryPoint - Trying to match using Or [RequestHeaderRequestMatcher [expectedHeaderName=X-Requested-With, expectedHeaderValue=XMLHttpRequest], And [Not [MediaTypeRequestMatcher [contentNegotiationStrategy=org.springframework.web.accept.ContentNegotiationManager@4c93cf28, matchingMediaTypes=[text/html], useEquals=false, ignoredMediaTypes=[]]], MediaTypeRequestMatcher [contentNegotiationStrategy=org.springframework.web.accept.ContentNegotiationManager@4c93cf28, matchingMediaTypes=[application/atom+xml, application/x-www-form-urlencoded, application/json, application/octet-stream, application/xml, multipart/form-data, text/xml], useEquals=false, ignoredMediaTypes=[*/*]]], MediaTypeRequestMatcher [contentNegotiationStrategy=org.springframework.web.accept.ContentNegotiationManager@4c93cf28, matchingMediaTypes=[*/*], useEquals=true, ignoredMediaTypes=[]]]
2025-12-16 14:56:58.953 [http-nio-8000-exec-5] DEBUG o.s.s.w.a.DelegatingAuthenticationEntryPoint - Match found! Executing org.springframework.security.web.authentication.DelegatingAuthenticationEntryPoint@6cd76b55
2025-12-16 14:56:58.953 [http-nio-8000-exec-5] DEBUG o.s.s.w.a.DelegatingAuthenticationEntryPoint - Trying to match using RequestHeaderRequestMatcher [expectedHeaderName=X-Requested-With, expectedHeaderValue=XMLHttpRequest]
2025-12-16 14:56:58.953 [http-nio-8000-exec-5] DEBUG o.s.s.w.a.DelegatingAuthenticationEntryPoint - No match found. Using default entry point org.springframework.security.web.authentication.www.BasicAuthenticationEntryPoint@524ce43e
2025-12-16 14:56:58.953 [http-nio-8000-exec-5] DEBUG o.s.security.web.FilterChainProxy - Securing GET /error
2025-12-16 14:56:58.954 [http-nio-8000-exec-5] DEBUG o.s.s.w.a.AnonymousAuthenticationFilter - Set SecurityContextHolder to anonymous SecurityContext
2025-12-16 14:56:58.954 [http-nio-8000-exec-5] DEBUG o.s.s.w.s.HttpSessionRequestCache - Saved request http://localhost:8000/error?continue to session
2025-12-16 14:56:58.954 [http-nio-8000-exec-5] DEBUG o.s.s.w.a.DelegatingAuthenticationEntryPoint - Trying to match using And [Not [RequestHeaderRequestMatcher [expectedHeaderName=X-Requested-With, expectedHeaderValue=XMLHttpRequest]], MediaTypeRequestMatcher [contentNegotiationStrategy=org.springframework.web.accept.ContentNegotiationManager@4c93cf28, matchingMediaTypes=[application/xhtml+xml, image/*, text/html, text/plain], useEquals=false, ignoredMediaTypes=[*/*]]]
2025-12-16 14:56:58.954 [http-nio-8000-exec-5] DEBUG o.s.s.w.a.DelegatingAuthenticationEntryPoint - Trying to match using Or [RequestHeaderRequestMatcher [expectedHeaderName=X-Requested-With, expectedHeaderValue=XMLHttpRequest], And [Not [MediaTypeRequestMatcher [contentNegotiationStrategy=org.springframework.web.accept.ContentNegotiationManager@4c93cf28, matchingMediaTypes=[text/html], useEquals=false, ignoredMediaTypes=[]]], MediaTypeRequestMatcher [contentNegotiationStrategy=org.springframework.web.accept.ContentNegotiationManager@4c93cf28, matchingMediaTypes=[application/atom+xml, application/x-www-form-urlencoded, application/json, application/octet-stream, application/xml, multipart/form-data, text/xml], useEquals=false, ignoredMediaTypes=[*/*]]], MediaTypeRequestMatcher [contentNegotiationStrategy=org.springframework.web.accept.ContentNegotiationManager@4c93cf28, matchingMediaTypes=[*/*], useEquals=true, ignoredMediaTypes=[]]]
2025-12-16 14:56:58.954 [http-nio-8000-exec-5] DEBUG o.s.s.w.a.DelegatingAuthenticationEntryPoint - Match found! Executing org.springframework.security.web.authentication.DelegatingAuthenticationEntryPoint@6cd76b55
2025-12-16 14:56:58.954 [http-nio-8000-exec-5] DEBUG o.s.s.w.a.DelegatingAuthenticationEntryPoint - Trying to match using RequestHeaderRequestMatcher [expectedHeaderName=X-Requested-With, expectedHeaderValue=XMLHttpRequest]
2025-12-16 14:56:58.954 [http-nio-8000-exec-5] DEBUG o.s.s.w.a.DelegatingAuthenticationEntryPoint - No match found. Using default entry point org.springframework.security.web.authentication.www.BasicAuthenticationEntryPoint@524ce43e
2025-12-16 14:57:04.113 [HikariPool-1 housekeeper] DEBUG com.zaxxer.hikari.pool.HikariPool - HikariPool-1 - Before cleanup stats (total=2, active=0, idle=2, waiting=0)
2025-12-16 14:57:04.114 [HikariPool-1 housekeeper] DEBUG com.zaxxer.hikari.pool.HikariPool - HikariPool-1 - After cleanup  stats (total=2, active=0, idle=2, waiting=0)
2025-12-16 14:57:04.114 [HikariPool-1 housekeeper] DEBUG com.zaxxer.hikari.pool.HikariPool - HikariPool-1 - Fill pool skipped, pool has sufficient level or currently being filled (queueDepth=0).
2025-12-16 14:57:06.177 [http-nio-8000-exec-6] DEBUG o.s.security.web.FilterChainProxy - Securing GET /swagger-ui.html
2025-12-16 14:57:06.178 [http-nio-8000-exec-6] DEBUG o.s.s.w.a.AnonymousAuthenticationFilter - Set SecurityContextHolder to anonymous SecurityContext
2025-12-16 14:57:06.178 [http-nio-8000-exec-6] DEBUG o.s.s.w.s.HttpSessionRequestCache - Saved request http://localhost:8000/swagger-ui.html?continue to session
2025-12-16 14:57:06.178 [http-nio-8000-exec-6] DEBUG o.s.s.w.a.DelegatingAuthenticationEntryPoint - Trying to match using And [Not [RequestHeaderRequestMatcher [expectedHeaderName=X-Requested-With, expectedHeaderValue=XMLHttpRequest]], MediaTypeRequestMatcher [contentNegotiationStrategy=org.springframework.web.accept.ContentNegotiationManager@4c93cf28, matchingMediaTypes=[application/xhtml+xml, image/*, text/html, text/plain], useEquals=false, ignoredMediaTypes=[*/*]]]
2025-12-16 14:57:06.178 [http-nio-8000-exec-6] DEBUG o.s.s.w.a.DelegatingAuthenticationEntryPoint - Match found! Executing org.springframework.security.web.authentication.LoginUrlAuthenticationEntryPoint@76494bed
2025-12-16 14:57:06.178 [http-nio-8000-exec-6] DEBUG o.s.s.web.DefaultRedirectStrategy - Redirecting to http://localhost:8000/login
2025-12-16 14:57:06.184 [http-nio-8000-exec-7] DEBUG o.s.security.web.FilterChainProxy - Securing GET /login
2025-12-16 14:57:06.347 [http-nio-8000-exec-8] DEBUG o.s.security.web.FilterChainProxy - Securing GET /favicon.ico
2025-12-16 14:57:06.348 [http-nio-8000-exec-8] DEBUG o.s.s.w.a.AnonymousAuthenticationFilter - Set SecurityContextHolder to anonymous SecurityContext
2025-12-16 14:57:06.348 [http-nio-8000-exec-8] DEBUG o.s.s.w.a.DelegatingAuthenticationEntryPoint - Trying to match using And [Not [RequestHeaderRequestMatcher [expectedHeaderName=X-Requested-With, expectedHeaderValue=XMLHttpRequest]], MediaTypeRequestMatcher [contentNegotiationStrategy=org.springframework.web.accept.ContentNegotiationManager@4c93cf28, matchingMediaTypes=[application/xhtml+xml, image/*, text/html, text/plain], useEquals=false, ignoredMediaTypes=[*/*]]]
2025-12-16 14:57:06.348 [http-nio-8000-exec-8] DEBUG o.s.s.w.a.DelegatingAuthenticationEntryPoint - Match found! Executing org.springframework.security.web.authentication.LoginUrlAuthenticationEntryPoint@76494bed
2025-12-16 14:57:06.348 [http-nio-8000-exec-8] DEBUG o.s.s.web.DefaultRedirectStrategy - Redirecting to http://localhost:8000/login
2025-12-16 14:57:06.351 [http-nio-8000-exec-4] DEBUG o.s.security.web.FilterChainProxy - Securing GET /login
2025-12-16 14:57:06.804 [scheduling-1] INFO  c.e.m.s.Impl.EmailQueueServiceImpl - 处理邮件队列，待处理项: 0
2025-12-16 14:57:14.068 [http-nio-8000-exec-10] DEBUG o.s.security.web.FilterChainProxy - Securing GET /swagger-ui.html
2025-12-16 14:57:14.069 [http-nio-8000-exec-10] DEBUG o.s.s.w.a.AnonymousAuthenticationFilter - Set SecurityContextHolder to anonymous SecurityContext
2025-12-16 14:57:14.071 [http-nio-8000-exec-10] DEBUG o.s.s.w.s.HttpSessionRequestCache - Saved request http://localhost:8000/swagger-ui.html?continue to session
2025-12-16 14:57:14.071 [http-nio-8000-exec-10] DEBUG o.s.s.w.a.DelegatingAuthenticationEntryPoint - Trying to match using And [Not [RequestHeaderRequestMatcher [expectedHeaderName=X-Requested-With, expectedHeaderValue=XMLHttpRequest]], MediaTypeRequestMatcher [contentNegotiationStrategy=org.springframework.web.accept.ContentNegotiationManager@4c93cf28, matchingMediaTypes=[application/xhtml+xml, image/*, text/html, text/plain], useEquals=false, ignoredMediaTypes=[*/*]]]
2025-12-16 14:57:14.071 [http-nio-8000-exec-10] DEBUG o.s.s.w.a.DelegatingAuthenticationEntryPoint - Match found! Executing org.springframework.security.web.authentication.LoginUrlAuthenticationEntryPoint@76494bed
2025-12-16 14:57:14.071 [http-nio-8000-exec-10] DEBUG o.s.s.web.DefaultRedirectStrategy - Redirecting to http://localhost:8000/login
2025-12-16 14:57:14.079 [http-nio-8000-exec-1] DEBUG o.s.security.web.FilterChainProxy - Securing GET /login
2025-12-16 14:57:14.250 [http-nio-8000-exec-3] DEBUG o.s.security.web.FilterChainProxy - Securing GET /favicon.ico
2025-12-16 14:57:14.251 [http-nio-8000-exec-3] DEBUG o.s.s.w.a.AnonymousAuthenticationFilter - Set SecurityContextHolder to anonymous SecurityContext
2025-12-16 14:57:14.251 [http-nio-8000-exec-3] DEBUG o.s.s.w.a.DelegatingAuthenticationEntryPoint - Trying to match using And [Not [RequestHeaderRequestMatcher [expectedHeaderName=X-Requested-With, expectedHeaderValue=XMLHttpRequest]], MediaTypeRequestMatcher [contentNegotiationStrategy=org.springframework.web.accept.ContentNegotiationManager@4c93cf28, matchingMediaTypes=[application/xhtml+xml, image/*, text/html, text/plain], useEquals=false, ignoredMediaTypes=[*/*]]]
2025-12-16 14:57:14.251 [http-nio-8000-exec-3] DEBUG o.s.s.w.a.DelegatingAuthenticationEntryPoint - Match found! Executing org.springframework.security.web.authentication.LoginUrlAuthenticationEntryPoint@76494bed
2025-12-16 14:57:14.251 [http-nio-8000-exec-3] DEBUG o.s.s.web.DefaultRedirectStrategy - Redirecting to http://localhost:8000/login
2025-12-16 14:57:14.257 [http-nio-8000-exec-2] DEBUG o.s.security.web.FilterChainProxy - Securing GET /login
2025-12-16 14:57:23.824 [http-nio-8000-exec-9] DEBUG o.s.security.web.FilterChainProxy - Securing GET /swagger-ui.html
2025-12-16 14:57:23.825 [http-nio-8000-exec-9] DEBUG o.s.s.w.a.AnonymousAuthenticationFilter - Set SecurityContextHolder to anonymous SecurityContext
2025-12-16 14:57:23.825 [http-nio-8000-exec-9] DEBUG o.s.s.w.s.HttpSessionRequestCache - Saved request http://localhost:8000/swagger-ui.html?continue to session
2025-12-16 14:57:23.825 [http-nio-8000-exec-9] DEBUG o.s.s.w.a.DelegatingAuthenticationEntryPoint - Trying to match using And [Not [RequestHeaderRequestMatcher [expectedHeaderName=X-Requested-With, expectedHeaderValue=XMLHttpRequest]], MediaTypeRequestMatcher [contentNegotiationStrategy=org.springframework.web.accept.ContentNegotiationManager@4c93cf28, matchingMediaTypes=[application/xhtml+xml, image/*, text/html, text/plain], useEquals=false, ignoredMediaTypes=[*/*]]]
2025-12-16 14:57:23.825 [http-nio-8000-exec-9] DEBUG o.s.s.w.a.DelegatingAuthenticationEntryPoint - Match found! Executing org.springframework.security.web.authentication.LoginUrlAuthenticationEntryPoint@76494bed
2025-12-16 14:57:23.826 [http-nio-8000-exec-9] DEBUG o.s.s.web.DefaultRedirectStrategy - Redirecting to http://localhost:8000/login
2025-12-16 14:57:23.832 [http-nio-8000-exec-5] DEBUG o.s.security.web.FilterChainProxy - Securing GET /login
2025-12-16 14:57:23.902 [http-nio-8000-exec-6] DEBUG o.s.security.web.FilterChainProxy - Securing GET /favicon.ico
2025-12-16 14:57:23.902 [http-nio-8000-exec-6] DEBUG o.s.s.w.a.AnonymousAuthenticationFilter - Set SecurityContextHolder to anonymous SecurityContext
2025-12-16 14:57:23.903 [http-nio-8000-exec-6] DEBUG o.s.s.w.a.DelegatingAuthenticationEntryPoint - Trying to match using And [Not [RequestHeaderRequestMatcher [expectedHeaderName=X-Requested-With, expectedHeaderValue=XMLHttpRequest]], MediaTypeRequestMatcher [contentNegotiationStrategy=org.springframework.web.accept.ContentNegotiationManager@4c93cf28, matchingMediaTypes=[application/xhtml+xml, image/*, text/html, text/plain], useEquals=false, ignoredMediaTypes=[*/*]]]
2025-12-16 14:57:23.903 [http-nio-8000-exec-6] DEBUG o.s.s.w.a.DelegatingAuthenticationEntryPoint - Match found! Executing org.springframework.security.web.authentication.LoginUrlAuthenticationEntryPoint@76494bed
2025-12-16 14:57:23.903 [http-nio-8000-exec-6] DEBUG o.s.s.web.DefaultRedirectStrategy - Redirecting to http://localhost:8000/login
2025-12-16 14:57:23.907 [http-nio-8000-exec-7] DEBUG o.s.security.web.FilterChainProxy - Securing GET /login
2025-12-16 14:57:32.216 [http-nio-8000-exec-8] DEBUG o.s.security.web.FilterChainProxy - Securing GET /swagger-ui/index.html
2025-12-16 14:57:32.216 [http-nio-8000-exec-8] DEBUG o.s.s.w.a.AnonymousAuthenticationFilter - Set SecurityContextHolder to anonymous SecurityContext
2025-12-16 14:57:32.218 [http-nio-8000-exec-8] DEBUG o.s.s.w.s.HttpSessionRequestCache - Saved request http://localhost:8000/swagger-ui/index.html?continue to session
2025-12-16 14:57:32.218 [http-nio-8000-exec-8] DEBUG o.s.s.w.a.DelegatingAuthenticationEntryPoint - Trying to match using And [Not [RequestHeaderRequestMatcher [expectedHeaderName=X-Requested-With, expectedHeaderValue=XMLHttpRequest]], MediaTypeRequestMatcher [contentNegotiationStrategy=org.springframework.web.accept.ContentNegotiationManager@4c93cf28, matchingMediaTypes=[application/xhtml+xml, image/*, text/html, text/plain], useEquals=false, ignoredMediaTypes=[*/*]]]
2025-12-16 14:57:32.218 [http-nio-8000-exec-8] DEBUG o.s.s.w.a.DelegatingAuthenticationEntryPoint - Match found! Executing org.springframework.security.web.authentication.LoginUrlAuthenticationEntryPoint@76494bed
2025-12-16 14:57:32.218 [http-nio-8000-exec-8] DEBUG o.s.s.web.DefaultRedirectStrategy - Redirecting to http://localhost:8000/login
2025-12-16 14:57:32.224 [http-nio-8000-exec-4] DEBUG o.s.security.web.FilterChainProxy - Securing GET /login
2025-12-16 14:57:32.290 [http-nio-8000-exec-10] DEBUG o.s.security.web.FilterChainProxy - Securing GET /favicon.ico
2025-12-16 14:57:32.290 [http-nio-8000-exec-10] DEBUG o.s.s.w.a.AnonymousAuthenticationFilter - Set SecurityContextHolder to anonymous SecurityContext
2025-12-16 14:57:32.290 [http-nio-8000-exec-10] DEBUG o.s.s.w.a.DelegatingAuthenticationEntryPoint - Trying to match using And [Not [RequestHeaderRequestMatcher [expectedHeaderName=X-Requested-With, expectedHeaderValue=XMLHttpRequest]], MediaTypeRequestMatcher [contentNegotiationStrategy=org.springframework.web.accept.ContentNegotiationManager@4c93cf28, matchingMediaTypes=[application/xhtml+xml, image/*, text/html, text/plain], useEquals=false, ignoredMediaTypes=[*/*]]]
2025-12-16 14:57:32.290 [http-nio-8000-exec-10] DEBUG o.s.s.w.a.DelegatingAuthenticationEntryPoint - Match found! Executing org.springframework.security.web.authentication.LoginUrlAuthenticationEntryPoint@76494bed
2025-12-16 14:57:32.290 [http-nio-8000-exec-10] DEBUG o.s.s.web.DefaultRedirectStrategy - Redirecting to http://localhost:8000/login
2025-12-16 14:57:32.297 [http-nio-8000-exec-1] DEBUG o.s.security.web.FilterChainProxy - Securing GET /login
2025-12-16 14:57:34.117 [HikariPool-1 housekeeper] DEBUG com.zaxxer.hikari.pool.HikariPool - HikariPool-1 - Before cleanup stats (total=2, active=0, idle=2, waiting=0)
2025-12-16 14:57:34.117 [HikariPool-1 housekeeper] DEBUG com.zaxxer.hikari.pool.HikariPool - HikariPool-1 - After cleanup  stats (total=2, active=0, idle=2, waiting=0)
2025-12-16 14:57:34.117 [HikariPool-1 housekeeper] DEBUG com.zaxxer.hikari.pool.HikariPool - HikariPool-1 - Fill pool skipped, pool has sufficient level or currently being filled (queueDepth=0).
2025-12-16 14:57:36.372 [http-nio-8000-exec-3] DEBUG o.s.security.web.FilterChainProxy - Securing GET /swagger-ui/index.html
2025-12-16 14:57:36.372 [http-nio-8000-exec-3] DEBUG o.s.s.w.a.AnonymousAuthenticationFilter - Set SecurityContextHolder to anonymous SecurityContext
2025-12-16 14:57:36.372 [http-nio-8000-exec-3] DEBUG o.s.s.w.s.HttpSessionRequestCache - Saved request http://localhost:8000/swagger-ui/index.html?continue to session
2025-12-16 14:57:36.372 [http-nio-8000-exec-3] DEBUG o.s.s.w.a.DelegatingAuthenticationEntryPoint - Trying to match using And [Not [RequestHeaderRequestMatcher [expectedHeaderName=X-Requested-With, expectedHeaderValue=XMLHttpRequest]], MediaTypeRequestMatcher [contentNegotiationStrategy=org.springframework.web.accept.ContentNegotiationManager@4c93cf28, matchingMediaTypes=[application/xhtml+xml, image/*, text/html, text/plain], useEquals=false, ignoredMediaTypes=[*/*]]]
2025-12-16 14:57:36.372 [http-nio-8000-exec-3] DEBUG o.s.s.w.a.DelegatingAuthenticationEntryPoint - Match found! Executing org.springframework.security.web.authentication.LoginUrlAuthenticationEntryPoint@76494bed
2025-12-16 14:57:36.373 [http-nio-8000-exec-3] DEBUG o.s.s.web.DefaultRedirectStrategy - Redirecting to http://localhost:8000/login
2025-12-16 14:57:36.380 [http-nio-8000-exec-2] DEBUG o.s.security.web.FilterChainProxy - Securing GET /login
2025-12-16 14:57:36.559 [http-nio-8000-exec-9] DEBUG o.s.security.web.FilterChainProxy - Securing GET /favicon.ico
2025-12-16 14:57:36.559 [http-nio-8000-exec-9] DEBUG o.s.s.w.a.AnonymousAuthenticationFilter - Set SecurityContextHolder to anonymous SecurityContext
2025-12-16 14:57:36.559 [http-nio-8000-exec-9] DEBUG o.s.s.w.a.DelegatingAuthenticationEntryPoint - Trying to match using And [Not [RequestHeaderRequestMatcher [expectedHeaderName=X-Requested-With, expectedHeaderValue=XMLHttpRequest]], MediaTypeRequestMatcher [contentNegotiationStrategy=org.springframework.web.accept.ContentNegotiationManager@4c93cf28, matchingMediaTypes=[application/xhtml+xml, image/*, text/html, text/plain], useEquals=false, ignoredMediaTypes=[*/*]]]
2025-12-16 14:57:36.559 [http-nio-8000-exec-9] DEBUG o.s.s.w.a.DelegatingAuthenticationEntryPoint - Match found! Executing org.springframework.security.web.authentication.LoginUrlAuthenticationEntryPoint@76494bed
2025-12-16 14:57:36.559 [http-nio-8000-exec-9] DEBUG o.s.s.web.DefaultRedirectStrategy - Redirecting to http://localhost:8000/login
2025-12-16 14:57:36.566 [http-nio-8000-exec-5] DEBUG o.s.security.web.FilterChainProxy - Securing GET /login
2025-12-16 14:57:38.134 [http-nio-8000-exec-6] DEBUG o.s.security.web.FilterChainProxy - Securing GET /login
2025-12-16 14:57:38.190 [http-nio-8000-exec-7] DEBUG o.s.security.web.FilterChainProxy - Securing GET /favicon.ico
2025-12-16 14:57:38.190 [http-nio-8000-exec-7] DEBUG o.s.s.w.a.AnonymousAuthenticationFilter - Set SecurityContextHolder to anonymous SecurityContext
2025-12-16 14:57:38.190 [http-nio-8000-exec-7] DEBUG o.s.s.w.a.DelegatingAuthenticationEntryPoint - Trying to match using And [Not [RequestHeaderRequestMatcher [expectedHeaderName=X-Requested-With, expectedHeaderValue=XMLHttpRequest]], MediaTypeRequestMatcher [contentNegotiationStrategy=org.springframework.web.accept.ContentNegotiationManager@4c93cf28, matchingMediaTypes=[application/xhtml+xml, image/*, text/html, text/plain], useEquals=false, ignoredMediaTypes=[*/*]]]
2025-12-16 14:57:38.191 [http-nio-8000-exec-7] DEBUG o.s.s.w.a.DelegatingAuthenticationEntryPoint - Match found! Executing org.springframework.security.web.authentication.LoginUrlAuthenticationEntryPoint@76494bed
2025-12-16 14:57:38.191 [http-nio-8000-exec-7] DEBUG o.s.s.web.DefaultRedirectStrategy - Redirecting to http://localhost:8000/login
2025-12-16 14:57:38.195 [http-nio-8000-exec-8] DEBUG o.s.security.web.FilterChainProxy - Securing GET /login
2025-12-16 14:57:49.073 [http-nio-8000-exec-4] DEBUG o.s.security.web.FilterChainProxy - Securing GET /v3/api-docs
2025-12-16 14:57:49.075 [http-nio-8000-exec-4] DEBUG o.s.s.w.a.AnonymousAuthenticationFilter - Set SecurityContextHolder to anonymous SecurityContext
2025-12-16 14:57:49.075 [http-nio-8000-exec-4] DEBUG o.s.s.w.s.HttpSessionRequestCache - Saved request http://localhost:8000/v3/api-docs?continue to session
2025-12-16 14:57:49.075 [http-nio-8000-exec-4] DEBUG o.s.s.w.a.DelegatingAuthenticationEntryPoint - Trying to match using And [Not [RequestHeaderRequestMatcher [expectedHeaderName=X-Requested-With, expectedHeaderValue=XMLHttpRequest]], MediaTypeRequestMatcher [contentNegotiationStrategy=org.springframework.web.accept.ContentNegotiationManager@4c93cf28, matchingMediaTypes=[application/xhtml+xml, image/*, text/html, text/plain], useEquals=false, ignoredMediaTypes=[*/*]]]
2025-12-16 14:57:49.075 [http-nio-8000-exec-4] DEBUG o.s.s.w.a.DelegatingAuthenticationEntryPoint - Match found! Executing org.springframework.security.web.authentication.LoginUrlAuthenticationEntryPoint@76494bed
2025-12-16 14:57:49.075 [http-nio-8000-exec-4] DEBUG o.s.s.web.DefaultRedirectStrategy - Redirecting to http://localhost:8000/login
2025-12-16 14:57:49.081 [http-nio-8000-exec-10] DEBUG o.s.security.web.FilterChainProxy - Securing GET /login
2025-12-16 14:57:49.150 [http-nio-8000-exec-1] DEBUG o.s.security.web.FilterChainProxy - Securing GET /favicon.ico
2025-12-16 14:57:49.150 [http-nio-8000-exec-1] DEBUG o.s.s.w.a.AnonymousAuthenticationFilter - Set SecurityContextHolder to anonymous SecurityContext
2025-12-16 14:57:49.150 [http-nio-8000-exec-1] DEBUG o.s.s.w.a.DelegatingAuthenticationEntryPoint - Trying to match using And [Not [RequestHeaderRequestMatcher [expectedHeaderName=X-Requested-With, expectedHeaderValue=XMLHttpRequest]], MediaTypeRequestMatcher [contentNegotiationStrategy=org.springframework.web.accept.ContentNegotiationManager@4c93cf28, matchingMediaTypes=[application/xhtml+xml, image/*, text/html, text/plain], useEquals=false, ignoredMediaTypes=[*/*]]]
2025-12-16 14:57:49.150 [http-nio-8000-exec-1] DEBUG o.s.s.w.a.DelegatingAuthenticationEntryPoint - Match found! Executing org.springframework.security.web.authentication.LoginUrlAuthenticationEntryPoint@76494bed
2025-12-16 14:57:49.150 [http-nio-8000-exec-1] DEBUG o.s.s.web.DefaultRedirectStrategy - Redirecting to http://localhost:8000/login
2025-12-16 14:57:49.156 [http-nio-8000-exec-3] DEBUG o.s.security.web.FilterChainProxy - Securing GET /login
2025-12-16 14:58:04.123 [HikariPool-1 housekeeper] DEBUG com.zaxxer.hikari.pool.HikariPool - HikariPool-1 - Before cleanup stats (total=2, active=0, idle=2, waiting=0)
2025-12-16 14:58:04.123 [HikariPool-1 housekeeper] DEBUG com.zaxxer.hikari.pool.HikariPool - HikariPool-1 - After cleanup  stats (total=2, active=0, idle=2, waiting=0)
2025-12-16 14:58:04.123 [HikariPool-1 housekeeper] DEBUG com.zaxxer.hikari.pool.HikariPool - HikariPool-1 - Fill pool skipped, pool has sufficient level or currently being filled (queueDepth=0).
2025-12-16 14:58:06.818 [scheduling-1] INFO  c.e.m.s.Impl.EmailQueueServiceImpl - 处理邮件队列，待处理项: 0
2025-12-16 14:58:28.183 [http-nio-8000-exec-5] DEBUG o.s.security.web.FilterChainProxy - Securing GET /swagger-ui.html
2025-12-16 14:58:28.183 [http-nio-8000-exec-5] DEBUG o.s.s.w.a.AnonymousAuthenticationFilter - Set SecurityContextHolder to anonymous SecurityContext
2025-12-16 14:58:28.184 [http-nio-8000-exec-5] DEBUG o.s.s.w.s.HttpSessionRequestCache - Saved request http://localhost:8000/swagger-ui.html?continue to session
2025-12-16 14:58:28.184 [http-nio-8000-exec-5] DEBUG o.s.s.w.a.DelegatingAuthenticationEntryPoint - Trying to match using And [Not [RequestHeaderRequestMatcher [expectedHeaderName=X-Requested-With, expectedHeaderValue=XMLHttpRequest]], MediaTypeRequestMatcher [contentNegotiationStrategy=org.springframework.web.accept.ContentNegotiationManager@4c93cf28, matchingMediaTypes=[application/xhtml+xml, image/*, text/html, text/plain], useEquals=false, ignoredMediaTypes=[*/*]]]
2025-12-16 14:58:28.184 [http-nio-8000-exec-5] DEBUG o.s.s.w.a.DelegatingAuthenticationEntryPoint - Match found! Executing org.springframework.security.web.authentication.LoginUrlAuthenticationEntryPoint@76494bed
2025-12-16 14:58:28.184 [http-nio-8000-exec-5] DEBUG o.s.s.web.DefaultRedirectStrategy - Redirecting to http://localhost:8000/login
2025-12-16 14:58:28.195 [http-nio-8000-exec-6] DEBUG o.s.security.web.FilterChainProxy - Securing GET /login
2025-12-16 14:58:28.266 [http-nio-8000-exec-7] DEBUG o.s.security.web.FilterChainProxy - Securing GET /favicon.ico
2025-12-16 14:58:28.266 [http-nio-8000-exec-7] DEBUG o.s.s.w.a.AnonymousAuthenticationFilter - Set SecurityContextHolder to anonymous SecurityContext
2025-12-16 14:58:28.266 [http-nio-8000-exec-7] DEBUG o.s.s.w.a.DelegatingAuthenticationEntryPoint - Trying to match using And [Not [RequestHeaderRequestMatcher [expectedHeaderName=X-Requested-With, expectedHeaderValue=XMLHttpRequest]], MediaTypeRequestMatcher [contentNegotiationStrategy=org.springframework.web.accept.ContentNegotiationManager@4c93cf28, matchingMediaTypes=[application/xhtml+xml, image/*, text/html, text/plain], useEquals=false, ignoredMediaTypes=[*/*]]]
2025-12-16 14:58:28.266 [http-nio-8000-exec-7] DEBUG o.s.s.w.a.DelegatingAuthenticationEntryPoint - Match found! Executing org.springframework.security.web.authentication.LoginUrlAuthenticationEntryPoint@76494bed
2025-12-16 14:58:28.266 [http-nio-8000-exec-7] DEBUG o.s.s.web.DefaultRedirectStrategy - Redirecting to http://localhost:8000/login
2025-12-16 14:58:28.273 [http-nio-8000-exec-8] DEBUG o.s.security.web.FilterChainProxy - Securing GET /login
2025-12-16 14:58:34.130 [HikariPool-1 housekeeper] DEBUG com.zaxxer.hikari.pool.HikariPool - HikariPool-1 - Before cleanup stats (total=2, active=0, idle=2, waiting=0)
2025-12-16 14:58:34.130 [HikariPool-1 housekeeper] DEBUG com.zaxxer.hikari.pool.HikariPool - HikariPool-1 - After cleanup  stats (total=2, active=0, idle=2, waiting=0)
2025-12-16 14:58:34.130 [HikariPool-1 housekeeper] DEBUG com.zaxxer.hikari.pool.HikariPool - HikariPool-1 - Fill pool skipped, pool has sufficient level or currently being filled (queueDepth=0).
2025-12-16 14:58:38.936 [http-nio-8000-exec-4] DEBUG o.s.security.web.FilterChainProxy - Securing GET /swagger-ui
2025-12-16 14:58:38.937 [http-nio-8000-exec-4] DEBUG o.s.s.w.a.AnonymousAuthenticationFilter - Set SecurityContextHolder to anonymous SecurityContext
2025-12-16 14:58:38.937 [http-nio-8000-exec-4] DEBUG o.s.s.w.s.HttpSessionRequestCache - Saved request http://localhost:8000/swagger-ui?continue to session
2025-12-16 14:58:38.937 [http-nio-8000-exec-4] DEBUG o.s.s.w.a.DelegatingAuthenticationEntryPoint - Trying to match using And [Not [RequestHeaderRequestMatcher [expectedHeaderName=X-Requested-With, expectedHeaderValue=XMLHttpRequest]], MediaTypeRequestMatcher [contentNegotiationStrategy=org.springframework.web.accept.ContentNegotiationManager@4c93cf28, matchingMediaTypes=[application/xhtml+xml, image/*, text/html, text/plain], useEquals=false, ignoredMediaTypes=[*/*]]]
2025-12-16 14:58:38.937 [http-nio-8000-exec-4] DEBUG o.s.s.w.a.DelegatingAuthenticationEntryPoint - Match found! Executing org.springframework.security.web.authentication.LoginUrlAuthenticationEntryPoint@76494bed
2025-12-16 14:58:38.938 [http-nio-8000-exec-4] DEBUG o.s.s.web.DefaultRedirectStrategy - Redirecting to http://localhost:8000/login
2025-12-16 14:58:38.944 [http-nio-8000-exec-10] DEBUG o.s.security.web.FilterChainProxy - Securing GET /login
2025-12-16 14:58:39.136 [http-nio-8000-exec-1] DEBUG o.s.security.web.FilterChainProxy - Securing GET /favicon.ico
2025-12-16 14:58:39.136 [http-nio-8000-exec-1] DEBUG o.s.s.w.a.AnonymousAuthenticationFilter - Set SecurityContextHolder to anonymous SecurityContext
2025-12-16 14:58:39.136 [http-nio-8000-exec-1] DEBUG o.s.s.w.a.DelegatingAuthenticationEntryPoint - Trying to match using And [Not [RequestHeaderRequestMatcher [expectedHeaderName=X-Requested-With, expectedHeaderValue=XMLHttpRequest]], MediaTypeRequestMatcher [contentNegotiationStrategy=org.springframework.web.accept.ContentNegotiationManager@4c93cf28, matchingMediaTypes=[application/xhtml+xml, image/*, text/html, text/plain], useEquals=false, ignoredMediaTypes=[*/*]]]
2025-12-16 14:58:39.136 [http-nio-8000-exec-1] DEBUG o.s.s.w.a.DelegatingAuthenticationEntryPoint - Match found! Executing org.springframework.security.web.authentication.LoginUrlAuthenticationEntryPoint@76494bed
2025-12-16 14:58:39.137 [http-nio-8000-exec-1] DEBUG o.s.s.web.DefaultRedirectStrategy - Redirecting to http://localhost:8000/login
2025-12-16 14:58:39.140 [http-nio-8000-exec-3] DEBUG o.s.security.web.FilterChainProxy - Securing GET /login
2025-12-16 14:59:04.143 [HikariPool-1 housekeeper] DEBUG com.zaxxer.hikari.pool.HikariPool - HikariPool-1 - Before cleanup stats (total=2, active=0, idle=2, waiting=0)
2025-12-16 14:59:04.143 [HikariPool-1 housekeeper] DEBUG com.zaxxer.hikari.pool.HikariPool - HikariPool-1 - After cleanup  stats (total=2, active=0, idle=2, waiting=0)
2025-12-16 14:59:04.143 [HikariPool-1 housekeeper] DEBUG com.zaxxer.hikari.pool.HikariPool - HikariPool-1 - Fill pool skipped, pool has sufficient level or currently being filled (queueDepth=0).
2025-12-16 14:59:06.803 [scheduling-1] INFO  c.e.m.s.Impl.EmailQueueServiceImpl - 处理邮件队列，待处理项: 0
2025-12-16 14:59:34.154 [HikariPool-1 housekeeper] DEBUG com.zaxxer.hikari.pool.HikariPool - HikariPool-1 - Before cleanup stats (total=2, active=0, idle=2, waiting=0)
2025-12-16 14:59:34.154 [HikariPool-1 housekeeper] DEBUG com.zaxxer.hikari.pool.HikariPool - HikariPool-1 - After cleanup  stats (total=2, active=0, idle=2, waiting=0)
2025-12-16 14:59:34.154 [HikariPool-1 housekeeper] DEBUG com.zaxxer.hikari.pool.HikariPool - HikariPool-1 - Fill pool skipped, pool has sufficient level or currently being filled (queueDepth=0).
2025-12-16 15:00:04.168 [HikariPool-1 housekeeper] DEBUG com.zaxxer.hikari.pool.HikariPool - HikariPool-1 - Before cleanup stats (total=2, active=0, idle=2, waiting=0)
2025-12-16 15:00:04.168 [HikariPool-1 housekeeper] DEBUG com.zaxxer.hikari.pool.HikariPool - HikariPool-1 - After cleanup  stats (total=2, active=0, idle=2, waiting=0)
2025-12-16 15:00:04.168 [HikariPool-1 housekeeper] DEBUG com.zaxxer.hikari.pool.HikariPool - HikariPool-1 - Fill pool skipped, pool has sufficient level or currently being filled (queueDepth=0).
2025-12-16 15:00:06.812 [scheduling-1] INFO  c.e.m.s.Impl.EmailQueueServiceImpl - 处理邮件队列，待处理项: 0
2025-12-16 15:00:06.836 [task-2] INFO  c.e.m.s.Impl.EmailSyncServiceImpl - 开始批量同步，共有 0 个用户
2025-12-16 15:00:06.836 [task-2] INFO  c.e.m.s.Impl.EmailSyncServiceImpl - 批量同步完成，共处理 0 个用户
2025-12-16 15:00:34.182 [HikariPool-1 housekeeper] DEBUG com.zaxxer.hikari.pool.HikariPool - HikariPool-1 - Before cleanup stats (total=2, active=0, idle=2, waiting=0)
2025-12-16 15:00:34.182 [HikariPool-1 housekeeper] DEBUG com.zaxxer.hikari.pool.HikariPool - HikariPool-1 - After cleanup  stats (total=2, active=0, idle=2, waiting=0)
2025-12-16 15:00:34.182 [HikariPool-1 housekeeper] DEBUG com.zaxxer.hikari.pool.HikariPool - HikariPool-1 - Fill pool skipped, pool has sufficient level or currently being filled (queueDepth=0).
2025-12-16 15:01:04.187 [HikariPool-1 housekeeper] DEBUG com.zaxxer.hikari.pool.HikariPool - HikariPool-1 - Before cleanup stats (total=2, active=0, idle=2, waiting=0)
2025-12-16 15:01:04.187 [HikariPool-1 housekeeper] DEBUG com.zaxxer.hikari.pool.HikariPool - HikariPool-1 - After cleanup  stats (total=2, active=0, idle=2, waiting=0)
2025-12-16 15:01:04.187 [HikariPool-1 housekeeper] DEBUG com.zaxxer.hikari.pool.HikariPool - HikariPool-1 - Fill pool skipped, pool has sufficient level or currently being filled (queueDepth=0).
2025-12-16 15:01:06.817 [scheduling-1] INFO  c.e.m.s.Impl.EmailQueueServiceImpl - 处理邮件队列，待处理项: 0
2025-12-16 15:01:34.197 [HikariPool-1 housekeeper] DEBUG com.zaxxer.hikari.pool.HikariPool - HikariPool-1 - Before cleanup stats (total=2, active=0, idle=2, waiting=0)
2025-12-16 15:01:34.197 [HikariPool-1 housekeeper] DEBUG com.zaxxer.hikari.pool.HikariPool - HikariPool-1 - After cleanup  stats (total=2, active=0, idle=2, waiting=0)
2025-12-16 15:01:34.197 [HikariPool-1 housekeeper] DEBUG com.zaxxer.hikari.pool.HikariPool - HikariPool-1 - Fill pool skipped, pool has sufficient level or currently being filled (queueDepth=0).
2025-12-16 15:01:35.747 [http-nio-8000-exec-5] DEBUG o.s.security.web.FilterChainProxy - Securing GET /v3/api-docs
2025-12-16 15:01:35.748 [http-nio-8000-exec-5] DEBUG o.s.s.w.a.AnonymousAuthenticationFilter - Set SecurityContextHolder to anonymous SecurityContext
2025-12-16 15:01:35.749 [http-nio-8000-exec-5] DEBUG o.s.s.w.s.HttpSessionRequestCache - Saved request http://localhost:8000/v3/api-docs?continue to session
2025-12-16 15:01:35.749 [http-nio-8000-exec-5] DEBUG o.s.s.w.a.DelegatingAuthenticationEntryPoint - Trying to match using And [Not [RequestHeaderRequestMatcher [expectedHeaderName=X-Requested-With, expectedHeaderValue=XMLHttpRequest]], MediaTypeRequestMatcher [contentNegotiationStrategy=org.springframework.web.accept.ContentNegotiationManager@4c93cf28, matchingMediaTypes=[application/xhtml+xml, image/*, text/html, text/plain], useEquals=false, ignoredMediaTypes=[*/*]]]
2025-12-16 15:01:35.749 [http-nio-8000-exec-5] DEBUG o.s.s.w.a.DelegatingAuthenticationEntryPoint - Match found! Executing org.springframework.security.web.authentication.LoginUrlAuthenticationEntryPoint@76494bed
2025-12-16 15:01:35.749 [http-nio-8000-exec-5] DEBUG o.s.s.web.DefaultRedirectStrategy - Redirecting to http://localhost:8000/login
2025-12-16 15:01:35.766 [http-nio-8000-exec-6] DEBUG o.s.security.web.FilterChainProxy - Securing GET /login
2025-12-16 15:01:36.758 [http-nio-8000-exec-7] DEBUG o.s.security.web.FilterChainProxy - Securing GET /favicon.ico
2025-12-16 15:01:36.758 [http-nio-8000-exec-7] DEBUG o.s.s.w.a.AnonymousAuthenticationFilter - Set SecurityContextHolder to anonymous SecurityContext
2025-12-16 15:01:36.758 [http-nio-8000-exec-7] DEBUG o.s.s.w.a.DelegatingAuthenticationEntryPoint - Trying to match using And [Not [RequestHeaderRequestMatcher [expectedHeaderName=X-Requested-With, expectedHeaderValue=XMLHttpRequest]], MediaTypeRequestMatcher [contentNegotiationStrategy=org.springframework.web.accept.ContentNegotiationManager@4c93cf28, matchingMediaTypes=[application/xhtml+xml, image/*, text/html, text/plain], useEquals=false, ignoredMediaTypes=[*/*]]]
2025-12-16 15:01:36.758 [http-nio-8000-exec-7] DEBUG o.s.s.w.a.DelegatingAuthenticationEntryPoint - Match found! Executing org.springframework.security.web.authentication.LoginUrlAuthenticationEntryPoint@76494bed
2025-12-16 15:01:36.758 [http-nio-8000-exec-7] DEBUG o.s.s.web.DefaultRedirectStrategy - Redirecting to http://localhost:8000/login
2025-12-16 15:01:36.761 [http-nio-8000-exec-8] DEBUG o.s.security.web.FilterChainProxy - Securing GET /login
2025-12-16 15:02:04.208 [HikariPool-1 housekeeper] DEBUG com.zaxxer.hikari.pool.HikariPool - HikariPool-1 - Before cleanup stats (total=2, active=0, idle=2, waiting=0)
2025-12-16 15:02:04.209 [HikariPool-1 housekeeper] DEBUG com.zaxxer.hikari.pool.HikariPool - HikariPool-1 - After cleanup  stats (total=2, active=0, idle=2, waiting=0)
2025-12-16 15:02:04.209 [HikariPool-1 housekeeper] DEBUG com.zaxxer.hikari.pool.HikariPool - HikariPool-1 - Fill pool skipped, pool has sufficient level or currently being filled (queueDepth=0).
2025-12-16 15:02:06.807 [scheduling-1] INFO  c.e.m.s.Impl.EmailQueueServiceImpl - 处理邮件队列，待处理项: 0
2025-12-16 15:02:34.214 [HikariPool-1 housekeeper] DEBUG com.zaxxer.hikari.pool.HikariPool - HikariPool-1 - Before cleanup stats (total=2, active=0, idle=2, waiting=0)
2025-12-16 15:02:34.214 [HikariPool-1 housekeeper] DEBUG com.zaxxer.hikari.pool.HikariPool - HikariPool-1 - After cleanup  stats (total=2, active=0, idle=2, waiting=0)
2025-12-16 15:02:34.214 [HikariPool-1 housekeeper] DEBUG com.zaxxer.hikari.pool.HikariPool - HikariPool-1 - Fill pool skipped, pool has sufficient level or currently being filled (queueDepth=0).
2025-12-16 15:03:04.216 [HikariPool-1 housekeeper] DEBUG com.zaxxer.hikari.pool.HikariPool - HikariPool-1 - Before cleanup stats (total=2, active=0, idle=2, waiting=0)
2025-12-16 15:03:04.216 [HikariPool-1 housekeeper] DEBUG com.zaxxer.hikari.pool.HikariPool - HikariPool-1 - After cleanup  stats (total=2, active=0, idle=2, waiting=0)
2025-12-16 15:03:04.216 [HikariPool-1 housekeeper] DEBUG com.zaxxer.hikari.pool.HikariPool - HikariPool-1 - Fill pool skipped, pool has sufficient level or currently being filled (queueDepth=0).
2025-12-16 15:03:06.816 [scheduling-1] INFO  c.e.m.s.Impl.EmailQueueServiceImpl - 处理邮件队列，待处理项: 0
2025-12-16 15:03:41.588 [background-preinit] DEBUG org.jboss.logging - Logging Provider: org.jboss.logging.Slf4jLoggerProvider found via system property
2025-12-16 15:03:41.589 [background-preinit] INFO  o.h.validator.internal.util.Version - HV000001: Hibernate Validator 8.0.1.Final
2025-12-16 15:03:41.657 [main] INFO  c.example.mailbox.MailboxApplication - Starting MailboxApplication using Java 22.0.2 with PID 6364 (C:\Users\Administrator\Desktop\计网实验\SMTPService\target\classes started by Administrator in C:\Users\Administrator\Desktop\计网实验\SMTPService)
2025-12-16 15:03:41.657 [main] DEBUG c.example.mailbox.MailboxApplication - Running with Spring Boot v3.2.0, Spring v6.1.1
2025-12-16 15:03:41.658 [main] INFO  c.example.mailbox.MailboxApplication - The following 1 profile is active: "dev"
2025-12-16 15:03:42.258 [main] INFO  o.s.d.r.c.RepositoryConfigurationDelegate - Multiple Spring Data modules found, entering strict repository configuration mode
2025-12-16 15:03:42.260 [main] INFO  o.s.d.r.c.RepositoryConfigurationDelegate - Bootstrapping Spring Data JPA repositories in DEFAULT mode.
2025-12-16 15:03:42.391 [main] INFO  o.s.d.r.c.RepositoryConfigurationDelegate - Finished Spring Data repository scanning in 125 ms. Found 9 JPA repository interfaces.
2025-12-16 15:03:42.403 [main] INFO  o.s.d.r.c.RepositoryConfigurationDelegate - Multiple Spring Data modules found, entering strict repository configuration mode
2025-12-16 15:03:42.404 [main] INFO  o.s.d.r.c.RepositoryConfigurationDelegate - Bootstrapping Spring Data Redis repositories in DEFAULT mode.
2025-12-16 15:03:42.415 [main] INFO  o.s.d.r.c.RepositoryConfigurationExtensionSupport - Spring Data Redis - Could not safely identify store assignment for repository candidate interface com.example.mailbox.repository.AttachmentRepository; If you want this repository to be a Redis repository, consider annotating your entities with one of these annotations: org.springframework.data.redis.core.RedisHash (preferred), or consider extending one of the following types with your repository: org.springframework.data.keyvalue.repository.KeyValueRepository
2025-12-16 15:03:42.416 [main] INFO  o.s.d.r.c.RepositoryConfigurationExtensionSupport - Spring Data Redis - Could not safely identify store assignment for repository candidate interface com.example.mailbox.repository.BlacklistRepository; If you want this repository to be a Redis repository, consider annotating your entities with one of these annotations: org.springframework.data.redis.core.RedisHash (preferred), or consider extending one of the following types with your repository: org.springframework.data.keyvalue.repository.KeyValueRepository
2025-12-16 15:03:42.416 [main] INFO  o.s.d.r.c.RepositoryConfigurationExtensionSupport - Spring Data Redis - Could not safely identify store assignment for repository candidate interface com.example.mailbox.repository.EmailQueueRepository; If you want this repository to be a Redis repository, consider annotating your entities with one of these annotations: org.springframework.data.redis.core.RedisHash (preferred), or consider extending one of the following types with your repository: org.springframework.data.keyvalue.repository.KeyValueRepository
2025-12-16 15:03:42.416 [main] INFO  o.s.d.r.c.RepositoryConfigurationExtensionSupport - Spring Data Redis - Could not safely identify store assignment for repository candidate interface com.example.mailbox.repository.EmailRepository; If you want this repository to be a Redis repository, consider annotating your entities with one of these annotations: org.springframework.data.redis.core.RedisHash (preferred), or consider extending one of the following types with your repository: org.springframework.data.keyvalue.repository.KeyValueRepository
2025-12-16 15:03:42.416 [main] INFO  o.s.d.r.c.RepositoryConfigurationExtensionSupport - Spring Data Redis - Could not safely identify store assignment for repository candidate interface com.example.mailbox.repository.GroupMemberRepository; If you want this repository to be a Redis repository, consider annotating your entities with one of these annotations: org.springframework.data.redis.core.RedisHash (preferred), or consider extending one of the following types with your repository: org.springframework.data.keyvalue.repository.KeyValueRepository
2025-12-16 15:03:42.416 [main] INFO  o.s.d.r.c.RepositoryConfigurationExtensionSupport - Spring Data Redis - Could not safely identify store assignment for repository candidate interface com.example.mailbox.repository.GroupRepository; If you want this repository to be a Redis repository, consider annotating your entities with one of these annotations: org.springframework.data.redis.core.RedisHash (preferred), or consider extending one of the following types with your repository: org.springframework.data.keyvalue.repository.KeyValueRepository
2025-12-16 15:03:42.416 [main] INFO  o.s.d.r.c.RepositoryConfigurationExtensionSupport - Spring Data Redis - Could not safely identify store assignment for repository candidate interface com.example.mailbox.repository.ServerConfigRepository; If you want this repository to be a Redis repository, consider annotating your entities with one of these annotations: org.springframework.data.redis.core.RedisHash (preferred), or consider extending one of the following types with your repository: org.springframework.data.keyvalue.repository.KeyValueRepository
2025-12-16 15:03:42.416 [main] INFO  o.s.d.r.c.RepositoryConfigurationExtensionSupport - Spring Data Redis - Could not safely identify store assignment for repository candidate interface com.example.mailbox.repository.SystemLogRepository; If you want this repository to be a Redis repository, consider annotating your entities with one of these annotations: org.springframework.data.redis.core.RedisHash (preferred), or consider extending one of the following types with your repository: org.springframework.data.keyvalue.repository.KeyValueRepository
2025-12-16 15:03:42.416 [main] INFO  o.s.d.r.c.RepositoryConfigurationExtensionSupport - Spring Data Redis - Could not safely identify store assignment for repository candidate interface com.example.mailbox.repository.UserRepository; If you want this repository to be a Redis repository, consider annotating your entities with one of these annotations: org.springframework.data.redis.core.RedisHash (preferred), or consider extending one of the following types with your repository: org.springframework.data.keyvalue.repository.KeyValueRepository
2025-12-16 15:03:42.416 [main] INFO  o.s.d.r.c.RepositoryConfigurationDelegate - Finished Spring Data repository scanning in 6 ms. Found 0 Redis repository interfaces.
2025-12-16 15:03:42.871 [main] INFO  o.s.b.w.e.tomcat.TomcatWebServer - Tomcat initialized with port 8000 (http)
2025-12-16 15:03:42.877 [main] INFO  o.a.coyote.http11.Http11NioProtocol - Initializing ProtocolHandler ["http-nio-8000"]
2025-12-16 15:03:42.878 [main] INFO  o.a.catalina.core.StandardService - Starting service [Tomcat]
2025-12-16 15:03:42.879 [main] INFO  o.a.catalina.core.StandardEngine - Starting Servlet engine: [Apache Tomcat/10.1.16]
2025-12-16 15:03:42.949 [main] INFO  o.a.c.c.C.[Tomcat].[localhost].[/] - Initializing Spring embedded WebApplicationContext
2025-12-16 15:03:42.951 [main] INFO  o.s.b.w.s.c.ServletWebServerApplicationContext - Root WebApplicationContext: initialization completed in 1263 ms
2025-12-16 15:03:42.963 [main] DEBUG com.zaxxer.hikari.HikariConfig - Driver class com.mysql.cj.jdbc.Driver found in Thread context class loader jdk.internal.loader.ClassLoaders$AppClassLoader@6bc7c054
2025-12-16 15:03:42.975 [main] DEBUG com.zaxxer.hikari.HikariConfig - HikariPool-1 - configuration:
2025-12-16 15:03:42.978 [main] DEBUG com.zaxxer.hikari.HikariConfig - allowPoolSuspension.............false
2025-12-16 15:03:42.978 [main] DEBUG com.zaxxer.hikari.HikariConfig - autoCommit......................true
2025-12-16 15:03:42.978 [main] DEBUG com.zaxxer.hikari.HikariConfig - catalog.........................none
2025-12-16 15:03:42.978 [main] DEBUG com.zaxxer.hikari.HikariConfig - connectionInitSql...............none
2025-12-16 15:03:42.978 [main] DEBUG com.zaxxer.hikari.HikariConfig - connectionTestQuery.............none
2025-12-16 15:03:42.979 [main] DEBUG com.zaxxer.hikari.HikariConfig - connectionTimeout...............30000
2025-12-16 15:03:42.979 [main] DEBUG com.zaxxer.hikari.HikariConfig - dataSource......................none
2025-12-16 15:03:42.979 [main] DEBUG com.zaxxer.hikari.HikariConfig - dataSourceClassName.............none
2025-12-16 15:03:42.979 [main] DEBUG com.zaxxer.hikari.HikariConfig - dataSourceJNDI..................none
2025-12-16 15:03:42.980 [main] DEBUG com.zaxxer.hikari.HikariConfig - dataSourceProperties............{password=<masked>}
2025-12-16 15:03:42.980 [main] DEBUG com.zaxxer.hikari.HikariConfig - driverClassName................."com.mysql.cj.jdbc.Driver"
2025-12-16 15:03:42.980 [main] DEBUG com.zaxxer.hikari.HikariConfig - exceptionOverrideClassName......none
2025-12-16 15:03:42.980 [main] DEBUG com.zaxxer.hikari.HikariConfig - healthCheckProperties...........{}
2025-12-16 15:03:42.980 [main] DEBUG com.zaxxer.hikari.HikariConfig - healthCheckRegistry.............none
2025-12-16 15:03:42.980 [main] DEBUG com.zaxxer.hikari.HikariConfig - idleTimeout.....................600000
2025-12-16 15:03:42.981 [main] DEBUG com.zaxxer.hikari.HikariConfig - initializationFailTimeout.......1
2025-12-16 15:03:42.981 [main] DEBUG com.zaxxer.hikari.HikariConfig - isolateInternalQueries..........false
2025-12-16 15:03:42.981 [main] DEBUG com.zaxxer.hikari.HikariConfig - jdbcUrl.........................jdbc:mysql://localhost:3306/mailbox_prod?useSSL=false&serverTimezone=UTC&characterEncoding=utf-8
2025-12-16 15:03:42.981 [main] DEBUG com.zaxxer.hikari.HikariConfig - keepaliveTime...................0
2025-12-16 15:03:42.981 [main] DEBUG com.zaxxer.hikari.HikariConfig - leakDetectionThreshold..........0
2025-12-16 15:03:42.981 [main] DEBUG com.zaxxer.hikari.HikariConfig - maxLifetime.....................1800000
2025-12-16 15:03:42.981 [main] DEBUG com.zaxxer.hikari.HikariConfig - maximumPoolSize.................5
2025-12-16 15:03:42.981 [main] DEBUG com.zaxxer.hikari.HikariConfig - metricRegistry..................none
2025-12-16 15:03:42.981 [main] DEBUG com.zaxxer.hikari.HikariConfig - metricsTrackerFactory...........none
2025-12-16 15:03:42.981 [main] DEBUG com.zaxxer.hikari.HikariConfig - minimumIdle.....................2
2025-12-16 15:03:42.981 [main] DEBUG com.zaxxer.hikari.HikariConfig - password........................<masked>
2025-12-16 15:03:42.981 [main] DEBUG com.zaxxer.hikari.HikariConfig - poolName........................"HikariPool-1"
2025-12-16 15:03:42.982 [main] DEBUG com.zaxxer.hikari.HikariConfig - readOnly........................false
2025-12-16 15:03:42.982 [main] DEBUG com.zaxxer.hikari.HikariConfig - registerMbeans..................false
2025-12-16 15:03:42.982 [main] DEBUG com.zaxxer.hikari.HikariConfig - scheduledExecutor...............none
2025-12-16 15:03:42.982 [main] DEBUG com.zaxxer.hikari.HikariConfig - schema..........................none
2025-12-16 15:03:42.982 [main] DEBUG com.zaxxer.hikari.HikariConfig - threadFactory...................internal
2025-12-16 15:03:42.982 [main] DEBUG com.zaxxer.hikari.HikariConfig - transactionIsolation............default
2025-12-16 15:03:42.982 [main] DEBUG com.zaxxer.hikari.HikariConfig - username........................"root"
2025-12-16 15:03:42.982 [main] DEBUG com.zaxxer.hikari.HikariConfig - validationTimeout...............5000
2025-12-16 15:03:42.982 [main] INFO  com.zaxxer.hikari.HikariDataSource - HikariPool-1 - Starting...
2025-12-16 15:03:43.125 [main] INFO  com.zaxxer.hikari.pool.HikariPool - HikariPool-1 - Added connection com.mysql.cj.jdbc.ConnectionImpl@6d421fe
2025-12-16 15:03:43.127 [main] INFO  com.zaxxer.hikari.HikariDataSource - HikariPool-1 - Start completed.
2025-12-16 15:03:43.133 [main] INFO  o.s.b.a.h.H2ConsoleAutoConfiguration - H2 console available at '/h2-console'. Database available at 'jdbc:mysql://localhost:3306/mailbox_prod?useSSL=false&serverTimezone=UTC&characterEncoding=utf-8'
2025-12-16 15:03:43.204 [main] INFO  o.h.jpa.internal.util.LogHelper - HHH000204: Processing PersistenceUnitInfo [name: default]
2025-12-16 15:03:43.227 [HikariPool-1 housekeeper] DEBUG com.zaxxer.hikari.pool.HikariPool - HikariPool-1 - Before cleanup stats (total=1, active=0, idle=1, waiting=0)
2025-12-16 15:03:43.228 [HikariPool-1 housekeeper] DEBUG com.zaxxer.hikari.pool.HikariPool - HikariPool-1 - After cleanup  stats (total=1, active=0, idle=1, waiting=0)
2025-12-16 15:03:43.238 [HikariPool-1 connection adder] DEBUG com.zaxxer.hikari.pool.HikariPool - HikariPool-1 - Added connection com.mysql.cj.jdbc.ConnectionImpl@42113a19
2025-12-16 15:03:43.249 [main] INFO  org.hibernate.Version - HHH000412: Hibernate ORM core version 6.3.1.Final
2025-12-16 15:03:43.258 [HikariPool-1 connection adder] DEBUG com.zaxxer.hikari.pool.HikariPool - HikariPool-1 - After adding stats (total=2, active=0, idle=2, waiting=0)
2025-12-16 15:03:43.276 [main] INFO  o.h.c.i.RegionFactoryInitiator - HHH000026: Second-level cache disabled
2025-12-16 15:03:43.438 [main] INFO  o.s.o.j.p.SpringPersistenceUnitInfo - No LoadTimeWeaver setup: ignoring JPA class transformer
2025-12-16 15:03:43.488 [main] WARN  org.hibernate.orm.deprecation - HHH90000025: MySQL8Dialect does not need to be specified explicitly using 'hibernate.dialect' (remove the property setting and it will be selected by default)
2025-12-16 15:03:43.489 [main] WARN  org.hibernate.orm.deprecation - HHH90000026: MySQL8Dialect has been deprecated; use org.hibernate.dialect.MySQLDialect instead
2025-12-16 15:03:44.228 [main] INFO  o.h.e.t.j.p.i.JtaPlatformInitiator - HHH000489: No JTA platform available (set 'hibernate.transaction.jta.platform' to enable JTA platform integration)
2025-12-16 15:03:44.328 [main] INFO  o.s.o.j.LocalContainerEntityManagerFactoryBean - Initialized JPA EntityManagerFactory for persistence unit 'default'
2025-12-16 15:03:44.544 [main] INFO  o.s.d.j.r.query.QueryEnhancerFactory - Hibernate is in classpath; If applicable, HQL parser will be used.
2025-12-16 15:03:44.794 [main] DEBUG i.n.u.i.l.InternalLoggerFactory - Using SLF4J as the default logging framework
2025-12-16 15:03:44.797 [main] DEBUG i.l.c.r.AddressResolverGroupProvider - Starting with netty's non-blocking DNS resolver library
2025-12-16 15:03:44.813 [main] DEBUG i.n.util.internal.PlatformDependent0 - -Dio.netty.noUnsafe: false
2025-12-16 15:03:44.813 [main] DEBUG i.n.util.internal.PlatformDependent0 - Java version: 22
2025-12-16 15:03:44.814 [main] DEBUG i.n.util.internal.PlatformDependent0 - sun.misc.Unsafe.theUnsafe: available
2025-12-16 15:03:44.814 [main] DEBUG i.n.util.internal.PlatformDependent0 - sun.misc.Unsafe.copyMemory: available
2025-12-16 15:03:44.815 [main] DEBUG i.n.util.internal.PlatformDependent0 - sun.misc.Unsafe.storeFence: available
2025-12-16 15:03:44.815 [main] DEBUG i.n.util.internal.PlatformDependent0 - java.nio.Buffer.address: available
2025-12-16 15:03:44.816 [main] DEBUG i.n.util.internal.PlatformDependent0 - direct buffer constructor: unavailable: Reflective setAccessible(true) disabled
2025-12-16 15:03:44.816 [main] DEBUG i.n.util.internal.PlatformDependent0 - java.nio.Bits.unaligned: available, true
2025-12-16 15:03:44.817 [main] DEBUG i.n.util.internal.PlatformDependent0 - jdk.internal.misc.Unsafe.allocateUninitializedArray(int): unavailable: class io.netty.util.internal.PlatformDependent0$7 cannot access class jdk.internal.misc.Unsafe (in module java.base) because module java.base does not export jdk.internal.misc to unnamed module @58c1c010
2025-12-16 15:03:44.818 [main] DEBUG i.n.util.internal.PlatformDependent0 - java.nio.DirectByteBuffer.<init>(long, {int,long}): unavailable
2025-12-16 15:03:44.818 [main] DEBUG i.n.util.internal.PlatformDependent - sun.misc.Unsafe: available
2025-12-16 15:03:44.819 [main] DEBUG i.n.util.internal.PlatformDependent - -Dio.netty.tmpdir: C:\Users\ADMINI~1\AppData\Local\Temp (java.io.tmpdir)
2025-12-16 15:03:44.819 [main] DEBUG i.n.util.internal.PlatformDependent - -Dio.netty.bitMode: 64 (sun.arch.data.model)
2025-12-16 15:03:44.819 [main] DEBUG i.n.util.internal.PlatformDependent - Platform: Windows
2025-12-16 15:03:44.821 [main] DEBUG i.n.util.internal.PlatformDependent - -Dio.netty.maxDirectMemory: -1 bytes
2025-12-16 15:03:44.821 [main] DEBUG i.n.util.internal.PlatformDependent - -Dio.netty.uninitializedArrayAllocationThreshold: -1
2025-12-16 15:03:44.822 [main] DEBUG io.netty.util.internal.CleanerJava9 - java.nio.ByteBuffer.cleaner(): available
2025-12-16 15:03:44.822 [main] DEBUG i.n.util.internal.PlatformDependent - -Dio.netty.noPreferDirect: false
2025-12-16 15:03:44.825 [main] DEBUG io.netty.util.NetUtil - -Djava.net.preferIPv4Stack: false
2025-12-16 15:03:44.826 [main] DEBUG io.netty.util.NetUtil - -Djava.net.preferIPv6Addresses: false
2025-12-16 15:03:44.832 [main] DEBUG i.netty.util.NetUtilInitializations - Loopback interface: loopback_0 (Software Loopback Interface 1, 0:0:0:0:0:0:0:1)
2025-12-16 15:03:44.833 [main] DEBUG io.netty.util.NetUtil - Failed to get SOMAXCONN from sysctl and file \proc\sys\net\core\somaxconn. Default: 200
2025-12-16 15:03:44.833 [main] DEBUG i.netty.resolver.dns.DnsNameResolver - Default ResolvedAddressTypes: IPV4_PREFERRED
2025-12-16 15:03:44.833 [main] DEBUG i.netty.resolver.dns.DnsNameResolver - Localhost address: localhost/127.0.0.1
2025-12-16 15:03:44.840 [main] DEBUG i.netty.resolver.dns.DnsNameResolver - Windows hostname: User-2024PVQEOT
2025-12-16 15:03:44.842 [main] DEBUG i.netty.resolver.dns.DnsNameResolver - Default search domains: []
2025-12-16 15:03:44.844 [main] DEBUG i.netty.resolver.dns.DnsNameResolver - Default UnixResolverOptions{ndots=1, timeout=5, attempts=16}
2025-12-16 15:03:44.847 [main] DEBUG i.n.u.i.InternalThreadLocalMap - -Dio.netty.threadLocalMap.stringBuilder.initialSize: 1024
2025-12-16 15:03:44.847 [main] DEBUG i.n.u.i.InternalThreadLocalMap - -Dio.netty.threadLocalMap.stringBuilder.maxSize: 4096
2025-12-16 15:03:44.852 [main] DEBUG i.n.r.DefaultHostsFileEntriesResolver - -Dio.netty.hostsFileRefreshInterval: 0
2025-12-16 15:03:44.870 [main] DEBUG i.n.r.d.DefaultDnsServerAddressStreamProvider - Default DNS servers: [/10.71.211.219:53, /[240e:469:449:7083:0:0:0:87]:53] (sun.net.dns.ResolverConfiguration)
2025-12-16 15:03:44.872 [main] DEBUG i.l.core.resource.KqueueProvider - Starting without optional kqueue library
2025-12-16 15:03:44.873 [main] DEBUG i.l.core.resource.IOUringProvider - Starting without optional io_uring library
2025-12-16 15:03:44.887 [main] DEBUG i.l.core.resource.EpollProvider - Starting without optional epoll library
2025-12-16 15:03:44.897 [main] DEBUG i.l.c.r.DefaultClientResources - -Dio.netty.eventLoopThreads: 20
2025-12-16 15:03:44.903 [main] DEBUG i.l.c.r.DefaultEventLoopGroupProvider - Creating executor io.netty.util.concurrent.DefaultEventExecutorGroup
2025-12-16 15:03:44.911 [main] DEBUG i.n.u.concurrent.GlobalEventExecutor - -Dio.netty.globalEventExecutor.quietPeriodSeconds: 1
2025-12-16 15:03:44.918 [main] DEBUG io.netty.util.ResourceLeakDetector - -Dio.netty.leakDetection.level: simple
2025-12-16 15:03:44.918 [main] DEBUG io.netty.util.ResourceLeakDetector - -Dio.netty.leakDetection.targetRecords: 4
2025-12-16 15:03:44.918 [main] DEBUG i.n.util.ResourceLeakDetectorFactory - Loaded default ResourceLeakDetector: io.netty.util.ResourceLeakDetector@5f7a2a79
2025-12-16 15:03:44.924 [main] DEBUG i.n.util.internal.PlatformDependent - org.jctools-core.MpscChunkedArrayQueue: available
2025-12-16 15:03:44.929 [main] DEBUG reactor.util.Loggers - Using Slf4j logging framework
2025-12-16 15:03:44.933 [main] DEBUG i.l.c.event.jfr.EventRecorderHolder - Starting with JFR support
2025-12-16 15:03:44.943 [main] DEBUG i.l.c.r.DefaultClientResources - LatencyUtils/HdrUtils are not available, metrics are disabled
2025-12-16 15:03:45.091 [main] DEBUG c.e.m.filter.JwtAuthenticationFilter - Filter 'jwtAuthenticationFilter' configured for use
2025-12-16 15:03:45.194 [Thread-1] INFO  c.e.m.server.EnhancedSmtpServer - 增强版SMTP服务器启动，监听端口：0.0.0.0:25
2025-12-16 15:03:45.195 [Thread-1] INFO  c.e.m.server.EnhancedSmtpServer - 配置参数：超时=60秒, 最大连接数=50, 最大邮件大小=10MB
2025-12-16 15:03:45.199 [Thread-2] INFO  c.e.m.server.EnhancedPop3Server - 增强版POP3服务器启动，监听端口：0.0.0.0:110
2025-12-16 15:03:45.199 [Thread-2] INFO  c.e.m.server.EnhancedPop3Server - 配置参数：超时=60秒, 最大连接数=30
2025-12-16 15:03:45.544 [main] WARN  o.s.b.a.o.j.JpaBaseConfiguration$JpaWebConfiguration - spring.jpa.open-in-view is enabled by default. Therefore, database queries may be performed during view rendering. Explicitly configure spring.jpa.open-in-view to disable this warning
2025-12-16 15:03:45.594 [main] DEBUG _.s.w.s.HandlerMapping.Mappings - 
	c.e.m.c.AdminController:
	{POST [/api/admin/server/smtp/start]}: startSmtpServer()
	{POST [/api/admin/server/pop3/start]}: startPop3Server()
	{POST [/api/admin/server/pop3/stop]}: stopPop3Server()
	{GET [/api/admin/server/stats]}: getServerStats()
	{GET [/api/admin/users]}: getAllUsers(int,int)
	{GET [/api/admin/server/status]}: getServerStatus()
	{POST [/api/admin/server/smtp/stop]}: stopSmtpServer()
	{POST [/api/admin/blacklist]}: addToBlacklist(BlacklistRequest)
	{PUT [/api/admin/users/{id}/status]}: updateUserStatus(Long,Boolean)
	{GET [/api/admin/blacklist]}: getBlacklist()
	{DELETE [/api/admin/blacklist/{id}]}: removeFromBlacklist(Long)
2025-12-16 15:03:45.601 [main] DEBUG _.s.w.s.HandlerMapping.Mappings - 
	c.e.m.c.AuthController:
	{POST [/api/auth/register]}: register(RegisterRequestDTO)
	{POST [/api/auth/logout]}: logout(String)
	{POST [/api/auth/login]}: login(LoginRequestDTO)
2025-12-16 15:03:45.604 [main] DEBUG _.s.w.s.HandlerMapping.Mappings - 
	c.e.m.c.GroupController:
	{POST [/api/groups]}: createGroup(Group)
	{GET [/api/groups/{groupId}/members]}: getMembers(Long,int,int)
	{GET [/api/groups/{groupId}]}: getGroup(Long)
	{GET [/api/groups/joined]}: getJoinedGroups(int,int)
	{GET [/api/groups/{groupId}/members/{accountId}/check]}: checkMember(Long,Long)
	{GET [/api/groups/created]}: getCreatedGroups(int,int)
	{GET [/api/groups/search]}: searchGroups(String,int,int)
	{GET [/api/groups/{groupId}/member-count]}: getMemberCount(Long)
	{PUT [/api/groups]}: updateGroup(Group)
	{DELETE [/api/groups/{groupId}/members/{accountId}]}: removeMember(Long,Long)
	{GET [/api/groups/all]}: getAllGroups(int,int)
	{DELETE [/api/groups/{groupId}]}: deleteGroup(Long)
	{POST [/api/groups/members]}: addMember(GroupMemberRequest)
2025-12-16 15:03:45.606 [main] DEBUG _.s.w.s.HandlerMapping.Mappings - 
	c.e.m.c.QueueController:
	{DELETE [/api/queue/clear]}: clearQueue()
	{POST [/api/queue/process]}: processQueue()
	{GET [/api/queue/status]}: getQueueStatus()
	{POST [/api/queue/resend/{queueId}]}: resendEmail(Long)
2025-12-16 15:03:45.608 [main] DEBUG _.s.w.s.HandlerMapping.Mappings - 
	c.e.m.c.UserController:
	{GET [/api/users/profile]}: getProfile(HttpServletRequest)
	{PUT [/api/users/password]}: changePassword(PasswordChangeRequest,HttpServletRequest)
	{PUT [/api/users/profile]}: updateProfile(Account,HttpServletRequest)
2025-12-16 15:03:45.610 [main] DEBUG _.s.w.s.HandlerMapping.Mappings - 
	o.s.b.a.w.s.e.BasicErrorController:
	{ [/error]}: error(HttpServletRequest)
	{ [/error], produces [text/html]}: errorHtml(HttpServletRequest,HttpServletResponse)
2025-12-16 15:03:45.620 [main] DEBUG _.s.w.s.HandlerMapping.Mappings - 
	o.s.w.a.OpenApiWebMvcResource:
	{GET [/v3/api-docs.yaml], produces [application/vnd.oai.openapi]}: openapiYaml(HttpServletRequest,String,Locale)
	{GET [/v3/api-docs], produces [application/json]}: openapiJson(HttpServletRequest,String,Locale)
2025-12-16 15:03:45.621 [main] DEBUG _.s.w.s.HandlerMapping.Mappings - 
	o.s.w.u.SwaggerWelcomeWebMvc:
	{GET [/swagger-ui.html]}: redirectToUi(HttpServletRequest)
2025-12-16 15:03:45.621 [main] DEBUG _.s.w.s.HandlerMapping.Mappings - 
	o.s.w.u.SwaggerConfigResource:
	{GET [/v3/api-docs/swagger-config], produces [application/json]}: openapiJson(HttpServletRequest)
2025-12-16 15:03:45.628 [main] DEBUG _.s.w.s.HandlerMapping.Mappings - 'beanNameHandlerMapping' {}
2025-12-16 15:03:45.650 [main] DEBUG _.s.w.s.HandlerMapping.Mappings - 'resourceHandlerMapping' {/webjars/**=ResourceHttpRequestHandler [classpath [META-INF/resources/webjars/]], /**=ResourceHttpRequestHandler [classpath [META-INF/resources/], classpath [resources/], classpath [static/], classpath [public/], ServletContext [/]], /swagger-ui*/*swagger-initializer.js=ResourceHttpRequestHandler [classpath [META-INF/resources/webjars/]], /swagger-ui*/**=ResourceHttpRequestHandler [classpath [META-INF/resources/webjars/]]}
2025-12-16 15:03:45.947 [main] INFO  o.s.s.web.DefaultSecurityFilterChain - Will secure any request with [org.springframework.security.web.session.DisableEncodeUrlFilter@2c9ecf5, org.springframework.security.web.context.request.async.WebAsyncManagerIntegrationFilter@1368a7d9, org.springframework.security.web.context.SecurityContextHolderFilter@3a657773, org.springframework.security.web.header.HeaderWriterFilter@ec7c39b, org.springframework.web.filter.CorsFilter@1b8d0c21, org.springframework.security.web.csrf.CsrfFilter@2d752f29, org.springframework.security.web.authentication.logout.LogoutFilter@523c4a6d, org.springframework.security.web.authentication.UsernamePasswordAuthenticationFilter@5209c486, org.springframework.security.web.authentication.ui.DefaultLoginPageGeneratingFilter@e786d7e, org.springframework.security.web.authentication.ui.DefaultLogoutPageGeneratingFilter@30e67f98, org.springframework.security.web.authentication.www.BasicAuthenticationFilter@51680b0e, org.springframework.security.web.savedrequest.RequestCacheAwareFilter@635dad3c, org.springframework.security.web.servletapi.SecurityContextHolderAwareRequestFilter@654b9f0, org.springframework.security.web.authentication.AnonymousAuthenticationFilter@3186b07d, org.springframework.security.web.access.ExceptionTranslationFilter@2a673ee8, org.springframework.security.web.access.intercept.AuthorizationFilter@4ffa1019]
2025-12-16 15:03:45.972 [main] DEBUG reactor.netty.tcp.TcpResources - [http] resources will use the default LoopResources: DefaultLoopResources {prefix=reactor-http, daemon=true, selectCount=20, workerCount=20}
2025-12-16 15:03:45.972 [main] DEBUG reactor.netty.tcp.TcpResources - [http] resources will use the default ConnectionProvider: reactor.netty.resources.DefaultPooledConnectionProvider@1a593fc7
2025-12-16 15:03:45.984 [main] INFO  o.a.coyote.http11.Http11NioProtocol - Starting ProtocolHandler ["http-nio-8000"]
2025-12-16 15:03:45.993 [main] INFO  o.s.b.w.e.tomcat.TomcatWebServer - Tomcat started on port 8000 (http) with context path ''
2025-12-16 15:03:45.999 [main] INFO  c.example.mailbox.MailboxApplication - Started MailboxApplication in 4.774 seconds (process running for 5.101)
2025-12-16 15:03:46.003 [scheduling-1] DEBUG i.m.c.u.i.l.InternalLoggerFactory - Using SLF4J as the default logging framework
2025-12-16 15:03:46.088 [scheduling-1] INFO  c.e.m.s.Impl.EmailQueueServiceImpl - 处理邮件队列，待处理项: 0
2025-12-16 15:03:46.109 [task-1] INFO  c.e.m.s.Impl.EmailSyncServiceImpl - 开始批量同步，共有 0 个用户
2025-12-16 15:03:46.109 [task-1] INFO  c.e.m.s.Impl.EmailSyncServiceImpl - 批量同步完成，共处理 0 个用户
2025-12-16 15:04:07.557 [http-nio-8000-exec-1] INFO  o.a.c.c.C.[Tomcat].[localhost].[/] - Initializing Spring DispatcherServlet 'dispatcherServlet'
2025-12-16 15:04:07.558 [http-nio-8000-exec-1] INFO  o.s.web.servlet.DispatcherServlet - Initializing Servlet 'dispatcherServlet'
2025-12-16 15:04:07.559 [http-nio-8000-exec-1] INFO  o.s.web.servlet.DispatcherServlet - Completed initialization in 1 ms
2025-12-16 15:04:07.566 [http-nio-8000-exec-1] DEBUG o.s.security.web.FilterChainProxy - Securing GET /v3/api-docs
2025-12-16 15:04:07.575 [http-nio-8000-exec-1] DEBUG o.s.s.w.a.AnonymousAuthenticationFilter - Set SecurityContextHolder to anonymous SecurityContext
2025-12-16 15:04:07.593 [http-nio-8000-exec-1] DEBUG o.s.s.w.s.HttpSessionRequestCache - Saved request http://localhost:8000/v3/api-docs?continue to session
2025-12-16 15:04:07.594 [http-nio-8000-exec-1] DEBUG o.s.s.w.a.DelegatingAuthenticationEntryPoint - Trying to match using And [Not [RequestHeaderRequestMatcher [expectedHeaderName=X-Requested-With, expectedHeaderValue=XMLHttpRequest]], MediaTypeRequestMatcher [contentNegotiationStrategy=org.springframework.web.accept.ContentNegotiationManager@fca4863, matchingMediaTypes=[application/xhtml+xml, image/*, text/html, text/plain], useEquals=false, ignoredMediaTypes=[*/*]]]
2025-12-16 15:04:07.594 [http-nio-8000-exec-1] DEBUG o.s.s.w.a.DelegatingAuthenticationEntryPoint - Match found! Executing org.springframework.security.web.authentication.LoginUrlAuthenticationEntryPoint@3eca0961
2025-12-16 15:04:07.594 [http-nio-8000-exec-1] DEBUG o.s.s.web.DefaultRedirectStrategy - Redirecting to http://localhost:8000/login
2025-12-16 15:04:07.599 [http-nio-8000-exec-2] DEBUG o.s.security.web.FilterChainProxy - Securing GET /login
2025-12-16 15:04:07.670 [http-nio-8000-exec-3] DEBUG o.s.security.web.FilterChainProxy - Securing GET /favicon.ico
2025-12-16 15:04:07.671 [http-nio-8000-exec-3] DEBUG o.s.s.w.a.AnonymousAuthenticationFilter - Set SecurityContextHolder to anonymous SecurityContext
2025-12-16 15:04:07.672 [http-nio-8000-exec-3] DEBUG o.s.s.w.a.DelegatingAuthenticationEntryPoint - Trying to match using And [Not [RequestHeaderRequestMatcher [expectedHeaderName=X-Requested-With, expectedHeaderValue=XMLHttpRequest]], MediaTypeRequestMatcher [contentNegotiationStrategy=org.springframework.web.accept.ContentNegotiationManager@fca4863, matchingMediaTypes=[application/xhtml+xml, image/*, text/html, text/plain], useEquals=false, ignoredMediaTypes=[*/*]]]
2025-12-16 15:04:07.672 [http-nio-8000-exec-3] DEBUG o.s.s.w.a.DelegatingAuthenticationEntryPoint - Match found! Executing org.springframework.security.web.authentication.LoginUrlAuthenticationEntryPoint@3eca0961
2025-12-16 15:04:07.672 [http-nio-8000-exec-3] DEBUG o.s.s.web.DefaultRedirectStrategy - Redirecting to http://localhost:8000/login
2025-12-16 15:04:07.678 [http-nio-8000-exec-4] DEBUG o.s.security.web.FilterChainProxy - Securing GET /login
2025-12-16 15:04:13.243 [HikariPool-1 housekeeper] DEBUG com.zaxxer.hikari.pool.HikariPool - HikariPool-1 - Before cleanup stats (total=2, active=0, idle=2, waiting=0)
2025-12-16 15:04:13.243 [HikariPool-1 housekeeper] DEBUG com.zaxxer.hikari.pool.HikariPool - HikariPool-1 - After cleanup  stats (total=2, active=0, idle=2, waiting=0)
2025-12-16 15:04:13.243 [HikariPool-1 housekeeper] DEBUG com.zaxxer.hikari.pool.HikariPool - HikariPool-1 - Fill pool skipped, pool has sufficient level or currently being filled (queueDepth=0).
2025-12-16 15:04:43.250 [HikariPool-1 housekeeper] DEBUG com.zaxxer.hikari.pool.HikariPool - HikariPool-1 - Before cleanup stats (total=2, active=0, idle=2, waiting=0)
2025-12-16 15:04:43.250 [HikariPool-1 housekeeper] DEBUG com.zaxxer.hikari.pool.HikariPool - HikariPool-1 - After cleanup  stats (total=2, active=0, idle=2, waiting=0)
2025-12-16 15:04:43.250 [HikariPool-1 housekeeper] DEBUG com.zaxxer.hikari.pool.HikariPool - HikariPool-1 - Fill pool skipped, pool has sufficient level or currently being filled (queueDepth=0).
2025-12-16 15:04:46.012 [scheduling-1] INFO  c.e.m.s.Impl.EmailQueueServiceImpl - 处理邮件队列，待处理项: 0
2025-12-16 15:05:13.265 [HikariPool-1 housekeeper] DEBUG com.zaxxer.hikari.pool.HikariPool - HikariPool-1 - Before cleanup stats (total=2, active=0, idle=2, waiting=0)
2025-12-16 15:05:13.265 [HikariPool-1 housekeeper] DEBUG com.zaxxer.hikari.pool.HikariPool - HikariPool-1 - After cleanup  stats (total=2, active=0, idle=2, waiting=0)
2025-12-16 15:05:13.265 [HikariPool-1 housekeeper] DEBUG com.zaxxer.hikari.pool.HikariPool - HikariPool-1 - Fill pool skipped, pool has sufficient level or currently being filled (queueDepth=0).
2025-12-16 15:05:43.278 [HikariPool-1 housekeeper] DEBUG com.zaxxer.hikari.pool.HikariPool - HikariPool-1 - Before cleanup stats (total=2, active=0, idle=2, waiting=0)
2025-12-16 15:05:43.278 [HikariPool-1 housekeeper] DEBUG com.zaxxer.hikari.pool.HikariPool - HikariPool-1 - After cleanup  stats (total=2, active=0, idle=2, waiting=0)
2025-12-16 15:05:43.278 [HikariPool-1 housekeeper] DEBUG com.zaxxer.hikari.pool.HikariPool - HikariPool-1 - Fill pool skipped, pool has sufficient level or currently being filled (queueDepth=0).
2025-12-16 15:05:46.015 [scheduling-1] INFO  c.e.m.s.Impl.EmailQueueServiceImpl - 处理邮件队列，待处理项: 0
2025-12-16 15:06:13.291 [HikariPool-1 housekeeper] DEBUG com.zaxxer.hikari.pool.HikariPool - HikariPool-1 - Before cleanup stats (total=2, active=0, idle=2, waiting=0)
2025-12-16 15:06:13.291 [HikariPool-1 housekeeper] DEBUG com.zaxxer.hikari.pool.HikariPool - HikariPool-1 - After cleanup  stats (total=2, active=0, idle=2, waiting=0)
2025-12-16 15:06:13.291 [HikariPool-1 housekeeper] DEBUG com.zaxxer.hikari.pool.HikariPool - HikariPool-1 - Fill pool skipped, pool has sufficient level or currently being filled (queueDepth=0).
2025-12-16 15:06:43.302 [HikariPool-1 housekeeper] DEBUG com.zaxxer.hikari.pool.HikariPool - HikariPool-1 - Before cleanup stats (total=2, active=0, idle=2, waiting=0)
2025-12-16 15:06:43.302 [HikariPool-1 housekeeper] DEBUG com.zaxxer.hikari.pool.HikariPool - HikariPool-1 - After cleanup  stats (total=2, active=0, idle=2, waiting=0)
2025-12-16 15:06:43.302 [HikariPool-1 housekeeper] DEBUG com.zaxxer.hikari.pool.HikariPool - HikariPool-1 - Fill pool skipped, pool has sufficient level or currently being filled (queueDepth=0).
2025-12-16 15:06:46.009 [scheduling-1] INFO  c.e.m.s.Impl.EmailQueueServiceImpl - 处理邮件队列，待处理项: 0
2025-12-16 15:07:13.306 [HikariPool-1 housekeeper] DEBUG com.zaxxer.hikari.pool.HikariPool - HikariPool-1 - Before cleanup stats (total=2, active=0, idle=2, waiting=0)
2025-12-16 15:07:13.306 [HikariPool-1 housekeeper] DEBUG com.zaxxer.hikari.pool.HikariPool - HikariPool-1 - After cleanup  stats (total=2, active=0, idle=2, waiting=0)
2025-12-16 15:07:13.306 [HikariPool-1 housekeeper] DEBUG com.zaxxer.hikari.pool.HikariPool - HikariPool-1 - Fill pool skipped, pool has sufficient level or currently being filled (queueDepth=0).
2025-12-16 15:07:43.311 [HikariPool-1 housekeeper] DEBUG com.zaxxer.hikari.pool.HikariPool - HikariPool-1 - Before cleanup stats (total=2, active=0, idle=2, waiting=0)
2025-12-16 15:07:43.312 [HikariPool-1 housekeeper] DEBUG com.zaxxer.hikari.pool.HikariPool - HikariPool-1 - After cleanup  stats (total=2, active=0, idle=2, waiting=0)
2025-12-16 15:07:43.312 [HikariPool-1 housekeeper] DEBUG com.zaxxer.hikari.pool.HikariPool - HikariPool-1 - Fill pool skipped, pool has sufficient level or currently being filled (queueDepth=0).
2025-12-16 15:07:46.005 [scheduling-1] INFO  c.e.m.s.Impl.EmailQueueServiceImpl - 处理邮件队列，待处理项: 0
2025-12-16 15:08:13.321 [HikariPool-1 housekeeper] DEBUG com.zaxxer.hikari.pool.HikariPool - HikariPool-1 - Before cleanup stats (total=2, active=0, idle=2, waiting=0)
2025-12-16 15:08:13.321 [HikariPool-1 housekeeper] DEBUG com.zaxxer.hikari.pool.HikariPool - HikariPool-1 - After cleanup  stats (total=2, active=0, idle=2, waiting=0)
2025-12-16 15:08:13.321 [HikariPool-1 housekeeper] DEBUG com.zaxxer.hikari.pool.HikariPool - HikariPool-1 - Fill pool skipped, pool has sufficient level or currently being filled (queueDepth=0).
2025-12-16 15:08:43.337 [HikariPool-1 housekeeper] DEBUG com.zaxxer.hikari.pool.HikariPool - HikariPool-1 - Before cleanup stats (total=2, active=0, idle=2, waiting=0)
2025-12-16 15:08:43.337 [HikariPool-1 housekeeper] DEBUG com.zaxxer.hikari.pool.HikariPool - HikariPool-1 - After cleanup  stats (total=2, active=0, idle=2, waiting=0)
2025-12-16 15:08:43.337 [HikariPool-1 housekeeper] DEBUG com.zaxxer.hikari.pool.HikariPool - HikariPool-1 - Fill pool skipped, pool has sufficient level or currently being filled (queueDepth=0).
2025-12-16 15:08:46.011 [scheduling-1] INFO  c.e.m.s.Impl.EmailQueueServiceImpl - 处理邮件队列，待处理项: 0
2025-12-16 15:08:46.022 [task-2] INFO  c.e.m.s.Impl.EmailSyncServiceImpl - 开始批量同步，共有 0 个用户
2025-12-16 15:08:46.022 [task-2] INFO  c.e.m.s.Impl.EmailSyncServiceImpl - 批量同步完成，共处理 0 个用户
2025-12-16 15:09:13.346 [HikariPool-1 housekeeper] DEBUG com.zaxxer.hikari.pool.HikariPool - HikariPool-1 - Before cleanup stats (total=2, active=0, idle=2, waiting=0)
2025-12-16 15:09:13.346 [HikariPool-1 housekeeper] DEBUG com.zaxxer.hikari.pool.HikariPool - HikariPool-1 - After cleanup  stats (total=2, active=0, idle=2, waiting=0)
2025-12-16 15:09:13.346 [HikariPool-1 housekeeper] DEBUG com.zaxxer.hikari.pool.HikariPool - HikariPool-1 - Fill pool skipped, pool has sufficient level or currently being filled (queueDepth=0).
2025-12-16 15:09:43.349 [HikariPool-1 housekeeper] DEBUG com.zaxxer.hikari.pool.HikariPool - HikariPool-1 - Before cleanup stats (total=2, active=0, idle=2, waiting=0)
2025-12-16 15:09:43.349 [HikariPool-1 housekeeper] DEBUG com.zaxxer.hikari.pool.HikariPool - HikariPool-1 - After cleanup  stats (total=2, active=0, idle=2, waiting=0)
2025-12-16 15:09:43.349 [HikariPool-1 housekeeper] DEBUG com.zaxxer.hikari.pool.HikariPool - HikariPool-1 - Fill pool skipped, pool has sufficient level or currently being filled (queueDepth=0).
2025-12-16 15:09:46.012 [scheduling-1] INFO  c.e.m.s.Impl.EmailQueueServiceImpl - 处理邮件队列，待处理项: 0
2025-12-16 15:10:13.365 [HikariPool-1 housekeeper] DEBUG com.zaxxer.hikari.pool.HikariPool - HikariPool-1 - Before cleanup stats (total=2, active=0, idle=2, waiting=0)
2025-12-16 15:10:13.365 [HikariPool-1 housekeeper] DEBUG com.zaxxer.hikari.pool.HikariPool - HikariPool-1 - After cleanup  stats (total=2, active=0, idle=2, waiting=0)
2025-12-16 15:10:13.365 [HikariPool-1 housekeeper] DEBUG com.zaxxer.hikari.pool.HikariPool - HikariPool-1 - Fill pool skipped, pool has sufficient level or currently being filled (queueDepth=0).
2025-12-16 15:10:43.367 [HikariPool-1 housekeeper] DEBUG com.zaxxer.hikari.pool.HikariPool - HikariPool-1 - Before cleanup stats (total=2, active=0, idle=2, waiting=0)
2025-12-16 15:10:43.367 [HikariPool-1 housekeeper] DEBUG com.zaxxer.hikari.pool.HikariPool - HikariPool-1 - After cleanup  stats (total=2, active=0, idle=2, waiting=0)
2025-12-16 15:10:43.367 [HikariPool-1 housekeeper] DEBUG com.zaxxer.hikari.pool.HikariPool - HikariPool-1 - Fill pool skipped, pool has sufficient level or currently being filled (queueDepth=0).
2025-12-16 15:10:46.008 [scheduling-1] INFO  c.e.m.s.Impl.EmailQueueServiceImpl - 处理邮件队列，待处理项: 0
2025-12-16 15:11:13.383 [HikariPool-1 housekeeper] DEBUG com.zaxxer.hikari.pool.HikariPool - HikariPool-1 - Before cleanup stats (total=2, active=0, idle=2, waiting=0)
2025-12-16 15:11:13.383 [HikariPool-1 housekeeper] DEBUG com.zaxxer.hikari.pool.HikariPool - HikariPool-1 - After cleanup  stats (total=2, active=0, idle=2, waiting=0)
2025-12-16 15:11:13.383 [HikariPool-1 housekeeper] DEBUG com.zaxxer.hikari.pool.HikariPool - HikariPool-1 - Fill pool skipped, pool has sufficient level or currently being filled (queueDepth=0).
2025-12-16 15:11:43.390 [HikariPool-1 housekeeper] DEBUG com.zaxxer.hikari.pool.HikariPool - HikariPool-1 - Before cleanup stats (total=2, active=0, idle=2, waiting=0)
2025-12-16 15:11:43.390 [HikariPool-1 housekeeper] DEBUG com.zaxxer.hikari.pool.HikariPool - HikariPool-1 - After cleanup  stats (total=2, active=0, idle=2, waiting=0)
2025-12-16 15:11:43.390 [HikariPool-1 housekeeper] DEBUG com.zaxxer.hikari.pool.HikariPool - HikariPool-1 - Fill pool skipped, pool has sufficient level or currently being filled (queueDepth=0).
2025-12-16 15:11:46.016 [scheduling-1] INFO  c.e.m.s.Impl.EmailQueueServiceImpl - 处理邮件队列，待处理项: 0
2025-12-16 15:12:13.398 [HikariPool-1 housekeeper] DEBUG com.zaxxer.hikari.pool.HikariPool - HikariPool-1 - Before cleanup stats (total=2, active=0, idle=2, waiting=0)
2025-12-16 15:12:13.398 [HikariPool-1 housekeeper] DEBUG com.zaxxer.hikari.pool.HikariPool - HikariPool-1 - After cleanup  stats (total=2, active=0, idle=2, waiting=0)
2025-12-16 15:12:13.398 [HikariPool-1 housekeeper] DEBUG com.zaxxer.hikari.pool.HikariPool - HikariPool-1 - Fill pool skipped, pool has sufficient level or currently being filled (queueDepth=0).
2025-12-16 15:12:43.408 [HikariPool-1 housekeeper] DEBUG com.zaxxer.hikari.pool.HikariPool - HikariPool-1 - Before cleanup stats (total=2, active=0, idle=2, waiting=0)
2025-12-16 15:12:43.408 [HikariPool-1 housekeeper] DEBUG com.zaxxer.hikari.pool.HikariPool - HikariPool-1 - After cleanup  stats (total=2, active=0, idle=2, waiting=0)
2025-12-16 15:12:43.408 [HikariPool-1 housekeeper] DEBUG com.zaxxer.hikari.pool.HikariPool - HikariPool-1 - Fill pool skipped, pool has sufficient level or currently being filled (queueDepth=0).
2025-12-16 15:12:46.014 [scheduling-1] INFO  c.e.m.s.Impl.EmailQueueServiceImpl - 处理邮件队列，待处理项: 0
2025-12-16 15:13:13.415 [HikariPool-1 housekeeper] DEBUG com.zaxxer.hikari.pool.HikariPool - HikariPool-1 - Before cleanup stats (total=2, active=0, idle=2, waiting=0)
2025-12-16 15:13:13.415 [HikariPool-1 housekeeper] DEBUG com.zaxxer.hikari.pool.HikariPool - HikariPool-1 - After cleanup  stats (total=2, active=0, idle=2, waiting=0)
2025-12-16 15:13:13.415 [HikariPool-1 housekeeper] DEBUG com.zaxxer.hikari.pool.HikariPool - HikariPool-1 - Fill pool skipped, pool has sufficient level or currently being filled (queueDepth=0).
2025-12-16 15:13:43.423 [HikariPool-1 housekeeper] DEBUG com.zaxxer.hikari.pool.HikariPool - HikariPool-1 - Before cleanup stats (total=2, active=0, idle=2, waiting=0)
2025-12-16 15:13:43.423 [HikariPool-1 housekeeper] DEBUG com.zaxxer.hikari.pool.HikariPool - HikariPool-1 - After cleanup  stats (total=2, active=0, idle=2, waiting=0)
2025-12-16 15:13:43.423 [HikariPool-1 housekeeper] DEBUG com.zaxxer.hikari.pool.HikariPool - HikariPool-1 - Fill pool skipped, pool has sufficient level or currently being filled (queueDepth=0).
2025-12-16 15:13:46.008 [scheduling-1] INFO  c.e.m.s.Impl.EmailQueueServiceImpl - 处理邮件队列，待处理项: 0
2025-12-16 15:13:46.017 [task-3] INFO  c.e.m.s.Impl.EmailSyncServiceImpl - 开始批量同步，共有 0 个用户
2025-12-16 15:13:46.017 [task-3] INFO  c.e.m.s.Impl.EmailSyncServiceImpl - 批量同步完成，共处理 0 个用户
2025-12-16 15:14:13.425 [HikariPool-1 housekeeper] DEBUG com.zaxxer.hikari.pool.HikariPool - HikariPool-1 - Before cleanup stats (total=2, active=0, idle=2, waiting=0)
2025-12-16 15:14:13.425 [HikariPool-1 housekeeper] DEBUG com.zaxxer.hikari.pool.HikariPool - HikariPool-1 - After cleanup  stats (total=2, active=0, idle=2, waiting=0)
2025-12-16 15:14:13.425 [HikariPool-1 housekeeper] DEBUG com.zaxxer.hikari.pool.HikariPool - HikariPool-1 - Fill pool skipped, pool has sufficient level or currently being filled (queueDepth=0).
2025-12-16 15:14:43.440 [HikariPool-1 housekeeper] DEBUG com.zaxxer.hikari.pool.HikariPool - HikariPool-1 - Before cleanup stats (total=2, active=0, idle=2, waiting=0)
2025-12-16 15:14:43.440 [HikariPool-1 housekeeper] DEBUG com.zaxxer.hikari.pool.HikariPool - HikariPool-1 - After cleanup  stats (total=2, active=0, idle=2, waiting=0)
2025-12-16 15:14:43.440 [HikariPool-1 housekeeper] DEBUG com.zaxxer.hikari.pool.HikariPool - HikariPool-1 - Fill pool skipped, pool has sufficient level or currently being filled (queueDepth=0).
2025-12-16 15:14:46.010 [scheduling-1] INFO  c.e.m.s.Impl.EmailQueueServiceImpl - 处理邮件队列，待处理项: 0
2025-12-16 15:15:13.443 [HikariPool-1 housekeeper] DEBUG com.zaxxer.hikari.pool.HikariPool - HikariPool-1 - Before cleanup stats (total=2, active=0, idle=2, waiting=0)
2025-12-16 15:15:13.443 [HikariPool-1 housekeeper] DEBUG com.zaxxer.hikari.pool.HikariPool - HikariPool-1 - After cleanup  stats (total=2, active=0, idle=2, waiting=0)
2025-12-16 15:15:13.443 [HikariPool-1 housekeeper] DEBUG com.zaxxer.hikari.pool.HikariPool - HikariPool-1 - Fill pool skipped, pool has sufficient level or currently being filled (queueDepth=0).
2025-12-16 15:15:43.449 [HikariPool-1 housekeeper] DEBUG com.zaxxer.hikari.pool.HikariPool - HikariPool-1 - Before cleanup stats (total=2, active=0, idle=2, waiting=0)
2025-12-16 15:15:43.449 [HikariPool-1 housekeeper] DEBUG com.zaxxer.hikari.pool.HikariPool - HikariPool-1 - After cleanup  stats (total=2, active=0, idle=2, waiting=0)
2025-12-16 15:15:43.449 [HikariPool-1 housekeeper] DEBUG com.zaxxer.hikari.pool.HikariPool - HikariPool-1 - Fill pool skipped, pool has sufficient level or currently being filled (queueDepth=0).
2025-12-16 15:15:46.006 [scheduling-1] INFO  c.e.m.s.Impl.EmailQueueServiceImpl - 处理邮件队列，待处理项: 0
2025-12-16 15:16:13.453 [HikariPool-1 housekeeper] DEBUG com.zaxxer.hikari.pool.HikariPool - HikariPool-1 - Before cleanup stats (total=2, active=0, idle=2, waiting=0)
2025-12-16 15:16:13.453 [HikariPool-1 housekeeper] DEBUG com.zaxxer.hikari.pool.HikariPool - HikariPool-1 - After cleanup  stats (total=2, active=0, idle=2, waiting=0)
2025-12-16 15:16:13.453 [HikariPool-1 housekeeper] DEBUG com.zaxxer.hikari.pool.HikariPool - HikariPool-1 - Fill pool skipped, pool has sufficient level or currently being filled (queueDepth=0).
2025-12-16 15:16:43.465 [HikariPool-1 housekeeper] DEBUG com.zaxxer.hikari.pool.HikariPool - HikariPool-1 - Before cleanup stats (total=2, active=0, idle=2, waiting=0)
2025-12-16 15:16:43.465 [HikariPool-1 housekeeper] DEBUG com.zaxxer.hikari.pool.HikariPool - HikariPool-1 - After cleanup  stats (total=2, active=0, idle=2, waiting=0)
2025-12-16 15:16:43.465 [HikariPool-1 housekeeper] DEBUG com.zaxxer.hikari.pool.HikariPool - HikariPool-1 - Fill pool skipped, pool has sufficient level or currently being filled (queueDepth=0).
2025-12-16 15:16:46.019 [scheduling-1] INFO  c.e.m.s.Impl.EmailQueueServiceImpl - 处理邮件队列，待处理项: 0
2025-12-16 15:17:13.477 [HikariPool-1 housekeeper] DEBUG com.zaxxer.hikari.pool.HikariPool - HikariPool-1 - Before cleanup stats (total=2, active=0, idle=2, waiting=0)
2025-12-16 15:17:13.477 [HikariPool-1 housekeeper] DEBUG com.zaxxer.hikari.pool.HikariPool - HikariPool-1 - After cleanup  stats (total=2, active=0, idle=2, waiting=0)
2025-12-16 15:17:13.477 [HikariPool-1 housekeeper] DEBUG com.zaxxer.hikari.pool.HikariPool - HikariPool-1 - Fill pool skipped, pool has sufficient level or currently being filled (queueDepth=0).
2025-12-16 15:17:43.489 [HikariPool-1 housekeeper] DEBUG com.zaxxer.hikari.pool.HikariPool - HikariPool-1 - Before cleanup stats (total=2, active=0, idle=2, waiting=0)
2025-12-16 15:17:43.489 [HikariPool-1 housekeeper] DEBUG com.zaxxer.hikari.pool.HikariPool - HikariPool-1 - After cleanup  stats (total=2, active=0, idle=2, waiting=0)
2025-12-16 15:17:43.489 [HikariPool-1 housekeeper] DEBUG com.zaxxer.hikari.pool.HikariPool - HikariPool-1 - Fill pool skipped, pool has sufficient level or currently being filled (queueDepth=0).
2025-12-16 15:17:46.011 [scheduling-1] INFO  c.e.m.s.Impl.EmailQueueServiceImpl - 处理邮件队列，待处理项: 0
2025-12-16 15:18:13.492 [HikariPool-1 housekeeper] DEBUG com.zaxxer.hikari.pool.HikariPool - HikariPool-1 - Before cleanup stats (total=2, active=0, idle=2, waiting=0)
2025-12-16 15:18:13.492 [HikariPool-1 housekeeper] DEBUG com.zaxxer.hikari.pool.HikariPool - HikariPool-1 - After cleanup  stats (total=2, active=0, idle=2, waiting=0)
2025-12-16 15:18:13.492 [HikariPool-1 housekeeper] DEBUG com.zaxxer.hikari.pool.HikariPool - HikariPool-1 - Fill pool skipped, pool has sufficient level or currently being filled (queueDepth=0).
2025-12-16 15:18:43.507 [HikariPool-1 housekeeper] DEBUG com.zaxxer.hikari.pool.HikariPool - HikariPool-1 - Before cleanup stats (total=2, active=0, idle=2, waiting=0)
2025-12-16 15:18:43.507 [HikariPool-1 housekeeper] DEBUG com.zaxxer.hikari.pool.HikariPool - HikariPool-1 - After cleanup  stats (total=2, active=0, idle=2, waiting=0)
2025-12-16 15:18:43.507 [HikariPool-1 housekeeper] DEBUG com.zaxxer.hikari.pool.HikariPool - HikariPool-1 - Fill pool skipped, pool has sufficient level or currently being filled (queueDepth=0).
2025-12-16 15:18:46.016 [scheduling-1] INFO  c.e.m.s.Impl.EmailQueueServiceImpl - 处理邮件队列，待处理项: 0
2025-12-16 15:18:46.026 [task-4] INFO  c.e.m.s.Impl.EmailSyncServiceImpl - 开始批量同步，共有 0 个用户
2025-12-16 15:18:46.026 [task-4] INFO  c.e.m.s.Impl.EmailSyncServiceImpl - 批量同步完成，共处理 0 个用户
2025-12-16 15:19:13.508 [HikariPool-1 housekeeper] DEBUG com.zaxxer.hikari.pool.HikariPool - HikariPool-1 - Before cleanup stats (total=2, active=0, idle=2, waiting=0)
2025-12-16 15:19:13.508 [HikariPool-1 housekeeper] DEBUG com.zaxxer.hikari.pool.HikariPool - HikariPool-1 - After cleanup  stats (total=2, active=0, idle=2, waiting=0)
2025-12-16 15:19:13.508 [HikariPool-1 housekeeper] DEBUG com.zaxxer.hikari.pool.HikariPool - HikariPool-1 - Fill pool skipped, pool has sufficient level or currently being filled (queueDepth=0).
2025-12-16 15:19:43.512 [HikariPool-1 housekeeper] DEBUG com.zaxxer.hikari.pool.HikariPool - HikariPool-1 - Before cleanup stats (total=2, active=0, idle=2, waiting=0)
2025-12-16 15:19:43.512 [HikariPool-1 housekeeper] DEBUG com.zaxxer.hikari.pool.HikariPool - HikariPool-1 - After cleanup  stats (total=2, active=0, idle=2, waiting=0)
2025-12-16 15:19:43.512 [HikariPool-1 housekeeper] DEBUG com.zaxxer.hikari.pool.HikariPool - HikariPool-1 - Fill pool skipped, pool has sufficient level or currently being filled (queueDepth=0).
2025-12-16 15:19:46.016 [scheduling-1] INFO  c.e.m.s.Impl.EmailQueueServiceImpl - 处理邮件队列，待处理项: 0
2025-12-16 15:20:13.521 [HikariPool-1 housekeeper] DEBUG com.zaxxer.hikari.pool.HikariPool - HikariPool-1 - Before cleanup stats (total=2, active=0, idle=2, waiting=0)
2025-12-16 15:20:13.521 [HikariPool-1 housekeeper] DEBUG com.zaxxer.hikari.pool.HikariPool - HikariPool-1 - After cleanup  stats (total=2, active=0, idle=2, waiting=0)
2025-12-16 15:20:13.521 [HikariPool-1 housekeeper] DEBUG com.zaxxer.hikari.pool.HikariPool - HikariPool-1 - Fill pool skipped, pool has sufficient level or currently being filled (queueDepth=0).
2025-12-16 15:20:43.529 [HikariPool-1 housekeeper] DEBUG com.zaxxer.hikari.pool.HikariPool - HikariPool-1 - Before cleanup stats (total=2, active=0, idle=2, waiting=0)
2025-12-16 15:20:43.529 [HikariPool-1 housekeeper] DEBUG com.zaxxer.hikari.pool.HikariPool - HikariPool-1 - After cleanup  stats (total=2, active=0, idle=2, waiting=0)
2025-12-16 15:20:43.529 [HikariPool-1 housekeeper] DEBUG com.zaxxer.hikari.pool.HikariPool - HikariPool-1 - Fill pool skipped, pool has sufficient level or currently being filled (queueDepth=0).
2025-12-16 15:20:46.012 [scheduling-1] INFO  c.e.m.s.Impl.EmailQueueServiceImpl - 处理邮件队列，待处理项: 0
2025-12-16 15:21:13.541 [HikariPool-1 housekeeper] DEBUG com.zaxxer.hikari.pool.HikariPool - HikariPool-1 - Before cleanup stats (total=2, active=0, idle=2, waiting=0)
2025-12-16 15:21:13.541 [HikariPool-1 housekeeper] DEBUG com.zaxxer.hikari.pool.HikariPool - HikariPool-1 - After cleanup  stats (total=2, active=0, idle=2, waiting=0)
2025-12-16 15:21:13.541 [HikariPool-1 housekeeper] DEBUG com.zaxxer.hikari.pool.HikariPool - HikariPool-1 - Fill pool skipped, pool has sufficient level or currently being filled (queueDepth=0).
2025-12-16 15:21:43.553 [HikariPool-1 housekeeper] DEBUG com.zaxxer.hikari.pool.HikariPool - HikariPool-1 - Before cleanup stats (total=2, active=0, idle=2, waiting=0)
2025-12-16 15:21:43.553 [HikariPool-1 housekeeper] DEBUG com.zaxxer.hikari.pool.HikariPool - HikariPool-1 - After cleanup  stats (total=2, active=0, idle=2, waiting=0)
2025-12-16 15:21:43.553 [HikariPool-1 housekeeper] DEBUG com.zaxxer.hikari.pool.HikariPool - HikariPool-1 - Fill pool skipped, pool has sufficient level or currently being filled (queueDepth=0).
2025-12-16 15:21:46.018 [scheduling-1] INFO  c.e.m.s.Impl.EmailQueueServiceImpl - 处理邮件队列，待处理项: 0
2025-12-16 15:22:13.554 [HikariPool-1 housekeeper] DEBUG com.zaxxer.hikari.pool.HikariPool - HikariPool-1 - Before cleanup stats (total=2, active=0, idle=2, waiting=0)
2025-12-16 15:22:13.554 [HikariPool-1 housekeeper] DEBUG com.zaxxer.hikari.pool.HikariPool - HikariPool-1 - After cleanup  stats (total=2, active=0, idle=2, waiting=0)
2025-12-16 15:22:13.554 [HikariPool-1 housekeeper] DEBUG com.zaxxer.hikari.pool.HikariPool - HikariPool-1 - Fill pool skipped, pool has sufficient level or currently being filled (queueDepth=0).
2025-12-16 15:22:43.555 [HikariPool-1 housekeeper] DEBUG com.zaxxer.hikari.pool.HikariPool - HikariPool-1 - Before cleanup stats (total=2, active=0, idle=2, waiting=0)
2025-12-16 15:22:43.555 [HikariPool-1 housekeeper] DEBUG com.zaxxer.hikari.pool.HikariPool - HikariPool-1 - After cleanup  stats (total=2, active=0, idle=2, waiting=0)
2025-12-16 15:22:43.555 [HikariPool-1 housekeeper] DEBUG com.zaxxer.hikari.pool.HikariPool - HikariPool-1 - Fill pool skipped, pool has sufficient level or currently being filled (queueDepth=0).
2025-12-16 15:22:46.020 [scheduling-1] INFO  c.e.m.s.Impl.EmailQueueServiceImpl - 处理邮件队列，待处理项: 0
2025-12-16 15:23:13.558 [HikariPool-1 housekeeper] DEBUG com.zaxxer.hikari.pool.HikariPool - HikariPool-1 - Before cleanup stats (total=2, active=0, idle=2, waiting=0)
2025-12-16 15:23:13.558 [HikariPool-1 housekeeper] DEBUG com.zaxxer.hikari.pool.HikariPool - HikariPool-1 - After cleanup  stats (total=2, active=0, idle=2, waiting=0)
2025-12-16 15:23:13.558 [HikariPool-1 housekeeper] DEBUG com.zaxxer.hikari.pool.HikariPool - HikariPool-1 - Fill pool skipped, pool has sufficient level or currently being filled (queueDepth=0).
2025-12-16 15:23:43.572 [HikariPool-1 housekeeper] DEBUG com.zaxxer.hikari.pool.HikariPool - HikariPool-1 - Before cleanup stats (total=2, active=0, idle=2, waiting=0)
2025-12-16 15:23:43.572 [HikariPool-1 housekeeper] DEBUG com.zaxxer.hikari.pool.HikariPool - HikariPool-1 - After cleanup  stats (total=2, active=0, idle=2, waiting=0)
2025-12-16 15:23:43.572 [HikariPool-1 housekeeper] DEBUG com.zaxxer.hikari.pool.HikariPool - HikariPool-1 - Fill pool skipped, pool has sufficient level or currently being filled (queueDepth=0).
2025-12-16 15:23:46.016 [scheduling-1] INFO  c.e.m.s.Impl.EmailQueueServiceImpl - 处理邮件队列，待处理项: 0
2025-12-16 15:23:46.024 [task-5] INFO  c.e.m.s.Impl.EmailSyncServiceImpl - 开始批量同步，共有 0 个用户
2025-12-16 15:23:46.024 [task-5] INFO  c.e.m.s.Impl.EmailSyncServiceImpl - 批量同步完成，共处理 0 个用户
2025-12-16 15:24:13.587 [HikariPool-1 housekeeper] DEBUG com.zaxxer.hikari.pool.HikariPool - HikariPool-1 - Before cleanup stats (total=2, active=0, idle=2, waiting=0)
2025-12-16 15:24:13.588 [HikariPool-1 housekeeper] DEBUG com.zaxxer.hikari.pool.HikariPool - HikariPool-1 - After cleanup  stats (total=2, active=0, idle=2, waiting=0)
2025-12-16 15:24:13.588 [HikariPool-1 housekeeper] DEBUG com.zaxxer.hikari.pool.HikariPool - HikariPool-1 - Fill pool skipped, pool has sufficient level or currently being filled (queueDepth=0).
2025-12-16 15:24:43.600 [HikariPool-1 housekeeper] DEBUG com.zaxxer.hikari.pool.HikariPool - HikariPool-1 - Before cleanup stats (total=2, active=0, idle=2, waiting=0)
2025-12-16 15:24:43.600 [HikariPool-1 housekeeper] DEBUG com.zaxxer.hikari.pool.HikariPool - HikariPool-1 - After cleanup  stats (total=2, active=0, idle=2, waiting=0)
2025-12-16 15:24:43.600 [HikariPool-1 housekeeper] DEBUG com.zaxxer.hikari.pool.HikariPool - HikariPool-1 - Fill pool skipped, pool has sufficient level or currently being filled (queueDepth=0).
2025-12-16 15:24:46.013 [scheduling-1] INFO  c.e.m.s.Impl.EmailQueueServiceImpl - 处理邮件队列，待处理项: 0
2025-12-16 15:25:13.610 [HikariPool-1 housekeeper] DEBUG com.zaxxer.hikari.pool.HikariPool - HikariPool-1 - Before cleanup stats (total=2, active=0, idle=2, waiting=0)
2025-12-16 15:25:13.610 [HikariPool-1 housekeeper] DEBUG com.zaxxer.hikari.pool.HikariPool - HikariPool-1 - After cleanup  stats (total=2, active=0, idle=2, waiting=0)
2025-12-16 15:25:13.610 [HikariPool-1 housekeeper] DEBUG com.zaxxer.hikari.pool.HikariPool - HikariPool-1 - Fill pool skipped, pool has sufficient level or currently being filled (queueDepth=0).
2025-12-16 15:25:43.611 [HikariPool-1 housekeeper] DEBUG com.zaxxer.hikari.pool.HikariPool - HikariPool-1 - Before cleanup stats (total=2, active=0, idle=2, waiting=0)
2025-12-16 15:25:43.611 [HikariPool-1 housekeeper] DEBUG com.zaxxer.hikari.pool.HikariPool - HikariPool-1 - After cleanup  stats (total=2, active=0, idle=2, waiting=0)
2025-12-16 15:25:43.611 [HikariPool-1 housekeeper] DEBUG com.zaxxer.hikari.pool.HikariPool - HikariPool-1 - Fill pool skipped, pool has sufficient level or currently being filled (queueDepth=0).
2025-12-16 15:25:46.021 [scheduling-1] INFO  c.e.m.s.Impl.EmailQueueServiceImpl - 处理邮件队列，待处理项: 0
2025-12-16 15:26:13.615 [HikariPool-1 housekeeper] DEBUG com.zaxxer.hikari.pool.HikariPool - HikariPool-1 - Before cleanup stats (total=2, active=0, idle=2, waiting=0)
2025-12-16 15:26:13.615 [HikariPool-1 housekeeper] DEBUG com.zaxxer.hikari.pool.HikariPool - HikariPool-1 - After cleanup  stats (total=2, active=0, idle=2, waiting=0)
2025-12-16 15:26:13.615 [HikariPool-1 housekeeper] DEBUG com.zaxxer.hikari.pool.HikariPool - HikariPool-1 - Fill pool skipped, pool has sufficient level or currently being filled (queueDepth=0).
2025-12-16 15:26:43.617 [HikariPool-1 housekeeper] DEBUG com.zaxxer.hikari.pool.HikariPool - HikariPool-1 - Before cleanup stats (total=2, active=0, idle=2, waiting=0)
2025-12-16 15:26:43.617 [HikariPool-1 housekeeper] DEBUG com.zaxxer.hikari.pool.HikariPool - HikariPool-1 - After cleanup  stats (total=2, active=0, idle=2, waiting=0)
2025-12-16 15:26:43.617 [HikariPool-1 housekeeper] DEBUG com.zaxxer.hikari.pool.HikariPool - HikariPool-1 - Fill pool skipped, pool has sufficient level or currently being filled (queueDepth=0).
2025-12-16 15:26:46.012 [scheduling-1] INFO  c.e.m.s.Impl.EmailQueueServiceImpl - 处理邮件队列，待处理项: 0
2025-12-16 15:27:13.622 [HikariPool-1 housekeeper] DEBUG com.zaxxer.hikari.pool.HikariPool - HikariPool-1 - Before cleanup stats (total=2, active=0, idle=2, waiting=0)
2025-12-16 15:27:13.622 [HikariPool-1 housekeeper] DEBUG com.zaxxer.hikari.pool.HikariPool - HikariPool-1 - After cleanup  stats (total=2, active=0, idle=2, waiting=0)
2025-12-16 15:27:13.622 [HikariPool-1 housekeeper] DEBUG com.zaxxer.hikari.pool.HikariPool - HikariPool-1 - Fill pool skipped, pool has sufficient level or currently being filled (queueDepth=0).
2025-12-16 15:27:43.629 [HikariPool-1 housekeeper] DEBUG com.zaxxer.hikari.pool.HikariPool - HikariPool-1 - Before cleanup stats (total=2, active=0, idle=2, waiting=0)
2025-12-16 15:27:43.629 [HikariPool-1 housekeeper] DEBUG com.zaxxer.hikari.pool.HikariPool - HikariPool-1 - After cleanup  stats (total=2, active=0, idle=2, waiting=0)
2025-12-16 15:27:43.629 [HikariPool-1 housekeeper] DEBUG com.zaxxer.hikari.pool.HikariPool - HikariPool-1 - Fill pool skipped, pool has sufficient level or currently being filled (queueDepth=0).
2025-12-16 15:27:46.008 [scheduling-1] INFO  c.e.m.s.Impl.EmailQueueServiceImpl - 处理邮件队列，待处理项: 0
2025-12-16 15:28:13.645 [HikariPool-1 housekeeper] DEBUG com.zaxxer.hikari.pool.HikariPool - HikariPool-1 - Before cleanup stats (total=2, active=0, idle=2, waiting=0)
2025-12-16 15:28:13.645 [HikariPool-1 housekeeper] DEBUG com.zaxxer.hikari.pool.HikariPool - HikariPool-1 - After cleanup  stats (total=2, active=0, idle=2, waiting=0)
2025-12-16 15:28:13.645 [HikariPool-1 housekeeper] DEBUG com.zaxxer.hikari.pool.HikariPool - HikariPool-1 - Fill pool skipped, pool has sufficient level or currently being filled (queueDepth=0).
2025-12-16 15:28:43.657 [HikariPool-1 housekeeper] DEBUG com.zaxxer.hikari.pool.HikariPool - HikariPool-1 - Before cleanup stats (total=2, active=0, idle=2, waiting=0)
2025-12-16 15:28:43.657 [HikariPool-1 housekeeper] DEBUG com.zaxxer.hikari.pool.HikariPool - HikariPool-1 - After cleanup  stats (total=2, active=0, idle=2, waiting=0)
2025-12-16 15:28:43.657 [HikariPool-1 housekeeper] DEBUG com.zaxxer.hikari.pool.HikariPool - HikariPool-1 - Fill pool skipped, pool has sufficient level or currently being filled (queueDepth=0).
2025-12-16 15:28:46.021 [scheduling-1] INFO  c.e.m.s.Impl.EmailQueueServiceImpl - 处理邮件队列，待处理项: 0
2025-12-16 15:28:46.030 [task-6] INFO  c.e.m.s.Impl.EmailSyncServiceImpl - 开始批量同步，共有 0 个用户
2025-12-16 15:28:46.030 [task-6] INFO  c.e.m.s.Impl.EmailSyncServiceImpl - 批量同步完成，共处理 0 个用户
2025-12-16 15:29:13.666 [HikariPool-1 housekeeper] DEBUG com.zaxxer.hikari.pool.HikariPool - HikariPool-1 - Before cleanup stats (total=2, active=0, idle=2, waiting=0)
2025-12-16 15:29:13.666 [HikariPool-1 housekeeper] DEBUG com.zaxxer.hikari.pool.HikariPool - HikariPool-1 - After cleanup  stats (total=2, active=0, idle=2, waiting=0)
2025-12-16 15:29:13.666 [HikariPool-1 housekeeper] DEBUG com.zaxxer.hikari.pool.HikariPool - HikariPool-1 - Fill pool skipped, pool has sufficient level or currently being filled (queueDepth=0).
2025-12-16 15:29:43.672 [HikariPool-1 housekeeper] DEBUG com.zaxxer.hikari.pool.HikariPool - HikariPool-1 - Before cleanup stats (total=2, active=0, idle=2, waiting=0)
2025-12-16 15:29:43.672 [HikariPool-1 housekeeper] DEBUG com.zaxxer.hikari.pool.HikariPool - HikariPool-1 - After cleanup  stats (total=2, active=0, idle=2, waiting=0)
2025-12-16 15:29:43.672 [HikariPool-1 housekeeper] DEBUG com.zaxxer.hikari.pool.HikariPool - HikariPool-1 - Fill pool skipped, pool has sufficient level or currently being filled (queueDepth=0).
2025-12-16 15:29:46.019 [scheduling-1] INFO  c.e.m.s.Impl.EmailQueueServiceImpl - 处理邮件队列，待处理项: 0
2025-12-16 15:30:13.675 [HikariPool-1 housekeeper] DEBUG com.zaxxer.hikari.pool.HikariPool - HikariPool-1 - Before cleanup stats (total=2, active=0, idle=2, waiting=0)
2025-12-16 15:30:13.675 [HikariPool-1 housekeeper] DEBUG com.zaxxer.hikari.pool.HikariPool - HikariPool-1 - After cleanup  stats (total=2, active=0, idle=2, waiting=0)
2025-12-16 15:30:13.675 [HikariPool-1 housekeeper] DEBUG com.zaxxer.hikari.pool.HikariPool - HikariPool-1 - Fill pool skipped, pool has sufficient level or currently being filled (queueDepth=0).
2025-12-16 15:30:43.677 [HikariPool-1 housekeeper] DEBUG com.zaxxer.hikari.pool.HikariPool - HikariPool-1 - Before cleanup stats (total=2, active=0, idle=2, waiting=0)
2025-12-16 15:30:43.677 [HikariPool-1 housekeeper] DEBUG com.zaxxer.hikari.pool.HikariPool - HikariPool-1 - After cleanup  stats (total=2, active=0, idle=2, waiting=0)
2025-12-16 15:30:43.677 [HikariPool-1 housekeeper] DEBUG com.zaxxer.hikari.pool.HikariPool - HikariPool-1 - Fill pool skipped, pool has sufficient level or currently being filled (queueDepth=0).
2025-12-16 15:30:46.024 [scheduling-1] INFO  c.e.m.s.Impl.EmailQueueServiceImpl - 处理邮件队列，待处理项: 0
2025-12-16 15:31:13.683 [HikariPool-1 housekeeper] DEBUG com.zaxxer.hikari.pool.HikariPool - HikariPool-1 - Before cleanup stats (total=2, active=0, idle=2, waiting=0)
2025-12-16 15:31:13.683 [HikariPool-1 housekeeper] DEBUG com.zaxxer.hikari.pool.HikariPool - HikariPool-1 - After cleanup  stats (total=2, active=0, idle=2, waiting=0)
2025-12-16 15:31:13.683 [HikariPool-1 housekeeper] DEBUG com.zaxxer.hikari.pool.HikariPool - HikariPool-1 - Fill pool skipped, pool has sufficient level or currently being filled (queueDepth=0).
2025-12-16 15:31:43.688 [HikariPool-1 housekeeper] DEBUG com.zaxxer.hikari.pool.HikariPool - HikariPool-1 - Before cleanup stats (total=2, active=0, idle=2, waiting=0)
2025-12-16 15:31:43.688 [HikariPool-1 housekeeper] DEBUG com.zaxxer.hikari.pool.HikariPool - HikariPool-1 - After cleanup  stats (total=2, active=0, idle=2, waiting=0)
2025-12-16 15:31:43.688 [HikariPool-1 housekeeper] DEBUG com.zaxxer.hikari.pool.HikariPool - HikariPool-1 - Fill pool skipped, pool has sufficient level or currently being filled (queueDepth=0).
2025-12-16 15:31:46.007 [scheduling-1] INFO  c.e.m.s.Impl.EmailQueueServiceImpl - 处理邮件队列，待处理项: 0
2025-12-16 15:32:13.704 [HikariPool-1 housekeeper] DEBUG com.zaxxer.hikari.pool.HikariPool - HikariPool-1 - Before cleanup stats (total=2, active=0, idle=2, waiting=0)
2025-12-16 15:32:13.704 [HikariPool-1 housekeeper] DEBUG com.zaxxer.hikari.pool.HikariPool - HikariPool-1 - After cleanup  stats (total=2, active=0, idle=2, waiting=0)
2025-12-16 15:32:13.704 [HikariPool-1 housekeeper] DEBUG com.zaxxer.hikari.pool.HikariPool - HikariPool-1 - Fill pool skipped, pool has sufficient level or currently being filled (queueDepth=0).
2025-12-16 15:32:43.714 [HikariPool-1 housekeeper] DEBUG com.zaxxer.hikari.pool.HikariPool - HikariPool-1 - Before cleanup stats (total=2, active=0, idle=2, waiting=0)
2025-12-16 15:32:43.714 [HikariPool-1 housekeeper] DEBUG com.zaxxer.hikari.pool.HikariPool - HikariPool-1 - After cleanup  stats (total=2, active=0, idle=2, waiting=0)
2025-12-16 15:32:43.714 [HikariPool-1 housekeeper] DEBUG com.zaxxer.hikari.pool.HikariPool - HikariPool-1 - Fill pool skipped, pool has sufficient level or currently being filled (queueDepth=0).
2025-12-16 15:32:46.015 [scheduling-1] INFO  c.e.m.s.Impl.EmailQueueServiceImpl - 处理邮件队列，待处理项: 0
2025-12-16 15:33:13.723 [HikariPool-1 housekeeper] DEBUG com.zaxxer.hikari.pool.HikariPool - HikariPool-1 - Before cleanup stats (total=2, active=0, idle=2, waiting=0)
2025-12-16 15:33:13.723 [HikariPool-1 housekeeper] DEBUG com.zaxxer.hikari.pool.HikariPool - HikariPool-1 - After cleanup  stats (total=2, active=0, idle=2, waiting=0)
2025-12-16 15:33:13.723 [HikariPool-1 housekeeper] DEBUG com.zaxxer.hikari.pool.HikariPool - HikariPool-1 - Fill pool skipped, pool has sufficient level or currently being filled (queueDepth=0).
2025-12-16 15:33:14.674 [HikariPool-1 connection closer] DEBUG com.zaxxer.hikari.pool.PoolBase - HikariPool-1 - Closing connection com.mysql.cj.jdbc.ConnectionImpl@42113a19: (connection has passed maxLifetime)
2025-12-16 15:33:14.694 [HikariPool-1 connection adder] DEBUG com.zaxxer.hikari.pool.HikariPool - HikariPool-1 - Added connection com.mysql.cj.jdbc.ConnectionImpl@77776b8f
2025-12-16 15:33:40.430 [HikariPool-1 connection closer] DEBUG com.zaxxer.hikari.pool.PoolBase - HikariPool-1 - Closing connection com.mysql.cj.jdbc.ConnectionImpl@6d421fe: (connection has passed maxLifetime)
2025-12-16 15:33:40.443 [HikariPool-1 connection adder] DEBUG com.zaxxer.hikari.pool.HikariPool - HikariPool-1 - Added connection com.mysql.cj.jdbc.ConnectionImpl@6585e347
2025-12-16 15:33:43.735 [HikariPool-1 housekeeper] DEBUG com.zaxxer.hikari.pool.HikariPool - HikariPool-1 - Before cleanup stats (total=2, active=0, idle=2, waiting=0)
2025-12-16 15:33:43.735 [HikariPool-1 housekeeper] DEBUG com.zaxxer.hikari.pool.HikariPool - HikariPool-1 - After cleanup  stats (total=2, active=0, idle=2, waiting=0)
2025-12-16 15:33:43.735 [HikariPool-1 housekeeper] DEBUG com.zaxxer.hikari.pool.HikariPool - HikariPool-1 - Fill pool skipped, pool has sufficient level or currently being filled (queueDepth=0).
2025-12-16 15:33:46.015 [scheduling-1] INFO  c.e.m.s.Impl.EmailQueueServiceImpl - 处理邮件队列，待处理项: 0
2025-12-16 15:33:46.033 [task-7] INFO  c.e.m.s.Impl.EmailSyncServiceImpl - 开始批量同步，共有 0 个用户
2025-12-16 15:33:46.033 [task-7] INFO  c.e.m.s.Impl.EmailSyncServiceImpl - 批量同步完成，共处理 0 个用户
2025-12-16 15:34:13.741 [HikariPool-1 housekeeper] DEBUG com.zaxxer.hikari.pool.HikariPool - HikariPool-1 - Before cleanup stats (total=2, active=0, idle=2, waiting=0)
2025-12-16 15:34:13.741 [HikariPool-1 housekeeper] DEBUG com.zaxxer.hikari.pool.HikariPool - HikariPool-1 - After cleanup  stats (total=2, active=0, idle=2, waiting=0)
2025-12-16 15:34:13.741 [HikariPool-1 housekeeper] DEBUG com.zaxxer.hikari.pool.HikariPool - HikariPool-1 - Fill pool skipped, pool has sufficient level or currently being filled (queueDepth=0).
2025-12-16 15:34:43.747 [HikariPool-1 housekeeper] DEBUG com.zaxxer.hikari.pool.HikariPool - HikariPool-1 - Before cleanup stats (total=2, active=0, idle=2, waiting=0)
2025-12-16 15:34:43.747 [HikariPool-1 housekeeper] DEBUG com.zaxxer.hikari.pool.HikariPool - HikariPool-1 - After cleanup  stats (total=2, active=0, idle=2, waiting=0)
2025-12-16 15:34:43.747 [HikariPool-1 housekeeper] DEBUG com.zaxxer.hikari.pool.HikariPool - HikariPool-1 - Fill pool skipped, pool has sufficient level or currently being filled (queueDepth=0).
2025-12-16 15:34:46.013 [scheduling-1] INFO  c.e.m.s.Impl.EmailQueueServiceImpl - 处理邮件队列，待处理项: 0
2025-12-16 15:35:13.751 [HikariPool-1 housekeeper] DEBUG com.zaxxer.hikari.pool.HikariPool - HikariPool-1 - Before cleanup stats (total=2, active=0, idle=2, waiting=0)
2025-12-16 15:35:13.751 [HikariPool-1 housekeeper] DEBUG com.zaxxer.hikari.pool.HikariPool - HikariPool-1 - After cleanup  stats (total=2, active=0, idle=2, waiting=0)
2025-12-16 15:35:13.751 [HikariPool-1 housekeeper] DEBUG com.zaxxer.hikari.pool.HikariPool - HikariPool-1 - Fill pool skipped, pool has sufficient level or currently being filled (queueDepth=0).
2025-12-16 15:35:43.766 [HikariPool-1 housekeeper] DEBUG com.zaxxer.hikari.pool.HikariPool - HikariPool-1 - Before cleanup stats (total=2, active=0, idle=2, waiting=0)
2025-12-16 15:35:43.766 [HikariPool-1 housekeeper] DEBUG com.zaxxer.hikari.pool.HikariPool - HikariPool-1 - After cleanup  stats (total=2, active=0, idle=2, waiting=0)
2025-12-16 15:35:43.766 [HikariPool-1 housekeeper] DEBUG com.zaxxer.hikari.pool.HikariPool - HikariPool-1 - Fill pool skipped, pool has sufficient level or currently being filled (queueDepth=0).
2025-12-16 15:35:46.015 [scheduling-1] INFO  c.e.m.s.Impl.EmailQueueServiceImpl - 处理邮件队列，待处理项: 0
2025-12-16 15:36:13.778 [HikariPool-1 housekeeper] DEBUG com.zaxxer.hikari.pool.HikariPool - HikariPool-1 - Before cleanup stats (total=2, active=0, idle=2, waiting=0)
2025-12-16 15:36:13.778 [HikariPool-1 housekeeper] DEBUG com.zaxxer.hikari.pool.HikariPool - HikariPool-1 - After cleanup  stats (total=2, active=0, idle=2, waiting=0)
2025-12-16 15:36:13.778 [HikariPool-1 housekeeper] DEBUG com.zaxxer.hikari.pool.HikariPool - HikariPool-1 - Fill pool skipped, pool has sufficient level or currently being filled (queueDepth=0).
2025-12-16 15:36:43.791 [HikariPool-1 housekeeper] DEBUG com.zaxxer.hikari.pool.HikariPool - HikariPool-1 - Before cleanup stats (total=2, active=0, idle=2, waiting=0)
2025-12-16 15:36:43.791 [HikariPool-1 housekeeper] DEBUG com.zaxxer.hikari.pool.HikariPool - HikariPool-1 - After cleanup  stats (total=2, active=0, idle=2, waiting=0)
2025-12-16 15:36:43.791 [HikariPool-1 housekeeper] DEBUG com.zaxxer.hikari.pool.HikariPool - HikariPool-1 - Fill pool skipped, pool has sufficient level or currently being filled (queueDepth=0).
2025-12-16 15:36:46.009 [scheduling-1] INFO  c.e.m.s.Impl.EmailQueueServiceImpl - 处理邮件队列，待处理项: 0
2025-12-16 15:37:13.806 [HikariPool-1 housekeeper] DEBUG com.zaxxer.hikari.pool.HikariPool - HikariPool-1 - Before cleanup stats (total=2, active=0, idle=2, waiting=0)
2025-12-16 15:37:13.806 [HikariPool-1 housekeeper] DEBUG com.zaxxer.hikari.pool.HikariPool - HikariPool-1 - After cleanup  stats (total=2, active=0, idle=2, waiting=0)
2025-12-16 15:37:13.806 [HikariPool-1 housekeeper] DEBUG com.zaxxer.hikari.pool.HikariPool - HikariPool-1 - Fill pool skipped, pool has sufficient level or currently being filled (queueDepth=0).
2025-12-16 15:37:43.811 [HikariPool-1 housekeeper] DEBUG com.zaxxer.hikari.pool.HikariPool - HikariPool-1 - Before cleanup stats (total=2, active=0, idle=2, waiting=0)
2025-12-16 15:37:43.811 [HikariPool-1 housekeeper] DEBUG com.zaxxer.hikari.pool.HikariPool - HikariPool-1 - After cleanup  stats (total=2, active=0, idle=2, waiting=0)
2025-12-16 15:37:43.811 [HikariPool-1 housekeeper] DEBUG com.zaxxer.hikari.pool.HikariPool - HikariPool-1 - Fill pool skipped, pool has sufficient level or currently being filled (queueDepth=0).
2025-12-16 15:37:46.009 [scheduling-1] INFO  c.e.m.s.Impl.EmailQueueServiceImpl - 处理邮件队列，待处理项: 0
2025-12-16 15:38:13.812 [HikariPool-1 housekeeper] DEBUG com.zaxxer.hikari.pool.HikariPool - HikariPool-1 - Before cleanup stats (total=2, active=0, idle=2, waiting=0)
2025-12-16 15:38:13.812 [HikariPool-1 housekeeper] DEBUG com.zaxxer.hikari.pool.HikariPool - HikariPool-1 - After cleanup  stats (total=2, active=0, idle=2, waiting=0)
2025-12-16 15:38:13.812 [HikariPool-1 housekeeper] DEBUG com.zaxxer.hikari.pool.HikariPool - HikariPool-1 - Fill pool skipped, pool has sufficient level or currently being filled (queueDepth=0).
2025-12-16 15:38:43.822 [HikariPool-1 housekeeper] DEBUG com.zaxxer.hikari.pool.HikariPool - HikariPool-1 - Before cleanup stats (total=2, active=0, idle=2, waiting=0)
2025-12-16 15:38:43.822 [HikariPool-1 housekeeper] DEBUG com.zaxxer.hikari.pool.HikariPool - HikariPool-1 - After cleanup  stats (total=2, active=0, idle=2, waiting=0)
2025-12-16 15:38:43.822 [HikariPool-1 housekeeper] DEBUG com.zaxxer.hikari.pool.HikariPool - HikariPool-1 - Fill pool skipped, pool has sufficient level or currently being filled (queueDepth=0).
2025-12-16 15:38:46.011 [scheduling-1] INFO  c.e.m.s.Impl.EmailQueueServiceImpl - 处理邮件队列，待处理项: 0
2025-12-16 15:38:46.019 [task-8] INFO  c.e.m.s.Impl.EmailSyncServiceImpl - 开始批量同步，共有 0 个用户
2025-12-16 15:38:46.019 [task-8] INFO  c.e.m.s.Impl.EmailSyncServiceImpl - 批量同步完成，共处理 0 个用户
2025-12-16 15:39:13.827 [HikariPool-1 housekeeper] DEBUG com.zaxxer.hikari.pool.HikariPool - HikariPool-1 - Before cleanup stats (total=2, active=0, idle=2, waiting=0)
2025-12-16 15:39:13.827 [HikariPool-1 housekeeper] DEBUG com.zaxxer.hikari.pool.HikariPool - HikariPool-1 - After cleanup  stats (total=2, active=0, idle=2, waiting=0)
2025-12-16 15:39:13.827 [HikariPool-1 housekeeper] DEBUG com.zaxxer.hikari.pool.HikariPool - HikariPool-1 - Fill pool skipped, pool has sufficient level or currently being filled (queueDepth=0).
2025-12-16 15:39:43.834 [HikariPool-1 housekeeper] DEBUG com.zaxxer.hikari.pool.HikariPool - HikariPool-1 - Before cleanup stats (total=2, active=0, idle=2, waiting=0)
2025-12-16 15:39:43.834 [HikariPool-1 housekeeper] DEBUG com.zaxxer.hikari.pool.HikariPool - HikariPool-1 - After cleanup  stats (total=2, active=0, idle=2, waiting=0)
2025-12-16 15:39:43.834 [HikariPool-1 housekeeper] DEBUG com.zaxxer.hikari.pool.HikariPool - HikariPool-1 - Fill pool skipped, pool has sufficient level or currently being filled (queueDepth=0).
2025-12-16 15:39:46.009 [scheduling-1] INFO  c.e.m.s.Impl.EmailQueueServiceImpl - 处理邮件队列，待处理项: 0
2025-12-16 15:40:13.841 [HikariPool-1 housekeeper] DEBUG com.zaxxer.hikari.pool.HikariPool - HikariPool-1 - Before cleanup stats (total=2, active=0, idle=2, waiting=0)
2025-12-16 15:40:13.841 [HikariPool-1 housekeeper] DEBUG com.zaxxer.hikari.pool.HikariPool - HikariPool-1 - After cleanup  stats (total=2, active=0, idle=2, waiting=0)
2025-12-16 15:40:13.841 [HikariPool-1 housekeeper] DEBUG com.zaxxer.hikari.pool.HikariPool - HikariPool-1 - Fill pool skipped, pool has sufficient level or currently being filled (queueDepth=0).
2025-12-16 15:40:43.842 [HikariPool-1 housekeeper] DEBUG com.zaxxer.hikari.pool.HikariPool - HikariPool-1 - Before cleanup stats (total=2, active=0, idle=2, waiting=0)
2025-12-16 15:40:43.842 [HikariPool-1 housekeeper] DEBUG com.zaxxer.hikari.pool.HikariPool - HikariPool-1 - After cleanup  stats (total=2, active=0, idle=2, waiting=0)
2025-12-16 15:40:43.842 [HikariPool-1 housekeeper] DEBUG com.zaxxer.hikari.pool.HikariPool - HikariPool-1 - Fill pool skipped, pool has sufficient level or currently being filled (queueDepth=0).
2025-12-16 15:40:46.014 [scheduling-1] INFO  c.e.m.s.Impl.EmailQueueServiceImpl - 处理邮件队列，待处理项: 0
2025-12-16 15:41:13.844 [HikariPool-1 housekeeper] DEBUG com.zaxxer.hikari.pool.HikariPool - HikariPool-1 - Before cleanup stats (total=2, active=0, idle=2, waiting=0)
2025-12-16 15:41:13.844 [HikariPool-1 housekeeper] DEBUG com.zaxxer.hikari.pool.HikariPool - HikariPool-1 - After cleanup  stats (total=2, active=0, idle=2, waiting=0)
2025-12-16 15:41:13.844 [HikariPool-1 housekeeper] DEBUG com.zaxxer.hikari.pool.HikariPool - HikariPool-1 - Fill pool skipped, pool has sufficient level or currently being filled (queueDepth=0).
2025-12-16 15:41:43.855 [HikariPool-1 housekeeper] DEBUG com.zaxxer.hikari.pool.HikariPool - HikariPool-1 - Before cleanup stats (total=2, active=0, idle=2, waiting=0)
2025-12-16 15:41:43.855 [HikariPool-1 housekeeper] DEBUG com.zaxxer.hikari.pool.HikariPool - HikariPool-1 - After cleanup  stats (total=2, active=0, idle=2, waiting=0)
2025-12-16 15:41:43.855 [HikariPool-1 housekeeper] DEBUG com.zaxxer.hikari.pool.HikariPool - HikariPool-1 - Fill pool skipped, pool has sufficient level or currently being filled (queueDepth=0).
2025-12-16 15:41:46.012 [scheduling-1] INFO  c.e.m.s.Impl.EmailQueueServiceImpl - 处理邮件队列，待处理项: 0
2025-12-16 15:42:13.857 [HikariPool-1 housekeeper] DEBUG com.zaxxer.hikari.pool.HikariPool - HikariPool-1 - Before cleanup stats (total=2, active=0, idle=2, waiting=0)
2025-12-16 15:42:13.857 [HikariPool-1 housekeeper] DEBUG com.zaxxer.hikari.pool.HikariPool - HikariPool-1 - After cleanup  stats (total=2, active=0, idle=2, waiting=0)
2025-12-16 15:42:13.857 [HikariPool-1 housekeeper] DEBUG com.zaxxer.hikari.pool.HikariPool - HikariPool-1 - Fill pool skipped, pool has sufficient level or currently being filled (queueDepth=0).
2025-12-16 15:42:43.866 [HikariPool-1 housekeeper] DEBUG com.zaxxer.hikari.pool.HikariPool - HikariPool-1 - Before cleanup stats (total=2, active=0, idle=2, waiting=0)
2025-12-16 15:42:43.866 [HikariPool-1 housekeeper] DEBUG com.zaxxer.hikari.pool.HikariPool - HikariPool-1 - After cleanup  stats (total=2, active=0, idle=2, waiting=0)
2025-12-16 15:42:43.866 [HikariPool-1 housekeeper] DEBUG com.zaxxer.hikari.pool.HikariPool - HikariPool-1 - Fill pool skipped, pool has sufficient level or currently being filled (queueDepth=0).
2025-12-16 15:42:46.008 [scheduling-1] INFO  c.e.m.s.Impl.EmailQueueServiceImpl - 处理邮件队列，待处理项: 0
2025-12-16 15:43:13.880 [HikariPool-1 housekeeper] DEBUG com.zaxxer.hikari.pool.HikariPool - HikariPool-1 - Before cleanup stats (total=2, active=0, idle=2, waiting=0)
2025-12-16 15:43:13.880 [HikariPool-1 housekeeper] DEBUG com.zaxxer.hikari.pool.HikariPool - HikariPool-1 - After cleanup  stats (total=2, active=0, idle=2, waiting=0)
2025-12-16 15:43:13.881 [HikariPool-1 housekeeper] DEBUG com.zaxxer.hikari.pool.HikariPool - HikariPool-1 - Fill pool skipped, pool has sufficient level or currently being filled (queueDepth=0).
2025-12-16 15:43:43.883 [HikariPool-1 housekeeper] DEBUG com.zaxxer.hikari.pool.HikariPool - HikariPool-1 - Before cleanup stats (total=2, active=0, idle=2, waiting=0)
2025-12-16 15:43:43.883 [HikariPool-1 housekeeper] DEBUG com.zaxxer.hikari.pool.HikariPool - HikariPool-1 - After cleanup  stats (total=2, active=0, idle=2, waiting=0)
2025-12-16 15:43:43.883 [HikariPool-1 housekeeper] DEBUG com.zaxxer.hikari.pool.HikariPool - HikariPool-1 - Fill pool skipped, pool has sufficient level or currently being filled (queueDepth=0).
2025-12-16 15:43:46.016 [scheduling-1] INFO  c.e.m.s.Impl.EmailQueueServiceImpl - 处理邮件队列，待处理项: 0
2025-12-16 15:43:46.024 [task-9] INFO  c.e.m.s.Impl.EmailSyncServiceImpl - 开始批量同步，共有 0 个用户
2025-12-16 15:43:46.024 [task-9] INFO  c.e.m.s.Impl.EmailSyncServiceImpl - 批量同步完成，共处理 0 个用户
2025-12-16 15:44:13.889 [HikariPool-1 housekeeper] DEBUG com.zaxxer.hikari.pool.HikariPool - HikariPool-1 - Before cleanup stats (total=2, active=0, idle=2, waiting=0)
2025-12-16 15:44:13.889 [HikariPool-1 housekeeper] DEBUG com.zaxxer.hikari.pool.HikariPool - HikariPool-1 - After cleanup  stats (total=2, active=0, idle=2, waiting=0)
2025-12-16 15:44:13.889 [HikariPool-1 housekeeper] DEBUG com.zaxxer.hikari.pool.HikariPool - HikariPool-1 - Fill pool skipped, pool has sufficient level or currently being filled (queueDepth=0).
2025-12-16 15:44:43.893 [HikariPool-1 housekeeper] DEBUG com.zaxxer.hikari.pool.HikariPool - HikariPool-1 - Before cleanup stats (total=2, active=0, idle=2, waiting=0)
2025-12-16 15:44:43.893 [HikariPool-1 housekeeper] DEBUG com.zaxxer.hikari.pool.HikariPool - HikariPool-1 - After cleanup  stats (total=2, active=0, idle=2, waiting=0)
2025-12-16 15:44:43.893 [HikariPool-1 housekeeper] DEBUG com.zaxxer.hikari.pool.HikariPool - HikariPool-1 - Fill pool skipped, pool has sufficient level or currently being filled (queueDepth=0).
2025-12-16 15:44:46.008 [scheduling-1] INFO  c.e.m.s.Impl.EmailQueueServiceImpl - 处理邮件队列，待处理项: 0
2025-12-16 15:45:13.897 [HikariPool-1 housekeeper] DEBUG com.zaxxer.hikari.pool.HikariPool - HikariPool-1 - Before cleanup stats (total=2, active=0, idle=2, waiting=0)
2025-12-16 15:45:13.897 [HikariPool-1 housekeeper] DEBUG com.zaxxer.hikari.pool.HikariPool - HikariPool-1 - After cleanup  stats (total=2, active=0, idle=2, waiting=0)
2025-12-16 15:45:13.897 [HikariPool-1 housekeeper] DEBUG com.zaxxer.hikari.pool.HikariPool - HikariPool-1 - Fill pool skipped, pool has sufficient level or currently being filled (queueDepth=0).
2025-12-16 15:45:43.899 [HikariPool-1 housekeeper] DEBUG com.zaxxer.hikari.pool.HikariPool - HikariPool-1 - Before cleanup stats (total=2, active=0, idle=2, waiting=0)
2025-12-16 15:45:43.899 [HikariPool-1 housekeeper] DEBUG com.zaxxer.hikari.pool.HikariPool - HikariPool-1 - After cleanup  stats (total=2, active=0, idle=2, waiting=0)
2025-12-16 15:45:43.899 [HikariPool-1 housekeeper] DEBUG com.zaxxer.hikari.pool.HikariPool - HikariPool-1 - Fill pool skipped, pool has sufficient level or currently being filled (queueDepth=0).
2025-12-16 15:45:46.008 [scheduling-1] INFO  c.e.m.s.Impl.EmailQueueServiceImpl - 处理邮件队列，待处理项: 0
2025-12-16 15:46:13.905 [HikariPool-1 housekeeper] DEBUG com.zaxxer.hikari.pool.HikariPool - HikariPool-1 - Before cleanup stats (total=2, active=0, idle=2, waiting=0)
2025-12-16 15:46:13.905 [HikariPool-1 housekeeper] DEBUG com.zaxxer.hikari.pool.HikariPool - HikariPool-1 - After cleanup  stats (total=2, active=0, idle=2, waiting=0)
2025-12-16 15:46:13.905 [HikariPool-1 housekeeper] DEBUG com.zaxxer.hikari.pool.HikariPool - HikariPool-1 - Fill pool skipped, pool has sufficient level or currently being filled (queueDepth=0).
2025-12-16 15:46:43.910 [HikariPool-1 housekeeper] DEBUG com.zaxxer.hikari.pool.HikariPool - HikariPool-1 - Before cleanup stats (total=2, active=0, idle=2, waiting=0)
2025-12-16 15:46:43.910 [HikariPool-1 housekeeper] DEBUG com.zaxxer.hikari.pool.HikariPool - HikariPool-1 - After cleanup  stats (total=2, active=0, idle=2, waiting=0)
2025-12-16 15:46:43.910 [HikariPool-1 housekeeper] DEBUG com.zaxxer.hikari.pool.HikariPool - HikariPool-1 - Fill pool skipped, pool has sufficient level or currently being filled (queueDepth=0).
2025-12-16 15:46:46.011 [scheduling-1] INFO  c.e.m.s.Impl.EmailQueueServiceImpl - 处理邮件队列，待处理项: 0
2025-12-16 15:47:13.920 [HikariPool-1 housekeeper] DEBUG com.zaxxer.hikari.pool.HikariPool - HikariPool-1 - Before cleanup stats (total=2, active=0, idle=2, waiting=0)
2025-12-16 15:47:13.920 [HikariPool-1 housekeeper] DEBUG com.zaxxer.hikari.pool.HikariPool - HikariPool-1 - After cleanup  stats (total=2, active=0, idle=2, waiting=0)
2025-12-16 15:47:13.920 [HikariPool-1 housekeeper] DEBUG com.zaxxer.hikari.pool.HikariPool - HikariPool-1 - Fill pool skipped, pool has sufficient level or currently being filled (queueDepth=0).
2025-12-16 15:47:43.924 [HikariPool-1 housekeeper] DEBUG com.zaxxer.hikari.pool.HikariPool - HikariPool-1 - Before cleanup stats (total=2, active=0, idle=2, waiting=0)
2025-12-16 15:47:43.924 [HikariPool-1 housekeeper] DEBUG com.zaxxer.hikari.pool.HikariPool - HikariPool-1 - After cleanup  stats (total=2, active=0, idle=2, waiting=0)
2025-12-16 15:47:43.924 [HikariPool-1 housekeeper] DEBUG com.zaxxer.hikari.pool.HikariPool - HikariPool-1 - Fill pool skipped, pool has sufficient level or currently being filled (queueDepth=0).
2025-12-16 15:47:46.006 [scheduling-1] INFO  c.e.m.s.Impl.EmailQueueServiceImpl - 处理邮件队列，待处理项: 0
2025-12-16 15:48:13.935 [HikariPool-1 housekeeper] DEBUG com.zaxxer.hikari.pool.HikariPool - HikariPool-1 - Before cleanup stats (total=2, active=0, idle=2, waiting=0)
2025-12-16 15:48:13.935 [HikariPool-1 housekeeper] DEBUG com.zaxxer.hikari.pool.HikariPool - HikariPool-1 - After cleanup  stats (total=2, active=0, idle=2, waiting=0)
2025-12-16 15:48:13.935 [HikariPool-1 housekeeper] DEBUG com.zaxxer.hikari.pool.HikariPool - HikariPool-1 - Fill pool skipped, pool has sufficient level or currently being filled (queueDepth=0).
2025-12-16 15:48:43.940 [HikariPool-1 housekeeper] DEBUG com.zaxxer.hikari.pool.HikariPool - HikariPool-1 - Before cleanup stats (total=2, active=0, idle=2, waiting=0)
2025-12-16 15:48:43.940 [HikariPool-1 housekeeper] DEBUG com.zaxxer.hikari.pool.HikariPool - HikariPool-1 - After cleanup  stats (total=2, active=0, idle=2, waiting=0)
2025-12-16 15:48:43.940 [HikariPool-1 housekeeper] DEBUG com.zaxxer.hikari.pool.HikariPool - HikariPool-1 - Fill pool skipped, pool has sufficient level or currently being filled (queueDepth=0).
2025-12-16 15:48:46.020 [scheduling-1] INFO  c.e.m.s.Impl.EmailQueueServiceImpl - 处理邮件队列，待处理项: 0
2025-12-16 15:48:46.032 [task-10] INFO  c.e.m.s.Impl.EmailSyncServiceImpl - 开始批量同步，共有 0 个用户
2025-12-16 15:48:46.032 [task-10] INFO  c.e.m.s.Impl.EmailSyncServiceImpl - 批量同步完成，共处理 0 个用户
2025-12-16 15:49:13.942 [HikariPool-1 housekeeper] DEBUG com.zaxxer.hikari.pool.HikariPool - HikariPool-1 - Before cleanup stats (total=2, active=0, idle=2, waiting=0)
2025-12-16 15:49:13.942 [HikariPool-1 housekeeper] DEBUG com.zaxxer.hikari.pool.HikariPool - HikariPool-1 - After cleanup  stats (total=2, active=0, idle=2, waiting=0)
2025-12-16 15:49:13.942 [HikariPool-1 housekeeper] DEBUG com.zaxxer.hikari.pool.HikariPool - HikariPool-1 - Fill pool skipped, pool has sufficient level or currently being filled (queueDepth=0).
2025-12-16 15:49:43.953 [HikariPool-1 housekeeper] DEBUG com.zaxxer.hikari.pool.HikariPool - HikariPool-1 - Before cleanup stats (total=2, active=0, idle=2, waiting=0)
2025-12-16 15:49:43.953 [HikariPool-1 housekeeper] DEBUG com.zaxxer.hikari.pool.HikariPool - HikariPool-1 - After cleanup  stats (total=2, active=0, idle=2, waiting=0)
2025-12-16 15:49:43.953 [HikariPool-1 housekeeper] DEBUG com.zaxxer.hikari.pool.HikariPool - HikariPool-1 - Fill pool skipped, pool has sufficient level or currently being filled (queueDepth=0).
2025-12-16 15:49:46.019 [scheduling-1] INFO  c.e.m.s.Impl.EmailQueueServiceImpl - 处理邮件队列，待处理项: 0
2025-12-16 15:50:13.954 [HikariPool-1 housekeeper] DEBUG com.zaxxer.hikari.pool.HikariPool - HikariPool-1 - Before cleanup stats (total=2, active=0, idle=2, waiting=0)
2025-12-16 15:50:13.954 [HikariPool-1 housekeeper] DEBUG com.zaxxer.hikari.pool.HikariPool - HikariPool-1 - After cleanup  stats (total=2, active=0, idle=2, waiting=0)
2025-12-16 15:50:13.955 [HikariPool-1 housekeeper] DEBUG com.zaxxer.hikari.pool.HikariPool - HikariPool-1 - Fill pool skipped, pool has sufficient level or currently being filled (queueDepth=0).
2025-12-16 15:50:43.969 [HikariPool-1 housekeeper] DEBUG com.zaxxer.hikari.pool.HikariPool - HikariPool-1 - Before cleanup stats (total=2, active=0, idle=2, waiting=0)
2025-12-16 15:50:43.969 [HikariPool-1 housekeeper] DEBUG com.zaxxer.hikari.pool.HikariPool - HikariPool-1 - After cleanup  stats (total=2, active=0, idle=2, waiting=0)
2025-12-16 15:50:43.970 [HikariPool-1 housekeeper] DEBUG com.zaxxer.hikari.pool.HikariPool - HikariPool-1 - Fill pool skipped, pool has sufficient level or currently being filled (queueDepth=0).
2025-12-16 15:50:46.007 [scheduling-1] INFO  c.e.m.s.Impl.EmailQueueServiceImpl - 处理邮件队列，待处理项: 0
2025-12-16 15:51:13.970 [HikariPool-1 housekeeper] DEBUG com.zaxxer.hikari.pool.HikariPool - HikariPool-1 - Before cleanup stats (total=2, active=0, idle=2, waiting=0)
2025-12-16 15:51:13.970 [HikariPool-1 housekeeper] DEBUG com.zaxxer.hikari.pool.HikariPool - HikariPool-1 - After cleanup  stats (total=2, active=0, idle=2, waiting=0)
2025-12-16 15:51:13.970 [HikariPool-1 housekeeper] DEBUG com.zaxxer.hikari.pool.HikariPool - HikariPool-1 - Fill pool skipped, pool has sufficient level or currently being filled (queueDepth=0).
2025-12-16 15:51:43.977 [HikariPool-1 housekeeper] DEBUG com.zaxxer.hikari.pool.HikariPool - HikariPool-1 - Before cleanup stats (total=2, active=0, idle=2, waiting=0)
2025-12-16 15:51:43.977 [HikariPool-1 housekeeper] DEBUG com.zaxxer.hikari.pool.HikariPool - HikariPool-1 - After cleanup  stats (total=2, active=0, idle=2, waiting=0)
2025-12-16 15:51:43.977 [HikariPool-1 housekeeper] DEBUG com.zaxxer.hikari.pool.HikariPool - HikariPool-1 - Fill pool skipped, pool has sufficient level or currently being filled (queueDepth=0).
2025-12-16 15:51:46.013 [scheduling-1] INFO  c.e.m.s.Impl.EmailQueueServiceImpl - 处理邮件队列，待处理项: 0
2025-12-16 15:52:13.990 [HikariPool-1 housekeeper] DEBUG com.zaxxer.hikari.pool.HikariPool - HikariPool-1 - Before cleanup stats (total=2, active=0, idle=2, waiting=0)
2025-12-16 15:52:13.990 [HikariPool-1 housekeeper] DEBUG com.zaxxer.hikari.pool.HikariPool - HikariPool-1 - After cleanup  stats (total=2, active=0, idle=2, waiting=0)
2025-12-16 15:52:13.990 [HikariPool-1 housekeeper] DEBUG com.zaxxer.hikari.pool.HikariPool - HikariPool-1 - Fill pool skipped, pool has sufficient level or currently being filled (queueDepth=0).
2025-12-16 15:52:44.002 [HikariPool-1 housekeeper] DEBUG com.zaxxer.hikari.pool.HikariPool - HikariPool-1 - Before cleanup stats (total=2, active=0, idle=2, waiting=0)
2025-12-16 15:52:44.002 [HikariPool-1 housekeeper] DEBUG com.zaxxer.hikari.pool.HikariPool - HikariPool-1 - After cleanup  stats (total=2, active=0, idle=2, waiting=0)
2025-12-16 15:52:44.002 [HikariPool-1 housekeeper] DEBUG com.zaxxer.hikari.pool.HikariPool - HikariPool-1 - Fill pool skipped, pool has sufficient level or currently being filled (queueDepth=0).
2025-12-16 15:52:46.009 [scheduling-1] INFO  c.e.m.s.Impl.EmailQueueServiceImpl - 处理邮件队列，待处理项: 0
2025-12-16 15:53:14.008 [HikariPool-1 housekeeper] DEBUG com.zaxxer.hikari.pool.HikariPool - HikariPool-1 - Before cleanup stats (total=2, active=0, idle=2, waiting=0)
2025-12-16 15:53:14.008 [HikariPool-1 housekeeper] DEBUG com.zaxxer.hikari.pool.HikariPool - HikariPool-1 - After cleanup  stats (total=2, active=0, idle=2, waiting=0)
2025-12-16 15:53:14.008 [HikariPool-1 housekeeper] DEBUG com.zaxxer.hikari.pool.HikariPool - HikariPool-1 - Fill pool skipped, pool has sufficient level or currently being filled (queueDepth=0).
2025-12-16 15:53:44.015 [HikariPool-1 housekeeper] DEBUG com.zaxxer.hikari.pool.HikariPool - HikariPool-1 - Before cleanup stats (total=2, active=0, idle=2, waiting=0)
2025-12-16 15:53:44.015 [HikariPool-1 housekeeper] DEBUG com.zaxxer.hikari.pool.HikariPool - HikariPool-1 - After cleanup  stats (total=2, active=0, idle=2, waiting=0)
2025-12-16 15:53:44.015 [HikariPool-1 housekeeper] DEBUG com.zaxxer.hikari.pool.HikariPool - HikariPool-1 - Fill pool skipped, pool has sufficient level or currently being filled (queueDepth=0).
2025-12-16 15:53:46.007 [scheduling-1] INFO  c.e.m.s.Impl.EmailQueueServiceImpl - 处理邮件队列，待处理项: 0
2025-12-16 15:53:46.016 [task-11] INFO  c.e.m.s.Impl.EmailSyncServiceImpl - 开始批量同步，共有 0 个用户
2025-12-16 15:53:46.017 [task-11] INFO  c.e.m.s.Impl.EmailSyncServiceImpl - 批量同步完成，共处理 0 个用户
2025-12-16 15:54:14.020 [HikariPool-1 housekeeper] DEBUG com.zaxxer.hikari.pool.HikariPool - HikariPool-1 - Before cleanup stats (total=2, active=0, idle=2, waiting=0)
2025-12-16 15:54:14.021 [HikariPool-1 housekeeper] DEBUG com.zaxxer.hikari.pool.HikariPool - HikariPool-1 - After cleanup  stats (total=2, active=0, idle=2, waiting=0)
2025-12-16 15:54:14.022 [HikariPool-1 housekeeper] DEBUG com.zaxxer.hikari.pool.HikariPool - HikariPool-1 - Fill pool skipped, pool has sufficient level or currently being filled (queueDepth=0).
2025-12-16 15:54:44.023 [HikariPool-1 housekeeper] DEBUG com.zaxxer.hikari.pool.HikariPool - HikariPool-1 - Before cleanup stats (total=2, active=0, idle=2, waiting=0)
2025-12-16 15:54:44.024 [HikariPool-1 housekeeper] DEBUG com.zaxxer.hikari.pool.HikariPool - HikariPool-1 - After cleanup  stats (total=2, active=0, idle=2, waiting=0)
2025-12-16 15:54:44.024 [HikariPool-1 housekeeper] DEBUG com.zaxxer.hikari.pool.HikariPool - HikariPool-1 - Fill pool skipped, pool has sufficient level or currently being filled (queueDepth=0).
2025-12-16 15:54:46.017 [scheduling-1] INFO  c.e.m.s.Impl.EmailQueueServiceImpl - 处理邮件队列，待处理项: 0
2025-12-16 15:55:14.028 [HikariPool-1 housekeeper] DEBUG com.zaxxer.hikari.pool.HikariPool - HikariPool-1 - Before cleanup stats (total=2, active=0, idle=2, waiting=0)
2025-12-16 15:55:14.028 [HikariPool-1 housekeeper] DEBUG com.zaxxer.hikari.pool.HikariPool - HikariPool-1 - After cleanup  stats (total=2, active=0, idle=2, waiting=0)
2025-12-16 15:55:14.028 [HikariPool-1 housekeeper] DEBUG com.zaxxer.hikari.pool.HikariPool - HikariPool-1 - Fill pool skipped, pool has sufficient level or currently being filled (queueDepth=0).
2025-12-16 15:55:44.030 [HikariPool-1 housekeeper] DEBUG com.zaxxer.hikari.pool.HikariPool - HikariPool-1 - Before cleanup stats (total=2, active=0, idle=2, waiting=0)
2025-12-16 15:55:44.030 [HikariPool-1 housekeeper] DEBUG com.zaxxer.hikari.pool.HikariPool - HikariPool-1 - After cleanup  stats (total=2, active=0, idle=2, waiting=0)
2025-12-16 15:55:44.030 [HikariPool-1 housekeeper] DEBUG com.zaxxer.hikari.pool.HikariPool - HikariPool-1 - Fill pool skipped, pool has sufficient level or currently being filled (queueDepth=0).
2025-12-16 15:55:46.006 [scheduling-1] INFO  c.e.m.s.Impl.EmailQueueServiceImpl - 处理邮件队列，待处理项: 0
2025-12-16 15:56:14.041 [HikariPool-1 housekeeper] DEBUG com.zaxxer.hikari.pool.HikariPool - HikariPool-1 - Before cleanup stats (total=2, active=0, idle=2, waiting=0)
2025-12-16 15:56:14.041 [HikariPool-1 housekeeper] DEBUG com.zaxxer.hikari.pool.HikariPool - HikariPool-1 - After cleanup  stats (total=2, active=0, idle=2, waiting=0)
2025-12-16 15:56:14.041 [HikariPool-1 housekeeper] DEBUG com.zaxxer.hikari.pool.HikariPool - HikariPool-1 - Fill pool skipped, pool has sufficient level or currently being filled (queueDepth=0).
2025-12-16 15:56:44.042 [HikariPool-1 housekeeper] DEBUG com.zaxxer.hikari.pool.HikariPool - HikariPool-1 - Before cleanup stats (total=2, active=0, idle=2, waiting=0)
2025-12-16 15:56:44.042 [HikariPool-1 housekeeper] DEBUG com.zaxxer.hikari.pool.HikariPool - HikariPool-1 - After cleanup  stats (total=2, active=0, idle=2, waiting=0)
2025-12-16 15:56:44.043 [HikariPool-1 housekeeper] DEBUG com.zaxxer.hikari.pool.HikariPool - HikariPool-1 - Fill pool skipped, pool has sufficient level or currently being filled (queueDepth=0).
2025-12-16 15:56:46.007 [scheduling-1] INFO  c.e.m.s.Impl.EmailQueueServiceImpl - 处理邮件队列，待处理项: 0
2025-12-16 15:57:14.044 [HikariPool-1 housekeeper] DEBUG com.zaxxer.hikari.pool.HikariPool - HikariPool-1 - Before cleanup stats (total=2, active=0, idle=2, waiting=0)
2025-12-16 15:57:14.044 [HikariPool-1 housekeeper] DEBUG com.zaxxer.hikari.pool.HikariPool - HikariPool-1 - After cleanup  stats (total=2, active=0, idle=2, waiting=0)
2025-12-16 15:57:14.044 [HikariPool-1 housekeeper] DEBUG com.zaxxer.hikari.pool.HikariPool - HikariPool-1 - Fill pool skipped, pool has sufficient level or currently being filled (queueDepth=0).
2025-12-16 15:57:44.052 [HikariPool-1 housekeeper] DEBUG com.zaxxer.hikari.pool.HikariPool - HikariPool-1 - Before cleanup stats (total=2, active=0, idle=2, waiting=0)
2025-12-16 15:57:44.052 [HikariPool-1 housekeeper] DEBUG com.zaxxer.hikari.pool.HikariPool - HikariPool-1 - After cleanup  stats (total=2, active=0, idle=2, waiting=0)
2025-12-16 15:57:44.052 [HikariPool-1 housekeeper] DEBUG com.zaxxer.hikari.pool.HikariPool - HikariPool-1 - Fill pool skipped, pool has sufficient level or currently being filled (queueDepth=0).
2025-12-16 15:57:46.018 [scheduling-1] INFO  c.e.m.s.Impl.EmailQueueServiceImpl - 处理邮件队列，待处理项: 0
2025-12-16 15:58:14.062 [HikariPool-1 housekeeper] DEBUG com.zaxxer.hikari.pool.HikariPool - HikariPool-1 - Before cleanup stats (total=2, active=0, idle=2, waiting=0)
2025-12-16 15:58:14.062 [HikariPool-1 housekeeper] DEBUG com.zaxxer.hikari.pool.HikariPool - HikariPool-1 - After cleanup  stats (total=2, active=0, idle=2, waiting=0)
2025-12-16 15:58:14.062 [HikariPool-1 housekeeper] DEBUG com.zaxxer.hikari.pool.HikariPool - HikariPool-1 - Fill pool skipped, pool has sufficient level or currently being filled (queueDepth=0).
2025-12-16 15:58:44.071 [HikariPool-1 housekeeper] DEBUG com.zaxxer.hikari.pool.HikariPool - HikariPool-1 - Before cleanup stats (total=2, active=0, idle=2, waiting=0)
2025-12-16 15:58:44.071 [HikariPool-1 housekeeper] DEBUG com.zaxxer.hikari.pool.HikariPool - HikariPool-1 - After cleanup  stats (total=2, active=0, idle=2, waiting=0)
2025-12-16 15:58:44.071 [HikariPool-1 housekeeper] DEBUG com.zaxxer.hikari.pool.HikariPool - HikariPool-1 - Fill pool skipped, pool has sufficient level or currently being filled (queueDepth=0).
2025-12-16 15:58:46.013 [scheduling-1] INFO  c.e.m.s.Impl.EmailQueueServiceImpl - 处理邮件队列，待处理项: 0
2025-12-16 15:58:46.021 [task-12] INFO  c.e.m.s.Impl.EmailSyncServiceImpl - 开始批量同步，共有 0 个用户
2025-12-16 15:58:46.022 [task-12] INFO  c.e.m.s.Impl.EmailSyncServiceImpl - 批量同步完成，共处理 0 个用户
2025-12-16 15:59:14.078 [HikariPool-1 housekeeper] DEBUG com.zaxxer.hikari.pool.HikariPool - HikariPool-1 - Before cleanup stats (total=2, active=0, idle=2, waiting=0)
2025-12-16 15:59:14.078 [HikariPool-1 housekeeper] DEBUG com.zaxxer.hikari.pool.HikariPool - HikariPool-1 - After cleanup  stats (total=2, active=0, idle=2, waiting=0)
2025-12-16 15:59:14.078 [HikariPool-1 housekeeper] DEBUG com.zaxxer.hikari.pool.HikariPool - HikariPool-1 - Fill pool skipped, pool has sufficient level or currently being filled (queueDepth=0).
2025-12-16 15:59:44.086 [HikariPool-1 housekeeper] DEBUG com.zaxxer.hikari.pool.HikariPool - HikariPool-1 - Before cleanup stats (total=2, active=0, idle=2, waiting=0)
2025-12-16 15:59:44.086 [HikariPool-1 housekeeper] DEBUG com.zaxxer.hikari.pool.HikariPool - HikariPool-1 - After cleanup  stats (total=2, active=0, idle=2, waiting=0)
2025-12-16 15:59:44.086 [HikariPool-1 housekeeper] DEBUG com.zaxxer.hikari.pool.HikariPool - HikariPool-1 - Fill pool skipped, pool has sufficient level or currently being filled (queueDepth=0).
2025-12-16 15:59:46.010 [scheduling-1] INFO  c.e.m.s.Impl.EmailQueueServiceImpl - 处理邮件队列，待处理项: 0
2025-12-16 16:00:14.091 [HikariPool-1 housekeeper] DEBUG com.zaxxer.hikari.pool.HikariPool - HikariPool-1 - Before cleanup stats (total=2, active=0, idle=2, waiting=0)
2025-12-16 16:00:14.091 [HikariPool-1 housekeeper] DEBUG com.zaxxer.hikari.pool.HikariPool - HikariPool-1 - After cleanup  stats (total=2, active=0, idle=2, waiting=0)
2025-12-16 16:00:14.091 [HikariPool-1 housekeeper] DEBUG com.zaxxer.hikari.pool.HikariPool - HikariPool-1 - Fill pool skipped, pool has sufficient level or currently being filled (queueDepth=0).
2025-12-16 16:00:31.406 [http-nio-8000-exec-8] DEBUG o.s.security.web.FilterChainProxy - Securing GET /login
2025-12-16 16:00:31.455 [http-nio-8000-exec-5] DEBUG o.s.security.web.FilterChainProxy - Securing GET /favicon.ico
2025-12-16 16:00:31.456 [http-nio-8000-exec-5] DEBUG o.s.s.w.a.AnonymousAuthenticationFilter - Set SecurityContextHolder to anonymous SecurityContext
2025-12-16 16:00:31.456 [http-nio-8000-exec-5] DEBUG o.s.s.w.a.DelegatingAuthenticationEntryPoint - Trying to match using And [Not [RequestHeaderRequestMatcher [expectedHeaderName=X-Requested-With, expectedHeaderValue=XMLHttpRequest]], MediaTypeRequestMatcher [contentNegotiationStrategy=org.springframework.web.accept.ContentNegotiationManager@fca4863, matchingMediaTypes=[application/xhtml+xml, image/*, text/html, text/plain], useEquals=false, ignoredMediaTypes=[*/*]]]
2025-12-16 16:00:31.457 [http-nio-8000-exec-5] DEBUG o.s.s.w.a.DelegatingAuthenticationEntryPoint - Match found! Executing org.springframework.security.web.authentication.LoginUrlAuthenticationEntryPoint@3eca0961
2025-12-16 16:00:31.457 [http-nio-8000-exec-5] DEBUG o.s.s.web.DefaultRedirectStrategy - Redirecting to http://localhost:8000/login
2025-12-16 16:00:31.459 [http-nio-8000-exec-9] DEBUG o.s.security.web.FilterChainProxy - Securing GET /login
2025-12-16 16:00:32.481 [http-nio-8000-exec-10] DEBUG o.s.security.web.FilterChainProxy - Securing GET /login
2025-12-16 16:00:32.514 [http-nio-8000-exec-1] DEBUG o.s.security.web.FilterChainProxy - Securing GET /favicon.ico
2025-12-16 16:00:32.515 [http-nio-8000-exec-1] DEBUG o.s.s.w.a.AnonymousAuthenticationFilter - Set SecurityContextHolder to anonymous SecurityContext
2025-12-16 16:00:32.515 [http-nio-8000-exec-1] DEBUG o.s.s.w.a.DelegatingAuthenticationEntryPoint - Trying to match using And [Not [RequestHeaderRequestMatcher [expectedHeaderName=X-Requested-With, expectedHeaderValue=XMLHttpRequest]], MediaTypeRequestMatcher [contentNegotiationStrategy=org.springframework.web.accept.ContentNegotiationManager@fca4863, matchingMediaTypes=[application/xhtml+xml, image/*, text/html, text/plain], useEquals=false, ignoredMediaTypes=[*/*]]]
2025-12-16 16:00:32.515 [http-nio-8000-exec-1] DEBUG o.s.s.w.a.DelegatingAuthenticationEntryPoint - Match found! Executing org.springframework.security.web.authentication.LoginUrlAuthenticationEntryPoint@3eca0961
2025-12-16 16:00:32.516 [http-nio-8000-exec-1] DEBUG o.s.s.web.DefaultRedirectStrategy - Redirecting to http://localhost:8000/login
2025-12-16 16:00:32.525 [http-nio-8000-exec-2] DEBUG o.s.security.web.FilterChainProxy - Securing GET /login
2025-12-16 16:00:44.103 [HikariPool-1 housekeeper] DEBUG com.zaxxer.hikari.pool.HikariPool - HikariPool-1 - Before cleanup stats (total=2, active=0, idle=2, waiting=0)
2025-12-16 16:00:44.103 [HikariPool-1 housekeeper] DEBUG com.zaxxer.hikari.pool.HikariPool - HikariPool-1 - After cleanup  stats (total=2, active=0, idle=2, waiting=0)
2025-12-16 16:00:44.104 [HikariPool-1 housekeeper] DEBUG com.zaxxer.hikari.pool.HikariPool - HikariPool-1 - Fill pool skipped, pool has sufficient level or currently being filled (queueDepth=0).
2025-12-16 16:00:46.018 [scheduling-1] INFO  c.e.m.s.Impl.EmailQueueServiceImpl - 处理邮件队列，待处理项: 0
2025-12-16 16:00:51.503 [http-nio-8000-exec-3] DEBUG o.s.security.web.FilterChainProxy - Securing GET /v3/api-docs
2025-12-16 16:00:51.504 [http-nio-8000-exec-3] DEBUG o.s.s.w.a.AnonymousAuthenticationFilter - Set SecurityContextHolder to anonymous SecurityContext
2025-12-16 16:00:51.505 [http-nio-8000-exec-3] DEBUG o.s.s.w.s.HttpSessionRequestCache - Saved request http://localhost:8000/v3/api-docs?continue to session
2025-12-16 16:00:51.505 [http-nio-8000-exec-3] DEBUG o.s.s.w.a.DelegatingAuthenticationEntryPoint - Trying to match using And [Not [RequestHeaderRequestMatcher [expectedHeaderName=X-Requested-With, expectedHeaderValue=XMLHttpRequest]], MediaTypeRequestMatcher [contentNegotiationStrategy=org.springframework.web.accept.ContentNegotiationManager@fca4863, matchingMediaTypes=[application/xhtml+xml, image/*, text/html, text/plain], useEquals=false, ignoredMediaTypes=[*/*]]]
2025-12-16 16:00:51.505 [http-nio-8000-exec-3] DEBUG o.s.s.w.a.DelegatingAuthenticationEntryPoint - Match found! Executing org.springframework.security.web.authentication.LoginUrlAuthenticationEntryPoint@3eca0961
2025-12-16 16:00:51.506 [http-nio-8000-exec-3] DEBUG o.s.s.web.DefaultRedirectStrategy - Redirecting to http://localhost:8000/login
2025-12-16 16:00:51.513 [http-nio-8000-exec-4] DEBUG o.s.security.web.FilterChainProxy - Securing GET /login
2025-12-16 16:00:51.593 [http-nio-8000-exec-6] DEBUG o.s.security.web.FilterChainProxy - Securing GET /favicon.ico
2025-12-16 16:00:51.594 [http-nio-8000-exec-6] DEBUG o.s.s.w.a.AnonymousAuthenticationFilter - Set SecurityContextHolder to anonymous SecurityContext
2025-12-16 16:00:51.594 [http-nio-8000-exec-6] DEBUG o.s.s.w.a.DelegatingAuthenticationEntryPoint - Trying to match using And [Not [RequestHeaderRequestMatcher [expectedHeaderName=X-Requested-With, expectedHeaderValue=XMLHttpRequest]], MediaTypeRequestMatcher [contentNegotiationStrategy=org.springframework.web.accept.ContentNegotiationManager@fca4863, matchingMediaTypes=[application/xhtml+xml, image/*, text/html, text/plain], useEquals=false, ignoredMediaTypes=[*/*]]]
2025-12-16 16:00:51.595 [http-nio-8000-exec-6] DEBUG o.s.s.w.a.DelegatingAuthenticationEntryPoint - Match found! Executing org.springframework.security.web.authentication.LoginUrlAuthenticationEntryPoint@3eca0961
2025-12-16 16:00:51.595 [http-nio-8000-exec-6] DEBUG o.s.s.web.DefaultRedirectStrategy - Redirecting to http://localhost:8000/login
2025-12-16 16:00:51.600 [http-nio-8000-exec-7] DEBUG o.s.security.web.FilterChainProxy - Securing GET /login
2025-12-16 16:01:14.112 [HikariPool-1 housekeeper] DEBUG com.zaxxer.hikari.pool.HikariPool - HikariPool-1 - Before cleanup stats (total=2, active=0, idle=2, waiting=0)
2025-12-16 16:01:14.112 [HikariPool-1 housekeeper] DEBUG com.zaxxer.hikari.pool.HikariPool - HikariPool-1 - After cleanup  stats (total=2, active=0, idle=2, waiting=0)
2025-12-16 16:01:14.112 [HikariPool-1 housekeeper] DEBUG com.zaxxer.hikari.pool.HikariPool - HikariPool-1 - Fill pool skipped, pool has sufficient level or currently being filled (queueDepth=0).
2025-12-16 16:01:44.125 [HikariPool-1 housekeeper] DEBUG com.zaxxer.hikari.pool.HikariPool - HikariPool-1 - Before cleanup stats (total=2, active=0, idle=2, waiting=0)
2025-12-16 16:01:44.125 [HikariPool-1 housekeeper] DEBUG com.zaxxer.hikari.pool.HikariPool - HikariPool-1 - After cleanup  stats (total=2, active=0, idle=2, waiting=0)
2025-12-16 16:01:44.125 [HikariPool-1 housekeeper] DEBUG com.zaxxer.hikari.pool.HikariPool - HikariPool-1 - Fill pool skipped, pool has sufficient level or currently being filled (queueDepth=0).
2025-12-16 16:01:46.009 [scheduling-1] INFO  c.e.m.s.Impl.EmailQueueServiceImpl - 处理邮件队列，待处理项: 0
2025-12-16 16:02:14.131 [HikariPool-1 housekeeper] DEBUG com.zaxxer.hikari.pool.HikariPool - HikariPool-1 - Before cleanup stats (total=2, active=0, idle=2, waiting=0)
2025-12-16 16:02:14.131 [HikariPool-1 housekeeper] DEBUG com.zaxxer.hikari.pool.HikariPool - HikariPool-1 - After cleanup  stats (total=2, active=0, idle=2, waiting=0)
2025-12-16 16:02:14.131 [HikariPool-1 housekeeper] DEBUG com.zaxxer.hikari.pool.HikariPool - HikariPool-1 - Fill pool skipped, pool has sufficient level or currently being filled (queueDepth=0).
2025-12-16 16:02:31.994 [HikariPool-1 connection closer] DEBUG com.zaxxer.hikari.pool.PoolBase - HikariPool-1 - Closing connection com.mysql.cj.jdbc.ConnectionImpl@77776b8f: (connection has passed maxLifetime)
2025-12-16 16:02:32.001 [HikariPool-1 connection adder] DEBUG com.zaxxer.hikari.pool.HikariPool - HikariPool-1 - Added connection com.mysql.cj.jdbc.ConnectionImpl@1fa77de5
2025-12-16 16:02:44.144 [HikariPool-1 housekeeper] DEBUG com.zaxxer.hikari.pool.HikariPool - HikariPool-1 - Before cleanup stats (total=2, active=0, idle=2, waiting=0)
2025-12-16 16:02:44.144 [HikariPool-1 housekeeper] DEBUG com.zaxxer.hikari.pool.HikariPool - HikariPool-1 - After cleanup  stats (total=2, active=0, idle=2, waiting=0)
2025-12-16 16:02:44.144 [HikariPool-1 housekeeper] DEBUG com.zaxxer.hikari.pool.HikariPool - HikariPool-1 - Fill pool skipped, pool has sufficient level or currently being filled (queueDepth=0).
2025-12-16 16:02:46.018 [scheduling-1] INFO  c.e.m.s.Impl.EmailQueueServiceImpl - 处理邮件队列，待处理项: 0
2025-12-16 16:02:59.045 [HikariPool-1 connection closer] DEBUG com.zaxxer.hikari.pool.PoolBase - HikariPool-1 - Closing connection com.mysql.cj.jdbc.ConnectionImpl@6585e347: (connection has passed maxLifetime)
2025-12-16 16:02:59.051 [HikariPool-1 connection adder] DEBUG com.zaxxer.hikari.pool.HikariPool - HikariPool-1 - Added connection com.mysql.cj.jdbc.ConnectionImpl@7f53e1ef
2025-12-16 16:03:14.145 [HikariPool-1 housekeeper] DEBUG com.zaxxer.hikari.pool.HikariPool - HikariPool-1 - Before cleanup stats (total=2, active=0, idle=2, waiting=0)
2025-12-16 16:03:14.145 [HikariPool-1 housekeeper] DEBUG com.zaxxer.hikari.pool.HikariPool - HikariPool-1 - After cleanup  stats (total=2, active=0, idle=2, waiting=0)
2025-12-16 16:03:14.145 [HikariPool-1 housekeeper] DEBUG com.zaxxer.hikari.pool.HikariPool - HikariPool-1 - Fill pool skipped, pool has sufficient level or currently being filled (queueDepth=0).
2025-12-16 16:03:32.340 [background-preinit] DEBUG org.jboss.logging - Logging Provider: org.jboss.logging.Slf4jLoggerProvider found via system property
2025-12-16 16:03:32.343 [background-preinit] INFO  o.h.validator.internal.util.Version - HV000001: Hibernate Validator 8.0.1.Final
2025-12-16 16:03:32.428 [main] INFO  c.example.mailbox.MailboxApplication - Starting MailboxApplication using Java 22.0.2 with PID 23608 (C:\Users\Administrator\Desktop\计网实验\SMTPService\target\classes started by Administrator in C:\Users\Administrator\Desktop\计网实验\SMTPService)
2025-12-16 16:03:32.429 [main] DEBUG c.example.mailbox.MailboxApplication - Running with Spring Boot v3.2.0, Spring v6.1.1
2025-12-16 16:03:32.429 [main] INFO  c.example.mailbox.MailboxApplication - The following 1 profile is active: "dev"
2025-12-16 16:03:33.207 [main] INFO  o.s.d.r.c.RepositoryConfigurationDelegate - Multiple Spring Data modules found, entering strict repository configuration mode
2025-12-16 16:03:33.209 [main] INFO  o.s.d.r.c.RepositoryConfigurationDelegate - Bootstrapping Spring Data JPA repositories in DEFAULT mode.
2025-12-16 16:03:33.357 [main] INFO  o.s.d.r.c.RepositoryConfigurationDelegate - Finished Spring Data repository scanning in 142 ms. Found 9 JPA repository interfaces.
2025-12-16 16:03:33.370 [main] INFO  o.s.d.r.c.RepositoryConfigurationDelegate - Multiple Spring Data modules found, entering strict repository configuration mode
2025-12-16 16:03:33.371 [main] INFO  o.s.d.r.c.RepositoryConfigurationDelegate - Bootstrapping Spring Data Redis repositories in DEFAULT mode.
2025-12-16 16:03:33.386 [main] INFO  o.s.d.r.c.RepositoryConfigurationExtensionSupport - Spring Data Redis - Could not safely identify store assignment for repository candidate interface com.example.mailbox.repository.AttachmentRepository; If you want this repository to be a Redis repository, consider annotating your entities with one of these annotations: org.springframework.data.redis.core.RedisHash (preferred), or consider extending one of the following types with your repository: org.springframework.data.keyvalue.repository.KeyValueRepository
2025-12-16 16:03:33.386 [main] INFO  o.s.d.r.c.RepositoryConfigurationExtensionSupport - Spring Data Redis - Could not safely identify store assignment for repository candidate interface com.example.mailbox.repository.BlacklistRepository; If you want this repository to be a Redis repository, consider annotating your entities with one of these annotations: org.springframework.data.redis.core.RedisHash (preferred), or consider extending one of the following types with your repository: org.springframework.data.keyvalue.repository.KeyValueRepository
2025-12-16 16:03:33.387 [main] INFO  o.s.d.r.c.RepositoryConfigurationExtensionSupport - Spring Data Redis - Could not safely identify store assignment for repository candidate interface com.example.mailbox.repository.EmailQueueRepository; If you want this repository to be a Redis repository, consider annotating your entities with one of these annotations: org.springframework.data.redis.core.RedisHash (preferred), or consider extending one of the following types with your repository: org.springframework.data.keyvalue.repository.KeyValueRepository
2025-12-16 16:03:33.387 [main] INFO  o.s.d.r.c.RepositoryConfigurationExtensionSupport - Spring Data Redis - Could not safely identify store assignment for repository candidate interface com.example.mailbox.repository.EmailRepository; If you want this repository to be a Redis repository, consider annotating your entities with one of these annotations: org.springframework.data.redis.core.RedisHash (preferred), or consider extending one of the following types with your repository: org.springframework.data.keyvalue.repository.KeyValueRepository
2025-12-16 16:03:33.387 [main] INFO  o.s.d.r.c.RepositoryConfigurationExtensionSupport - Spring Data Redis - Could not safely identify store assignment for repository candidate interface com.example.mailbox.repository.GroupMemberRepository; If you want this repository to be a Redis repository, consider annotating your entities with one of these annotations: org.springframework.data.redis.core.RedisHash (preferred), or consider extending one of the following types with your repository: org.springframework.data.keyvalue.repository.KeyValueRepository
2025-12-16 16:03:33.387 [main] INFO  o.s.d.r.c.RepositoryConfigurationExtensionSupport - Spring Data Redis - Could not safely identify store assignment for repository candidate interface com.example.mailbox.repository.GroupRepository; If you want this repository to be a Redis repository, consider annotating your entities with one of these annotations: org.springframework.data.redis.core.RedisHash (preferred), or consider extending one of the following types with your repository: org.springframework.data.keyvalue.repository.KeyValueRepository
2025-12-16 16:03:33.387 [main] INFO  o.s.d.r.c.RepositoryConfigurationExtensionSupport - Spring Data Redis - Could not safely identify store assignment for repository candidate interface com.example.mailbox.repository.ServerConfigRepository; If you want this repository to be a Redis repository, consider annotating your entities with one of these annotations: org.springframework.data.redis.core.RedisHash (preferred), or consider extending one of the following types with your repository: org.springframework.data.keyvalue.repository.KeyValueRepository
2025-12-16 16:03:33.388 [main] INFO  o.s.d.r.c.RepositoryConfigurationExtensionSupport - Spring Data Redis - Could not safely identify store assignment for repository candidate interface com.example.mailbox.repository.SystemLogRepository; If you want this repository to be a Redis repository, consider annotating your entities with one of these annotations: org.springframework.data.redis.core.RedisHash (preferred), or consider extending one of the following types with your repository: org.springframework.data.keyvalue.repository.KeyValueRepository
2025-12-16 16:03:33.388 [main] INFO  o.s.d.r.c.RepositoryConfigurationExtensionSupport - Spring Data Redis - Could not safely identify store assignment for repository candidate interface com.example.mailbox.repository.UserRepository; If you want this repository to be a Redis repository, consider annotating your entities with one of these annotations: org.springframework.data.redis.core.RedisHash (preferred), or consider extending one of the following types with your repository: org.springframework.data.keyvalue.repository.KeyValueRepository
2025-12-16 16:03:33.388 [main] INFO  o.s.d.r.c.RepositoryConfigurationDelegate - Finished Spring Data repository scanning in 9 ms. Found 0 Redis repository interfaces.
2025-12-16 16:03:33.901 [main] INFO  o.s.b.w.e.tomcat.TomcatWebServer - Tomcat initialized with port 8000 (http)
2025-12-16 16:03:33.908 [main] INFO  o.a.coyote.http11.Http11NioProtocol - Initializing ProtocolHandler ["http-nio-8000"]
2025-12-16 16:03:33.910 [main] INFO  o.a.catalina.core.StandardService - Starting service [Tomcat]
2025-12-16 16:03:33.910 [main] INFO  o.a.catalina.core.StandardEngine - Starting Servlet engine: [Apache Tomcat/10.1.16]
2025-12-16 16:03:33.992 [main] INFO  o.a.c.c.C.[Tomcat].[localhost].[/] - Initializing Spring embedded WebApplicationContext
2025-12-16 16:03:33.992 [main] INFO  o.s.b.w.s.c.ServletWebServerApplicationContext - Root WebApplicationContext: initialization completed in 1529 ms
2025-12-16 16:03:34.008 [main] DEBUG com.zaxxer.hikari.HikariConfig - Driver class com.mysql.cj.jdbc.Driver found in Thread context class loader jdk.internal.loader.ClassLoaders$AppClassLoader@6bc7c054
2025-12-16 16:03:34.023 [main] DEBUG com.zaxxer.hikari.HikariConfig - HikariPool-1 - configuration:
2025-12-16 16:03:34.025 [main] DEBUG com.zaxxer.hikari.HikariConfig - allowPoolSuspension.............false
2025-12-16 16:03:34.025 [main] DEBUG com.zaxxer.hikari.HikariConfig - autoCommit......................true
2025-12-16 16:03:34.025 [main] DEBUG com.zaxxer.hikari.HikariConfig - catalog.........................none
2025-12-16 16:03:34.025 [main] DEBUG com.zaxxer.hikari.HikariConfig - connectionInitSql...............none
2025-12-16 16:03:34.025 [main] DEBUG com.zaxxer.hikari.HikariConfig - connectionTestQuery.............none
2025-12-16 16:03:34.026 [main] DEBUG com.zaxxer.hikari.HikariConfig - connectionTimeout...............30000
2025-12-16 16:03:34.026 [main] DEBUG com.zaxxer.hikari.HikariConfig - dataSource......................none
2025-12-16 16:03:34.026 [main] DEBUG com.zaxxer.hikari.HikariConfig - dataSourceClassName.............none
2025-12-16 16:03:34.026 [main] DEBUG com.zaxxer.hikari.HikariConfig - dataSourceJNDI..................none
2025-12-16 16:03:34.026 [main] DEBUG com.zaxxer.hikari.HikariConfig - dataSourceProperties............{password=<masked>}
2025-12-16 16:03:34.026 [main] DEBUG com.zaxxer.hikari.HikariConfig - driverClassName................."com.mysql.cj.jdbc.Driver"
2025-12-16 16:03:34.026 [main] DEBUG com.zaxxer.hikari.HikariConfig - exceptionOverrideClassName......none
2025-12-16 16:03:34.026 [main] DEBUG com.zaxxer.hikari.HikariConfig - healthCheckProperties...........{}
2025-12-16 16:03:34.026 [main] DEBUG com.zaxxer.hikari.HikariConfig - healthCheckRegistry.............none
2025-12-16 16:03:34.026 [main] DEBUG com.zaxxer.hikari.HikariConfig - idleTimeout.....................600000
2025-12-16 16:03:34.027 [main] DEBUG com.zaxxer.hikari.HikariConfig - initializationFailTimeout.......1
2025-12-16 16:03:34.027 [main] DEBUG com.zaxxer.hikari.HikariConfig - isolateInternalQueries..........false
2025-12-16 16:03:34.027 [main] DEBUG com.zaxxer.hikari.HikariConfig - jdbcUrl.........................jdbc:mysql://localhost:3306/mailbox_prod?useSSL=false&serverTimezone=UTC&characterEncoding=utf-8
2025-12-16 16:03:34.027 [main] DEBUG com.zaxxer.hikari.HikariConfig - keepaliveTime...................0
2025-12-16 16:03:34.027 [main] DEBUG com.zaxxer.hikari.HikariConfig - leakDetectionThreshold..........0
2025-12-16 16:03:34.027 [main] DEBUG com.zaxxer.hikari.HikariConfig - maxLifetime.....................1800000
2025-12-16 16:03:34.027 [main] DEBUG com.zaxxer.hikari.HikariConfig - maximumPoolSize.................5
2025-12-16 16:03:34.027 [main] DEBUG com.zaxxer.hikari.HikariConfig - metricRegistry..................none
2025-12-16 16:03:34.027 [main] DEBUG com.zaxxer.hikari.HikariConfig - metricsTrackerFactory...........none
2025-12-16 16:03:34.028 [main] DEBUG com.zaxxer.hikari.HikariConfig - minimumIdle.....................2
2025-12-16 16:03:34.028 [main] DEBUG com.zaxxer.hikari.HikariConfig - password........................<masked>
2025-12-16 16:03:34.028 [main] DEBUG com.zaxxer.hikari.HikariConfig - poolName........................"HikariPool-1"
2025-12-16 16:03:34.028 [main] DEBUG com.zaxxer.hikari.HikariConfig - readOnly........................false
2025-12-16 16:03:34.028 [main] DEBUG com.zaxxer.hikari.HikariConfig - registerMbeans..................false
2025-12-16 16:03:34.028 [main] DEBUG com.zaxxer.hikari.HikariConfig - scheduledExecutor...............none
2025-12-16 16:03:34.028 [main] DEBUG com.zaxxer.hikari.HikariConfig - schema..........................none
2025-12-16 16:03:34.028 [main] DEBUG com.zaxxer.hikari.HikariConfig - threadFactory...................internal
2025-12-16 16:03:34.028 [main] DEBUG com.zaxxer.hikari.HikariConfig - transactionIsolation............default
2025-12-16 16:03:34.028 [main] DEBUG com.zaxxer.hikari.HikariConfig - username........................"root"
2025-12-16 16:03:34.028 [main] DEBUG com.zaxxer.hikari.HikariConfig - validationTimeout...............5000
2025-12-16 16:03:34.028 [main] INFO  com.zaxxer.hikari.HikariDataSource - HikariPool-1 - Starting...
2025-12-16 16:03:34.197 [main] INFO  com.zaxxer.hikari.pool.HikariPool - HikariPool-1 - Added connection com.mysql.cj.jdbc.ConnectionImpl@4522d793
2025-12-16 16:03:34.198 [main] INFO  com.zaxxer.hikari.HikariDataSource - HikariPool-1 - Start completed.
2025-12-16 16:03:34.204 [main] INFO  o.s.b.a.h.H2ConsoleAutoConfiguration - H2 console available at '/h2-console'. Database available at 'jdbc:mysql://localhost:3306/mailbox_prod?useSSL=false&serverTimezone=UTC&characterEncoding=utf-8'
2025-12-16 16:03:34.287 [main] INFO  o.h.jpa.internal.util.LogHelper - HHH000204: Processing PersistenceUnitInfo [name: default]
2025-12-16 16:03:34.306 [HikariPool-1 housekeeper] DEBUG com.zaxxer.hikari.pool.HikariPool - HikariPool-1 - Before cleanup stats (total=1, active=0, idle=1, waiting=0)
2025-12-16 16:03:34.307 [HikariPool-1 housekeeper] DEBUG com.zaxxer.hikari.pool.HikariPool - HikariPool-1 - After cleanup  stats (total=1, active=0, idle=1, waiting=0)
2025-12-16 16:03:34.315 [HikariPool-1 connection adder] DEBUG com.zaxxer.hikari.pool.HikariPool - HikariPool-1 - Added connection com.mysql.cj.jdbc.ConnectionImpl@33392b0d
2025-12-16 16:03:34.335 [main] INFO  org.hibernate.Version - HHH000412: Hibernate ORM core version 6.3.1.Final
2025-12-16 16:03:34.337 [HikariPool-1 connection adder] DEBUG com.zaxxer.hikari.pool.HikariPool - HikariPool-1 - After adding stats (total=2, active=0, idle=2, waiting=0)
2025-12-16 16:03:34.362 [main] INFO  o.h.c.i.RegionFactoryInitiator - HHH000026: Second-level cache disabled
2025-12-16 16:03:34.552 [main] INFO  o.s.o.j.p.SpringPersistenceUnitInfo - No LoadTimeWeaver setup: ignoring JPA class transformer
2025-12-16 16:03:34.604 [main] WARN  org.hibernate.orm.deprecation - HHH90000025: MySQL8Dialect does not need to be specified explicitly using 'hibernate.dialect' (remove the property setting and it will be selected by default)
2025-12-16 16:03:34.606 [main] WARN  org.hibernate.orm.deprecation - HHH90000026: MySQL8Dialect has been deprecated; use org.hibernate.dialect.MySQLDialect instead
2025-12-16 16:03:35.411 [main] INFO  o.h.e.t.j.p.i.JtaPlatformInitiator - HHH000489: No JTA platform available (set 'hibernate.transaction.jta.platform' to enable JTA platform integration)
2025-12-16 16:03:35.521 [main] INFO  o.s.o.j.LocalContainerEntityManagerFactoryBean - Initialized JPA EntityManagerFactory for persistence unit 'default'
2025-12-16 16:03:35.741 [main] INFO  o.s.d.j.r.query.QueryEnhancerFactory - Hibernate is in classpath; If applicable, HQL parser will be used.
2025-12-16 16:03:36.003 [main] ERROR o.s.b.w.e.tomcat.TomcatStarter - Error starting Tomcat context. Exception: org.springframework.beans.factory.UnsatisfiedDependencyException. Message: Error creating bean with name 'jwtAuthenticationFilter': Unsatisfied dependency expressed through field 'userDetailsService': Error creating bean with name 'userServiceImpl': Unsatisfied dependency expressed through field 'passwordEncoder': Error creating bean with name 'securityConfig': Unsatisfied dependency expressed through field 'userService': Error creating bean with name 'userServiceImpl': Requested bean is currently in creation: Is there an unresolvable circular reference?
2025-12-16 16:03:36.024 [main] INFO  o.a.catalina.core.StandardService - Stopping service [Tomcat]
2025-12-16 16:03:36.027 [main] WARN  o.s.b.w.s.c.AnnotationConfigServletWebServerApplicationContext - Exception encountered during context initialization - cancelling refresh attempt: org.springframework.context.ApplicationContextException: Unable to start web server
2025-12-16 16:03:36.027 [main] INFO  o.s.o.j.LocalContainerEntityManagerFactoryBean - Closing JPA EntityManagerFactory for persistence unit 'default'
2025-12-16 16:03:36.028 [main] INFO  com.zaxxer.hikari.HikariDataSource - HikariPool-1 - Shutdown initiated...
2025-12-16 16:03:36.028 [main] DEBUG com.zaxxer.hikari.pool.HikariPool - HikariPool-1 - Before shutdown stats (total=2, active=0, idle=2, waiting=0)
2025-12-16 16:03:36.029 [HikariPool-1 connection closer] DEBUG com.zaxxer.hikari.pool.PoolBase - HikariPool-1 - Closing connection com.mysql.cj.jdbc.ConnectionImpl@4522d793: (connection evicted)
2025-12-16 16:03:36.032 [HikariPool-1 connection closer] DEBUG com.zaxxer.hikari.pool.PoolBase - HikariPool-1 - Closing connection com.mysql.cj.jdbc.ConnectionImpl@33392b0d: (connection evicted)
2025-12-16 16:03:36.033 [main] DEBUG com.zaxxer.hikari.pool.HikariPool - HikariPool-1 - After shutdown stats (total=0, active=0, idle=0, waiting=0)
2025-12-16 16:03:36.033 [main] INFO  com.zaxxer.hikari.HikariDataSource - HikariPool-1 - Shutdown completed.
2025-12-16 16:03:36.039 [main] INFO  o.s.b.a.l.ConditionEvaluationReportLogger - 

Error starting ApplicationContext. To display the condition evaluation report re-run your application with 'debug' enabled.
2025-12-16 16:03:36.053 [main] ERROR o.s.b.d.LoggingFailureAnalysisReporter - 

***************************
APPLICATION FAILED TO START
***************************

Description:

The dependencies of some of the beans in the application context form a cycle:

   jwtAuthenticationFilter (field private org.springframework.security.core.userdetails.UserDetailsService com.example.mailbox.filter.JwtAuthenticationFilter.userDetailsService)
┌─────┐
|  userServiceImpl (field private org.springframework.security.crypto.password.PasswordEncoder com.example.mailbox.service.Impl.UserServiceImpl.passwordEncoder)
↑     ↓
|  securityConfig (field private com.example.mailbox.service.UserService com.example.mailbox.config.SecurityConfig.userService)
└─────┘


Action:

Relying upon circular references is discouraged and they are prohibited by default. Update your application to remove the dependency cycle between beans. As a last resort, it may be possible to break the cycle automatically by setting spring.main.allow-circular-references to true.

2025-12-16 16:08:11.517 [background-preinit] DEBUG org.jboss.logging - Logging Provider: org.jboss.logging.Slf4jLoggerProvider found via system property
2025-12-16 16:08:11.519 [background-preinit] INFO  o.h.validator.internal.util.Version - HV000001: Hibernate Validator 8.0.1.Final
2025-12-16 16:08:11.589 [main] INFO  c.example.mailbox.MailboxApplication - Starting MailboxApplication using Java 22.0.2 with PID 4124 (C:\Users\Administrator\Desktop\计网实验\SMTPService\target\classes started by Administrator in C:\Users\Administrator\Desktop\计网实验\SMTPService)
2025-12-16 16:08:11.589 [main] DEBUG c.example.mailbox.MailboxApplication - Running with Spring Boot v3.2.0, Spring v6.1.1
2025-12-16 16:08:11.591 [main] INFO  c.example.mailbox.MailboxApplication - The following 1 profile is active: "dev"
2025-12-16 16:08:12.206 [main] INFO  o.s.d.r.c.RepositoryConfigurationDelegate - Multiple Spring Data modules found, entering strict repository configuration mode
2025-12-16 16:08:12.207 [main] INFO  o.s.d.r.c.RepositoryConfigurationDelegate - Bootstrapping Spring Data JPA repositories in DEFAULT mode.
2025-12-16 16:08:12.340 [main] INFO  o.s.d.r.c.RepositoryConfigurationDelegate - Finished Spring Data repository scanning in 127 ms. Found 9 JPA repository interfaces.
2025-12-16 16:08:12.354 [main] INFO  o.s.d.r.c.RepositoryConfigurationDelegate - Multiple Spring Data modules found, entering strict repository configuration mode
2025-12-16 16:08:12.355 [main] INFO  o.s.d.r.c.RepositoryConfigurationDelegate - Bootstrapping Spring Data Redis repositories in DEFAULT mode.
2025-12-16 16:08:12.367 [main] INFO  o.s.d.r.c.RepositoryConfigurationExtensionSupport - Spring Data Redis - Could not safely identify store assignment for repository candidate interface com.example.mailbox.repository.AttachmentRepository; If you want this repository to be a Redis repository, consider annotating your entities with one of these annotations: org.springframework.data.redis.core.RedisHash (preferred), or consider extending one of the following types with your repository: org.springframework.data.keyvalue.repository.KeyValueRepository
2025-12-16 16:08:12.368 [main] INFO  o.s.d.r.c.RepositoryConfigurationExtensionSupport - Spring Data Redis - Could not safely identify store assignment for repository candidate interface com.example.mailbox.repository.BlacklistRepository; If you want this repository to be a Redis repository, consider annotating your entities with one of these annotations: org.springframework.data.redis.core.RedisHash (preferred), or consider extending one of the following types with your repository: org.springframework.data.keyvalue.repository.KeyValueRepository
2025-12-16 16:08:12.368 [main] INFO  o.s.d.r.c.RepositoryConfigurationExtensionSupport - Spring Data Redis - Could not safely identify store assignment for repository candidate interface com.example.mailbox.repository.EmailQueueRepository; If you want this repository to be a Redis repository, consider annotating your entities with one of these annotations: org.springframework.data.redis.core.RedisHash (preferred), or consider extending one of the following types with your repository: org.springframework.data.keyvalue.repository.KeyValueRepository
2025-12-16 16:08:12.368 [main] INFO  o.s.d.r.c.RepositoryConfigurationExtensionSupport - Spring Data Redis - Could not safely identify store assignment for repository candidate interface com.example.mailbox.repository.EmailRepository; If you want this repository to be a Redis repository, consider annotating your entities with one of these annotations: org.springframework.data.redis.core.RedisHash (preferred), or consider extending one of the following types with your repository: org.springframework.data.keyvalue.repository.KeyValueRepository
2025-12-16 16:08:12.368 [main] INFO  o.s.d.r.c.RepositoryConfigurationExtensionSupport - Spring Data Redis - Could not safely identify store assignment for repository candidate interface com.example.mailbox.repository.GroupMemberRepository; If you want this repository to be a Redis repository, consider annotating your entities with one of these annotations: org.springframework.data.redis.core.RedisHash (preferred), or consider extending one of the following types with your repository: org.springframework.data.keyvalue.repository.KeyValueRepository
2025-12-16 16:08:12.368 [main] INFO  o.s.d.r.c.RepositoryConfigurationExtensionSupport - Spring Data Redis - Could not safely identify store assignment for repository candidate interface com.example.mailbox.repository.GroupRepository; If you want this repository to be a Redis repository, consider annotating your entities with one of these annotations: org.springframework.data.redis.core.RedisHash (preferred), or consider extending one of the following types with your repository: org.springframework.data.keyvalue.repository.KeyValueRepository
2025-12-16 16:08:12.368 [main] INFO  o.s.d.r.c.RepositoryConfigurationExtensionSupport - Spring Data Redis - Could not safely identify store assignment for repository candidate interface com.example.mailbox.repository.ServerConfigRepository; If you want this repository to be a Redis repository, consider annotating your entities with one of these annotations: org.springframework.data.redis.core.RedisHash (preferred), or consider extending one of the following types with your repository: org.springframework.data.keyvalue.repository.KeyValueRepository
2025-12-16 16:08:12.369 [main] INFO  o.s.d.r.c.RepositoryConfigurationExtensionSupport - Spring Data Redis - Could not safely identify store assignment for repository candidate interface com.example.mailbox.repository.SystemLogRepository; If you want this repository to be a Redis repository, consider annotating your entities with one of these annotations: org.springframework.data.redis.core.RedisHash (preferred), or consider extending one of the following types with your repository: org.springframework.data.keyvalue.repository.KeyValueRepository
2025-12-16 16:08:12.369 [main] INFO  o.s.d.r.c.RepositoryConfigurationExtensionSupport - Spring Data Redis - Could not safely identify store assignment for repository candidate interface com.example.mailbox.repository.UserRepository; If you want this repository to be a Redis repository, consider annotating your entities with one of these annotations: org.springframework.data.redis.core.RedisHash (preferred), or consider extending one of the following types with your repository: org.springframework.data.keyvalue.repository.KeyValueRepository
2025-12-16 16:08:12.369 [main] INFO  o.s.d.r.c.RepositoryConfigurationDelegate - Finished Spring Data repository scanning in 7 ms. Found 0 Redis repository interfaces.
2025-12-16 16:08:12.869 [main] INFO  o.s.b.w.e.tomcat.TomcatWebServer - Tomcat initialized with port 8000 (http)
2025-12-16 16:08:12.876 [main] INFO  o.a.coyote.http11.Http11NioProtocol - Initializing ProtocolHandler ["http-nio-8000"]
2025-12-16 16:08:12.878 [main] INFO  o.a.catalina.core.StandardService - Starting service [Tomcat]
2025-12-16 16:08:12.879 [main] INFO  o.a.catalina.core.StandardEngine - Starting Servlet engine: [Apache Tomcat/10.1.16]
2025-12-16 16:08:12.956 [main] INFO  o.a.c.c.C.[Tomcat].[localhost].[/] - Initializing Spring embedded WebApplicationContext
2025-12-16 16:08:12.958 [main] INFO  o.s.b.w.s.c.ServletWebServerApplicationContext - Root WebApplicationContext: initialization completed in 1337 ms
2025-12-16 16:08:12.971 [main] DEBUG com.zaxxer.hikari.HikariConfig - Driver class com.mysql.cj.jdbc.Driver found in Thread context class loader jdk.internal.loader.ClassLoaders$AppClassLoader@6bc7c054
2025-12-16 16:08:12.987 [main] DEBUG com.zaxxer.hikari.HikariConfig - HikariPool-1 - configuration:
2025-12-16 16:08:12.989 [main] DEBUG com.zaxxer.hikari.HikariConfig - allowPoolSuspension.............false
2025-12-16 16:08:12.990 [main] DEBUG com.zaxxer.hikari.HikariConfig - autoCommit......................true
2025-12-16 16:08:12.990 [main] DEBUG com.zaxxer.hikari.HikariConfig - catalog.........................none
2025-12-16 16:08:12.990 [main] DEBUG com.zaxxer.hikari.HikariConfig - connectionInitSql...............none
2025-12-16 16:08:12.990 [main] DEBUG com.zaxxer.hikari.HikariConfig - connectionTestQuery.............none
2025-12-16 16:08:12.991 [main] DEBUG com.zaxxer.hikari.HikariConfig - connectionTimeout...............30000
2025-12-16 16:08:12.991 [main] DEBUG com.zaxxer.hikari.HikariConfig - dataSource......................none
2025-12-16 16:08:12.991 [main] DEBUG com.zaxxer.hikari.HikariConfig - dataSourceClassName.............none
2025-12-16 16:08:12.991 [main] DEBUG com.zaxxer.hikari.HikariConfig - dataSourceJNDI..................none
2025-12-16 16:08:12.991 [main] DEBUG com.zaxxer.hikari.HikariConfig - dataSourceProperties............{password=<masked>}
2025-12-16 16:08:12.991 [main] DEBUG com.zaxxer.hikari.HikariConfig - driverClassName................."com.mysql.cj.jdbc.Driver"
2025-12-16 16:08:12.991 [main] DEBUG com.zaxxer.hikari.HikariConfig - exceptionOverrideClassName......none
2025-12-16 16:08:12.991 [main] DEBUG com.zaxxer.hikari.HikariConfig - healthCheckProperties...........{}
2025-12-16 16:08:12.991 [main] DEBUG com.zaxxer.hikari.HikariConfig - healthCheckRegistry.............none
2025-12-16 16:08:12.991 [main] DEBUG com.zaxxer.hikari.HikariConfig - idleTimeout.....................600000
2025-12-16 16:08:12.992 [main] DEBUG com.zaxxer.hikari.HikariConfig - initializationFailTimeout.......1
2025-12-16 16:08:12.992 [main] DEBUG com.zaxxer.hikari.HikariConfig - isolateInternalQueries..........false
2025-12-16 16:08:12.992 [main] DEBUG com.zaxxer.hikari.HikariConfig - jdbcUrl.........................jdbc:mysql://localhost:3306/mailbox_prod?useSSL=false&serverTimezone=UTC&characterEncoding=utf-8
2025-12-16 16:08:12.992 [main] DEBUG com.zaxxer.hikari.HikariConfig - keepaliveTime...................0
2025-12-16 16:08:12.992 [main] DEBUG com.zaxxer.hikari.HikariConfig - leakDetectionThreshold..........0
2025-12-16 16:08:12.992 [main] DEBUG com.zaxxer.hikari.HikariConfig - maxLifetime.....................1800000
2025-12-16 16:08:12.992 [main] DEBUG com.zaxxer.hikari.HikariConfig - maximumPoolSize.................5
2025-12-16 16:08:12.992 [main] DEBUG com.zaxxer.hikari.HikariConfig - metricRegistry..................none
2025-12-16 16:08:12.992 [main] DEBUG com.zaxxer.hikari.HikariConfig - metricsTrackerFactory...........none
2025-12-16 16:08:12.992 [main] DEBUG com.zaxxer.hikari.HikariConfig - minimumIdle.....................2
2025-12-16 16:08:12.992 [main] DEBUG com.zaxxer.hikari.HikariConfig - password........................<masked>
2025-12-16 16:08:12.992 [main] DEBUG com.zaxxer.hikari.HikariConfig - poolName........................"HikariPool-1"
2025-12-16 16:08:12.993 [main] DEBUG com.zaxxer.hikari.HikariConfig - readOnly........................false
2025-12-16 16:08:12.993 [main] DEBUG com.zaxxer.hikari.HikariConfig - registerMbeans..................false
2025-12-16 16:08:12.993 [main] DEBUG com.zaxxer.hikari.HikariConfig - scheduledExecutor...............none
2025-12-16 16:08:12.993 [main] DEBUG com.zaxxer.hikari.HikariConfig - schema..........................none
2025-12-16 16:08:12.993 [main] DEBUG com.zaxxer.hikari.HikariConfig - threadFactory...................internal
2025-12-16 16:08:12.993 [main] DEBUG com.zaxxer.hikari.HikariConfig - transactionIsolation............default
2025-12-16 16:08:12.993 [main] DEBUG com.zaxxer.hikari.HikariConfig - username........................"root"
2025-12-16 16:08:12.993 [main] DEBUG com.zaxxer.hikari.HikariConfig - validationTimeout...............5000
2025-12-16 16:08:12.993 [main] INFO  com.zaxxer.hikari.HikariDataSource - HikariPool-1 - Starting...
2025-12-16 16:08:13.125 [main] INFO  com.zaxxer.hikari.pool.HikariPool - HikariPool-1 - Added connection com.mysql.cj.jdbc.ConnectionImpl@44fb6ebd
2025-12-16 16:08:13.127 [main] INFO  com.zaxxer.hikari.HikariDataSource - HikariPool-1 - Start completed.
2025-12-16 16:08:13.132 [main] INFO  o.s.b.a.h.H2ConsoleAutoConfiguration - H2 console available at '/h2-console'. Database available at 'jdbc:mysql://localhost:3306/mailbox_prod?useSSL=false&serverTimezone=UTC&characterEncoding=utf-8'
2025-12-16 16:08:13.205 [main] INFO  o.h.jpa.internal.util.LogHelper - HHH000204: Processing PersistenceUnitInfo [name: default]
2025-12-16 16:08:13.231 [HikariPool-1 housekeeper] DEBUG com.zaxxer.hikari.pool.HikariPool - HikariPool-1 - Before cleanup stats (total=1, active=0, idle=1, waiting=0)
2025-12-16 16:08:13.231 [HikariPool-1 housekeeper] DEBUG com.zaxxer.hikari.pool.HikariPool - HikariPool-1 - After cleanup  stats (total=1, active=0, idle=1, waiting=0)
2025-12-16 16:08:13.239 [HikariPool-1 connection adder] DEBUG com.zaxxer.hikari.pool.HikariPool - HikariPool-1 - Added connection com.mysql.cj.jdbc.ConnectionImpl@3c6ae862
2025-12-16 16:08:13.251 [main] INFO  org.hibernate.Version - HHH000412: Hibernate ORM core version 6.3.1.Final
2025-12-16 16:08:13.261 [HikariPool-1 connection adder] DEBUG com.zaxxer.hikari.pool.HikariPool - HikariPool-1 - After adding stats (total=2, active=0, idle=2, waiting=0)
2025-12-16 16:08:13.278 [main] INFO  o.h.c.i.RegionFactoryInitiator - HHH000026: Second-level cache disabled
2025-12-16 16:08:13.436 [main] INFO  o.s.o.j.p.SpringPersistenceUnitInfo - No LoadTimeWeaver setup: ignoring JPA class transformer
2025-12-16 16:08:13.487 [main] WARN  org.hibernate.orm.deprecation - HHH90000025: MySQL8Dialect does not need to be specified explicitly using 'hibernate.dialect' (remove the property setting and it will be selected by default)
2025-12-16 16:08:13.488 [main] WARN  org.hibernate.orm.deprecation - HHH90000026: MySQL8Dialect has been deprecated; use org.hibernate.dialect.MySQLDialect instead
2025-12-16 16:08:14.267 [main] INFO  o.h.e.t.j.p.i.JtaPlatformInitiator - HHH000489: No JTA platform available (set 'hibernate.transaction.jta.platform' to enable JTA platform integration)
2025-12-16 16:08:14.358 [main] INFO  o.s.o.j.LocalContainerEntityManagerFactoryBean - Initialized JPA EntityManagerFactory for persistence unit 'default'
2025-12-16 16:08:14.596 [main] INFO  o.s.d.j.r.query.QueryEnhancerFactory - Hibernate is in classpath; If applicable, HQL parser will be used.
2025-12-16 16:08:14.871 [main] DEBUG i.n.u.i.l.InternalLoggerFactory - Using SLF4J as the default logging framework
2025-12-16 16:08:14.876 [main] DEBUG i.l.c.r.AddressResolverGroupProvider - Starting with netty's non-blocking DNS resolver library
2025-12-16 16:08:14.907 [main] DEBUG i.n.util.internal.PlatformDependent0 - -Dio.netty.noUnsafe: false
2025-12-16 16:08:14.908 [main] DEBUG i.n.util.internal.PlatformDependent0 - Java version: 22
2025-12-16 16:08:14.910 [main] DEBUG i.n.util.internal.PlatformDependent0 - sun.misc.Unsafe.theUnsafe: available
2025-12-16 16:08:14.910 [main] DEBUG i.n.util.internal.PlatformDependent0 - sun.misc.Unsafe.copyMemory: available
2025-12-16 16:08:14.911 [main] DEBUG i.n.util.internal.PlatformDependent0 - sun.misc.Unsafe.storeFence: available
2025-12-16 16:08:14.911 [main] DEBUG i.n.util.internal.PlatformDependent0 - java.nio.Buffer.address: available
2025-12-16 16:08:14.912 [main] DEBUG i.n.util.internal.PlatformDependent0 - direct buffer constructor: unavailable: Reflective setAccessible(true) disabled
2025-12-16 16:08:14.912 [main] DEBUG i.n.util.internal.PlatformDependent0 - java.nio.Bits.unaligned: available, true
2025-12-16 16:08:14.914 [main] DEBUG i.n.util.internal.PlatformDependent0 - jdk.internal.misc.Unsafe.allocateUninitializedArray(int): unavailable: class io.netty.util.internal.PlatformDependent0$7 cannot access class jdk.internal.misc.Unsafe (in module java.base) because module java.base does not export jdk.internal.misc to unnamed module @58c1c010
2025-12-16 16:08:14.915 [main] DEBUG i.n.util.internal.PlatformDependent0 - java.nio.DirectByteBuffer.<init>(long, {int,long}): unavailable
2025-12-16 16:08:14.915 [main] DEBUG i.n.util.internal.PlatformDependent - sun.misc.Unsafe: available
2025-12-16 16:08:14.916 [main] DEBUG i.n.util.internal.PlatformDependent - -Dio.netty.tmpdir: C:\Users\ADMINI~1\AppData\Local\Temp (java.io.tmpdir)
2025-12-16 16:08:14.916 [main] DEBUG i.n.util.internal.PlatformDependent - -Dio.netty.bitMode: 64 (sun.arch.data.model)
2025-12-16 16:08:14.916 [main] DEBUG i.n.util.internal.PlatformDependent - Platform: Windows
2025-12-16 16:08:14.917 [main] DEBUG i.n.util.internal.PlatformDependent - -Dio.netty.maxDirectMemory: -1 bytes
2025-12-16 16:08:14.917 [main] DEBUG i.n.util.internal.PlatformDependent - -Dio.netty.uninitializedArrayAllocationThreshold: -1
2025-12-16 16:08:14.918 [main] DEBUG io.netty.util.internal.CleanerJava9 - java.nio.ByteBuffer.cleaner(): available
2025-12-16 16:08:14.918 [main] DEBUG i.n.util.internal.PlatformDependent - -Dio.netty.noPreferDirect: false
2025-12-16 16:08:14.921 [main] DEBUG io.netty.util.NetUtil - -Djava.net.preferIPv4Stack: false
2025-12-16 16:08:14.921 [main] DEBUG io.netty.util.NetUtil - -Djava.net.preferIPv6Addresses: false
2025-12-16 16:08:14.928 [main] DEBUG i.netty.util.NetUtilInitializations - Loopback interface: loopback_0 (Software Loopback Interface 1, 0:0:0:0:0:0:0:1)
2025-12-16 16:08:14.930 [main] DEBUG io.netty.util.NetUtil - Failed to get SOMAXCONN from sysctl and file \proc\sys\net\core\somaxconn. Default: 200
2025-12-16 16:08:14.930 [main] DEBUG i.netty.resolver.dns.DnsNameResolver - Default ResolvedAddressTypes: IPV4_PREFERRED
2025-12-16 16:08:14.930 [main] DEBUG i.netty.resolver.dns.DnsNameResolver - Localhost address: localhost/127.0.0.1
2025-12-16 16:08:14.936 [main] DEBUG i.netty.resolver.dns.DnsNameResolver - Windows hostname: User-2024PVQEOT
2025-12-16 16:08:14.940 [main] DEBUG i.netty.resolver.dns.DnsNameResolver - Default search domains: []
2025-12-16 16:08:14.940 [main] DEBUG i.netty.resolver.dns.DnsNameResolver - Default UnixResolverOptions{ndots=1, timeout=5, attempts=16}
2025-12-16 16:08:14.943 [main] DEBUG i.n.u.i.InternalThreadLocalMap - -Dio.netty.threadLocalMap.stringBuilder.initialSize: 1024
2025-12-16 16:08:14.943 [main] DEBUG i.n.u.i.InternalThreadLocalMap - -Dio.netty.threadLocalMap.stringBuilder.maxSize: 4096
2025-12-16 16:08:14.949 [main] DEBUG i.n.r.DefaultHostsFileEntriesResolver - -Dio.netty.hostsFileRefreshInterval: 0
2025-12-16 16:08:14.967 [main] DEBUG i.n.r.d.DefaultDnsServerAddressStreamProvider - Default DNS servers: [/10.71.211.219:53, /[240e:469:449:7083:0:0:0:87]:53] (sun.net.dns.ResolverConfiguration)
2025-12-16 16:08:14.970 [main] DEBUG i.l.core.resource.KqueueProvider - Starting without optional kqueue library
2025-12-16 16:08:14.972 [main] DEBUG i.l.core.resource.IOUringProvider - Starting without optional io_uring library
2025-12-16 16:08:14.993 [main] DEBUG i.l.core.resource.EpollProvider - Starting without optional epoll library
2025-12-16 16:08:15.003 [main] DEBUG i.l.c.r.DefaultClientResources - -Dio.netty.eventLoopThreads: 20
2025-12-16 16:08:15.009 [main] DEBUG i.l.c.r.DefaultEventLoopGroupProvider - Creating executor io.netty.util.concurrent.DefaultEventExecutorGroup
2025-12-16 16:08:15.017 [main] DEBUG i.n.u.concurrent.GlobalEventExecutor - -Dio.netty.globalEventExecutor.quietPeriodSeconds: 1
2025-12-16 16:08:15.025 [main] DEBUG io.netty.util.ResourceLeakDetector - -Dio.netty.leakDetection.level: simple
2025-12-16 16:08:15.025 [main] DEBUG io.netty.util.ResourceLeakDetector - -Dio.netty.leakDetection.targetRecords: 4
2025-12-16 16:08:15.025 [main] DEBUG i.n.util.ResourceLeakDetectorFactory - Loaded default ResourceLeakDetector: io.netty.util.ResourceLeakDetector@7e49ab66
2025-12-16 16:08:15.032 [main] DEBUG i.n.util.internal.PlatformDependent - org.jctools-core.MpscChunkedArrayQueue: available
2025-12-16 16:08:15.038 [main] DEBUG reactor.util.Loggers - Using Slf4j logging framework
2025-12-16 16:08:15.041 [main] DEBUG i.l.c.event.jfr.EventRecorderHolder - Starting with JFR support
2025-12-16 16:08:15.050 [main] DEBUG i.l.c.r.DefaultClientResources - LatencyUtils/HdrUtils are not available, metrics are disabled
2025-12-16 16:08:15.202 [main] DEBUG c.e.m.filter.JwtAuthenticationFilter - Filter 'jwtAuthenticationFilter' configured for use
2025-12-16 16:08:15.324 [Thread-1] INFO  c.e.m.server.EnhancedSmtpServer - 增强版SMTP服务器启动，监听端口：0.0.0.0:25
2025-12-16 16:08:15.325 [Thread-1] INFO  c.e.m.server.EnhancedSmtpServer - 配置参数：超时=60秒, 最大连接数=50, 最大邮件大小=10MB
2025-12-16 16:08:15.329 [Thread-2] INFO  c.e.m.server.EnhancedPop3Server - 增强版POP3服务器启动，监听端口：0.0.0.0:110
2025-12-16 16:08:15.329 [Thread-2] INFO  c.e.m.server.EnhancedPop3Server - 配置参数：超时=60秒, 最大连接数=30
2025-12-16 16:08:15.649 [main] WARN  o.s.b.a.o.j.JpaBaseConfiguration$JpaWebConfiguration - spring.jpa.open-in-view is enabled by default. Therefore, database queries may be performed during view rendering. Explicitly configure spring.jpa.open-in-view to disable this warning
2025-12-16 16:08:15.762 [main] DEBUG _.s.w.s.HandlerMapping.Mappings - 
	c.e.m.c.AdminController:
	{DELETE [/api/admin/blacklist/{id}]}: removeFromBlacklist(Long)
	{POST [/api/admin/server/smtp/start]}: startSmtpServer()
	{POST [/api/admin/server/pop3/stop]}: stopPop3Server()
	{GET [/api/admin/users]}: getAllUsers(int,int)
	{GET [/api/admin/server/status]}: getServerStatus()
	{PUT [/api/admin/users/{id}/status]}: updateUserStatus(Long,Boolean)
	{GET [/api/admin/server/stats]}: getServerStats()
	{POST [/api/admin/server/pop3/start]}: startPop3Server()
	{POST [/api/admin/blacklist]}: addToBlacklist(BlacklistRequest)
	{GET [/api/admin/blacklist]}: getBlacklist()
	{POST [/api/admin/server/smtp/stop]}: stopSmtpServer()
2025-12-16 16:08:15.768 [main] DEBUG _.s.w.s.HandlerMapping.Mappings - 
	c.e.m.c.AuthController:
	{POST [/api/auth/register]}: register(RegisterRequestDTO)
	{POST [/api/auth/logout]}: logout(String)
	{POST [/api/auth/login]}: login(LoginRequestDTO)
2025-12-16 16:08:15.771 [main] DEBUG _.s.w.s.HandlerMapping.Mappings - 
	c.e.m.c.GroupController:
	{POST [/api/groups]}: createGroup(Group)
	{GET [/api/groups/{groupId}/members]}: getMembers(Long,int,int)
	{GET [/api/groups/all]}: getAllGroups(int,int)
	{DELETE [/api/groups/{groupId}/members/{accountId}]}: removeMember(Long,Long)
	{GET [/api/groups/{groupId}/member-count]}: getMemberCount(Long)
	{DELETE [/api/groups/{groupId}]}: deleteGroup(Long)
	{PUT [/api/groups]}: updateGroup(Group)
	{GET [/api/groups/created]}: getCreatedGroups(int,int)
	{GET [/api/groups/joined]}: getJoinedGroups(int,int)
	{GET [/api/groups/{groupId}/members/{accountId}/check]}: checkMember(Long,Long)
	{GET [/api/groups/search]}: searchGroups(String,int,int)
	{GET [/api/groups/{groupId}]}: getGroup(Long)
	{POST [/api/groups/members]}: addMember(GroupMemberRequest)
2025-12-16 16:08:15.774 [main] DEBUG _.s.w.s.HandlerMapping.Mappings - 
	c.e.m.c.QueueController:
	{GET [/api/queue/status]}: getQueueStatus()
	{POST [/api/queue/resend/{queueId}]}: resendEmail(Long)
	{POST [/api/queue/process]}: processQueue()
	{DELETE [/api/queue/clear]}: clearQueue()
2025-12-16 16:08:15.774 [main] DEBUG _.s.w.s.HandlerMapping.Mappings - 
	c.e.m.c.UserController:
	{GET [/api/users/profile]}: getProfile(HttpServletRequest)
	{PUT [/api/users/profile]}: updateProfile(Account,HttpServletRequest)
	{PUT [/api/users/password]}: changePassword(PasswordChangeRequest,HttpServletRequest)
2025-12-16 16:08:15.776 [main] DEBUG _.s.w.s.HandlerMapping.Mappings - 
	o.s.b.a.w.s.e.BasicErrorController:
	{ [/error]}: error(HttpServletRequest)
	{ [/error], produces [text/html]}: errorHtml(HttpServletRequest,HttpServletResponse)
2025-12-16 16:08:15.785 [main] DEBUG _.s.w.s.HandlerMapping.Mappings - 
	o.s.w.a.OpenApiWebMvcResource:
	{GET [/v3/api-docs], produces [application/json]}: openapiJson(HttpServletRequest,String,Locale)
	{GET [/v3/api-docs.yaml], produces [application/vnd.oai.openapi]}: openapiYaml(HttpServletRequest,String,Locale)
2025-12-16 16:08:15.786 [main] DEBUG _.s.w.s.HandlerMapping.Mappings - 
	o.s.w.u.SwaggerWelcomeWebMvc:
	{GET [/swagger-ui.html]}: redirectToUi(HttpServletRequest)
2025-12-16 16:08:15.787 [main] DEBUG _.s.w.s.HandlerMapping.Mappings - 
	o.s.w.u.SwaggerConfigResource:
	{GET [/v3/api-docs/swagger-config], produces [application/json]}: openapiJson(HttpServletRequest)
2025-12-16 16:08:15.795 [main] DEBUG _.s.w.s.HandlerMapping.Mappings - 'beanNameHandlerMapping' {}
2025-12-16 16:08:15.850 [main] DEBUG _.s.w.s.HandlerMapping.Mappings - 'resourceHandlerMapping' {/webjars/**=ResourceHttpRequestHandler [classpath [META-INF/resources/webjars/]], /**=ResourceHttpRequestHandler [classpath [META-INF/resources/], classpath [resources/], classpath [static/], classpath [public/], ServletContext [/]], /swagger-ui*/*swagger-initializer.js=ResourceHttpRequestHandler [classpath [META-INF/resources/webjars/]], /swagger-ui*/**=ResourceHttpRequestHandler [classpath [META-INF/resources/webjars/]]}
2025-12-16 16:08:15.876 [main] INFO  o.s.s.web.DefaultSecurityFilterChain - Will secure any request with [org.springframework.security.web.session.DisableEncodeUrlFilter@758a3ba0, org.springframework.security.web.context.request.async.WebAsyncManagerIntegrationFilter@10462124, org.springframework.security.web.context.SecurityContextHolderFilter@5fc88c91, org.springframework.security.web.header.HeaderWriterFilter@7f78cca6, org.springframework.web.filter.CorsFilter@736abb16, org.springframework.security.web.authentication.logout.LogoutFilter@3d947adf, com.example.mailbox.filter.JwtAuthenticationFilter@283a5c2b, org.springframework.security.web.savedrequest.RequestCacheAwareFilter@1ecf9602, org.springframework.security.web.servletapi.SecurityContextHolderAwareRequestFilter@1e4b197f, org.springframework.security.web.authentication.AnonymousAuthenticationFilter@38da693b, org.springframework.security.web.session.SessionManagementFilter@69e91f2b, org.springframework.security.web.access.ExceptionTranslationFilter@455805b3, org.springframework.security.web.access.intercept.AuthorizationFilter@6a41ed18]
2025-12-16 16:08:16.133 [main] DEBUG reactor.netty.tcp.TcpResources - [http] resources will use the default LoopResources: DefaultLoopResources {prefix=reactor-http, daemon=true, selectCount=20, workerCount=20}
2025-12-16 16:08:16.133 [main] DEBUG reactor.netty.tcp.TcpResources - [http] resources will use the default ConnectionProvider: reactor.netty.resources.DefaultPooledConnectionProvider@3e5b32ca
2025-12-16 16:08:16.145 [main] INFO  o.a.coyote.http11.Http11NioProtocol - Starting ProtocolHandler ["http-nio-8000"]
2025-12-16 16:08:16.154 [main] INFO  o.s.b.w.e.tomcat.TomcatWebServer - Tomcat started on port 8000 (http) with context path ''
2025-12-16 16:08:16.162 [main] INFO  c.example.mailbox.MailboxApplication - Started MailboxApplication in 4.99 seconds (process running for 5.321)
2025-12-16 16:08:16.166 [scheduling-1] DEBUG i.m.c.u.i.l.InternalLoggerFactory - Using SLF4J as the default logging framework
2025-12-16 16:08:16.246 [scheduling-1] INFO  c.e.m.s.Impl.EmailQueueServiceImpl - 处理邮件队列，待处理项: 0
2025-12-16 16:08:16.264 [task-1] INFO  c.e.m.s.Impl.EmailSyncServiceImpl - 开始批量同步，共有 0 个用户
2025-12-16 16:08:16.265 [task-1] INFO  c.e.m.s.Impl.EmailSyncServiceImpl - 批量同步完成，共处理 0 个用户
2025-12-16 16:08:20.780 [http-nio-8000-exec-1] INFO  o.a.c.c.C.[Tomcat].[localhost].[/] - Initializing Spring DispatcherServlet 'dispatcherServlet'
2025-12-16 16:08:20.780 [http-nio-8000-exec-1] INFO  o.s.web.servlet.DispatcherServlet - Initializing Servlet 'dispatcherServlet'
2025-12-16 16:08:20.781 [http-nio-8000-exec-1] INFO  o.s.web.servlet.DispatcherServlet - Completed initialization in 1 ms
2025-12-16 16:08:20.787 [http-nio-8000-exec-1] DEBUG o.s.security.web.FilterChainProxy - Securing GET /v3/api-docs
2025-12-16 16:08:20.795 [http-nio-8000-exec-1] DEBUG o.s.s.w.a.AnonymousAuthenticationFilter - Set SecurityContextHolder to anonymous SecurityContext
2025-12-16 16:08:20.796 [http-nio-8000-exec-1] DEBUG o.s.s.w.s.SessionManagementFilter - Request requested invalid session id C4C520B32C3447845539099B35FA538A
2025-12-16 16:08:20.796 [http-nio-8000-exec-1] WARN  o.s.w.s.h.HandlerMappingIntrospector - Cache miss for REQUEST dispatch to '/v3/api-docs' (previous null). Performing MatchableHandlerMapping lookup. This is logged once only at WARN level, and every time at TRACE.
2025-12-16 16:08:20.814 [http-nio-8000-exec-1] DEBUG o.s.security.web.FilterChainProxy - Secured GET /v3/api-docs
2025-12-16 16:08:20.902 [http-nio-8000-exec-1] DEBUG i.s.v.c.c.ModelConverterContextImpl - resolve class com.example.mailbox.entity.Account
2025-12-16 16:08:20.919 [http-nio-8000-exec-1] DEBUG i.s.v.c.c.ModelConverterContextImpl - resolve [simple type, class java.lang.Long]
2025-12-16 16:08:20.981 [http-nio-8000-exec-1] DEBUG i.s.v.c.c.ModelConverterContextImpl - resolve [simple type, class java.lang.String]
2025-12-16 16:08:20.985 [http-nio-8000-exec-1] DEBUG i.s.v.c.c.ModelConverterContextImpl - resolve [simple type, class java.lang.String]
2025-12-16 16:08:20.986 [http-nio-8000-exec-1] DEBUG i.s.v.c.c.ModelConverterContextImpl - resolve [simple type, class java.lang.String]
2025-12-16 16:08:20.986 [http-nio-8000-exec-1] DEBUG i.s.v.c.c.ModelConverterContextImpl - resolve [simple type, class java.lang.Boolean]
2025-12-16 16:08:20.991 [http-nio-8000-exec-1] DEBUG i.s.v.c.c.ModelConverterContextImpl - resolve [simple type, class java.lang.Boolean]
2025-12-16 16:08:20.992 [http-nio-8000-exec-1] DEBUG i.s.v.c.c.ModelConverterContextImpl - resolve [simple type, class java.lang.Double]
2025-12-16 16:08:20.997 [http-nio-8000-exec-1] DEBUG i.s.v.c.c.ModelConverterContextImpl - resolve [simple type, class java.lang.Double]
2025-12-16 16:08:20.998 [http-nio-8000-exec-1] DEBUG i.s.v.c.c.ModelConverterContextImpl - resolve [simple type, class java.time.LocalDateTime]
2025-12-16 16:08:21.002 [http-nio-8000-exec-1] DEBUG i.s.v.c.c.ModelConverterContextImpl - resolve [simple type, class java.time.LocalDateTime]
2025-12-16 16:08:21.002 [http-nio-8000-exec-1] DEBUG i.s.v.c.c.ModelConverterContextImpl - resolve [collection type; class java.util.Collection, contains [simple type, class org.springframework.security.core.GrantedAuthority]]
2025-12-16 16:08:21.003 [http-nio-8000-exec-1] DEBUG i.s.v.c.c.ModelConverterContextImpl - resolve [simple type, class org.springframework.security.core.GrantedAuthority]
2025-12-16 16:08:21.003 [http-nio-8000-exec-1] DEBUG i.s.v.c.c.ModelConverterContextImpl - resolve [simple type, class java.lang.String]
2025-12-16 16:08:21.012 [http-nio-8000-exec-1] DEBUG i.s.v.c.c.ModelConverterContextImpl - resolve [simple type, class boolean]
2025-12-16 16:08:21.016 [http-nio-8000-exec-1] DEBUG i.s.v.c.c.ModelConverterContextImpl - resolve org.springframework.http.ResponseEntity<com.example.mailbox.vo.ApiResponse<com.example.mailbox.entity.Account>>
2025-12-16 16:08:21.017 [http-nio-8000-exec-1] DEBUG i.s.v.c.c.ModelConverterContextImpl - resolve [simple type, class com.example.mailbox.vo.ApiResponse<com.example.mailbox.entity.Account>]
2025-12-16 16:08:21.018 [http-nio-8000-exec-1] DEBUG i.s.v.c.c.ModelConverterContextImpl - resolve [simple type, class java.lang.Boolean]
2025-12-16 16:08:21.018 [http-nio-8000-exec-1] DEBUG i.s.v.c.c.ModelConverterContextImpl - resolve [simple type, class com.example.mailbox.entity.Account]
2025-12-16 16:08:21.019 [http-nio-8000-exec-1] DEBUG i.s.v.c.c.ModelConverterContextImpl - resolve [simple type, class java.lang.Long]
2025-12-16 16:08:21.019 [http-nio-8000-exec-1] DEBUG i.s.v.c.c.ModelConverterContextImpl - resolve [simple type, class java.lang.String]
2025-12-16 16:08:21.020 [http-nio-8000-exec-1] DEBUG i.s.v.c.c.ModelConverterContextImpl - resolve [simple type, class java.lang.String]
2025-12-16 16:08:21.021 [http-nio-8000-exec-1] DEBUG i.s.v.c.c.ModelConverterContextImpl - resolve [simple type, class java.lang.String]
2025-12-16 16:08:21.021 [http-nio-8000-exec-1] DEBUG i.s.v.c.c.ModelConverterContextImpl - resolve [simple type, class java.lang.Boolean]
2025-12-16 16:08:21.021 [http-nio-8000-exec-1] DEBUG i.s.v.c.c.ModelConverterContextImpl - resolve [simple type, class java.lang.Boolean]
2025-12-16 16:08:21.022 [http-nio-8000-exec-1] DEBUG i.s.v.c.c.ModelConverterContextImpl - resolve [simple type, class java.lang.Double]
2025-12-16 16:08:21.023 [http-nio-8000-exec-1] DEBUG i.s.v.c.c.ModelConverterContextImpl - resolve [simple type, class java.lang.Double]
2025-12-16 16:08:21.023 [http-nio-8000-exec-1] DEBUG i.s.v.c.c.ModelConverterContextImpl - resolve [simple type, class java.time.LocalDateTime]
2025-12-16 16:08:21.023 [http-nio-8000-exec-1] DEBUG i.s.v.c.c.ModelConverterContextImpl - resolve [simple type, class java.time.LocalDateTime]
2025-12-16 16:08:21.024 [http-nio-8000-exec-1] DEBUG i.s.v.c.c.ModelConverterContextImpl - resolve [collection type; class java.util.Collection, contains [simple type, class org.springframework.security.core.GrantedAuthority]]
2025-12-16 16:08:21.024 [http-nio-8000-exec-1] DEBUG i.s.v.c.c.ModelConverterContextImpl - resolve [simple type, class org.springframework.security.core.GrantedAuthority]
2025-12-16 16:08:21.024 [http-nio-8000-exec-1] DEBUG i.s.v.c.c.ModelConverterContextImpl - resolve [simple type, class java.lang.String]
2025-12-16 16:08:21.025 [http-nio-8000-exec-1] DEBUG i.s.v.c.c.ModelConverterContextImpl - resolve [simple type, class boolean]
2025-12-16 16:08:21.027 [http-nio-8000-exec-1] DEBUG i.s.v.c.c.ModelConverterContextImpl - resolve [collection type; class java.util.List, contains [simple type, class java.lang.String]]
2025-12-16 16:08:21.030 [http-nio-8000-exec-1] DEBUG i.s.v.c.c.ModelConverterContextImpl - resolve class com.example.mailbox.controller.UserController$PasswordChangeRequest
2025-12-16 16:08:21.031 [http-nio-8000-exec-1] DEBUG i.s.v.c.c.ModelConverterContextImpl - resolve [simple type, class java.lang.String]
2025-12-16 16:08:21.033 [http-nio-8000-exec-1] DEBUG i.s.v.c.c.ModelConverterContextImpl - resolve org.springframework.http.ResponseEntity<com.example.mailbox.vo.ApiResponse<java.lang.String>>
2025-12-16 16:08:21.033 [http-nio-8000-exec-1] DEBUG i.s.v.c.c.ModelConverterContextImpl - resolve [simple type, class com.example.mailbox.vo.ApiResponse<java.lang.String>]
2025-12-16 16:08:21.033 [http-nio-8000-exec-1] DEBUG i.s.v.c.c.ModelConverterContextImpl - resolve [simple type, class java.lang.Boolean]
2025-12-16 16:08:21.033 [http-nio-8000-exec-1] DEBUG i.s.v.c.c.ModelConverterContextImpl - resolve [simple type, class java.lang.String]
2025-12-16 16:08:21.034 [http-nio-8000-exec-1] DEBUG i.s.v.c.c.ModelConverterContextImpl - resolve [collection type; class java.util.List, contains [simple type, class java.lang.String]]
2025-12-16 16:08:21.035 [http-nio-8000-exec-1] DEBUG i.s.v.c.c.ModelConverterContextImpl - resolve class com.example.mailbox.entity.Group
2025-12-16 16:08:21.035 [http-nio-8000-exec-1] DEBUG i.s.v.c.c.ModelConverterContextImpl - resolve [simple type, class java.lang.Long]
2025-12-16 16:08:21.036 [http-nio-8000-exec-1] DEBUG i.s.v.c.c.ModelConverterContextImpl - resolve [simple type, class java.lang.String]
2025-12-16 16:08:21.036 [http-nio-8000-exec-1] DEBUG i.s.v.c.c.ModelConverterContextImpl - resolve [simple type, class java.lang.String]
2025-12-16 16:08:21.036 [http-nio-8000-exec-1] DEBUG i.s.v.c.c.ModelConverterContextImpl - resolve [simple type, class java.lang.Integer]
2025-12-16 16:08:21.036 [http-nio-8000-exec-1] DEBUG i.s.v.c.c.ModelConverterContextImpl - resolve [simple type, class java.lang.Long]
2025-12-16 16:08:21.037 [http-nio-8000-exec-1] DEBUG i.s.v.c.c.ModelConverterContextImpl - resolve [simple type, class java.time.LocalDateTime]
2025-12-16 16:08:21.037 [http-nio-8000-exec-1] DEBUG i.s.v.c.c.ModelConverterContextImpl - resolve [simple type, class java.time.LocalDateTime]
2025-12-16 16:08:21.038 [http-nio-8000-exec-1] DEBUG i.s.v.c.c.ModelConverterContextImpl - resolve org.springframework.http.ResponseEntity<com.example.mailbox.vo.ApiResponse<com.example.mailbox.entity.Group>>
2025-12-16 16:08:21.038 [http-nio-8000-exec-1] DEBUG i.s.v.c.c.ModelConverterContextImpl - resolve [simple type, class com.example.mailbox.vo.ApiResponse<com.example.mailbox.entity.Group>]
2025-12-16 16:08:21.038 [http-nio-8000-exec-1] DEBUG i.s.v.c.c.ModelConverterContextImpl - resolve [simple type, class java.lang.Boolean]
2025-12-16 16:08:21.039 [http-nio-8000-exec-1] DEBUG i.s.v.c.c.ModelConverterContextImpl - resolve [simple type, class com.example.mailbox.entity.Group]
2025-12-16 16:08:21.039 [http-nio-8000-exec-1] DEBUG i.s.v.c.c.ModelConverterContextImpl - resolve [simple type, class java.lang.Long]
2025-12-16 16:08:21.040 [http-nio-8000-exec-1] DEBUG i.s.v.c.c.ModelConverterContextImpl - resolve [simple type, class java.lang.String]
2025-12-16 16:08:21.040 [http-nio-8000-exec-1] DEBUG i.s.v.c.c.ModelConverterContextImpl - resolve [simple type, class java.lang.String]
2025-12-16 16:08:21.040 [http-nio-8000-exec-1] DEBUG i.s.v.c.c.ModelConverterContextImpl - resolve [simple type, class java.lang.Integer]
2025-12-16 16:08:21.041 [http-nio-8000-exec-1] DEBUG i.s.v.c.c.ModelConverterContextImpl - resolve [simple type, class java.lang.Long]
2025-12-16 16:08:21.041 [http-nio-8000-exec-1] DEBUG i.s.v.c.c.ModelConverterContextImpl - resolve [simple type, class java.time.LocalDateTime]
2025-12-16 16:08:21.041 [http-nio-8000-exec-1] DEBUG i.s.v.c.c.ModelConverterContextImpl - resolve [simple type, class java.time.LocalDateTime]
2025-12-16 16:08:21.042 [http-nio-8000-exec-1] DEBUG i.s.v.c.c.ModelConverterContextImpl - resolve [collection type; class java.util.List, contains [simple type, class java.lang.String]]
2025-12-16 16:08:21.044 [http-nio-8000-exec-1] DEBUG i.s.v.c.c.ModelConverterContextImpl - resolve class java.lang.Long
2025-12-16 16:08:21.044 [http-nio-8000-exec-1] DEBUG i.s.v.c.c.ModelConverterContextImpl - resolve class java.lang.Boolean
2025-12-16 16:08:21.045 [http-nio-8000-exec-1] DEBUG i.s.v.c.c.ModelConverterContextImpl - resolve org.springframework.http.ResponseEntity<com.example.mailbox.vo.ApiResponse<java.lang.String>>
2025-12-16 16:08:21.045 [http-nio-8000-exec-1] DEBUG i.s.v.c.c.ModelConverterContextImpl - resolve [simple type, class com.example.mailbox.vo.ApiResponse<java.lang.String>]
2025-12-16 16:08:21.046 [http-nio-8000-exec-1] DEBUG i.s.v.c.c.ModelConverterContextImpl - resolve [simple type, class java.lang.Boolean]
2025-12-16 16:08:21.046 [http-nio-8000-exec-1] DEBUG i.s.v.c.c.ModelConverterContextImpl - resolve [simple type, class java.lang.String]
2025-12-16 16:08:21.047 [http-nio-8000-exec-1] DEBUG i.s.v.c.c.ModelConverterContextImpl - resolve [collection type; class java.util.List, contains [simple type, class java.lang.String]]
2025-12-16 16:08:21.049 [http-nio-8000-exec-1] DEBUG i.s.v.c.c.ModelConverterContextImpl - resolve class java.lang.Long
2025-12-16 16:08:21.050 [http-nio-8000-exec-1] DEBUG i.s.v.c.c.ModelConverterContextImpl - resolve org.springframework.http.ResponseEntity<com.example.mailbox.vo.ApiResponse<java.lang.String>>
2025-12-16 16:08:21.050 [http-nio-8000-exec-1] DEBUG i.s.v.c.c.ModelConverterContextImpl - resolve [simple type, class com.example.mailbox.vo.ApiResponse<java.lang.String>]
2025-12-16 16:08:21.050 [http-nio-8000-exec-1] DEBUG i.s.v.c.c.ModelConverterContextImpl - resolve [simple type, class java.lang.Boolean]
2025-12-16 16:08:21.050 [http-nio-8000-exec-1] DEBUG i.s.v.c.c.ModelConverterContextImpl - resolve [simple type, class java.lang.String]
2025-12-16 16:08:21.051 [http-nio-8000-exec-1] DEBUG i.s.v.c.c.ModelConverterContextImpl - resolve [collection type; class java.util.List, contains [simple type, class java.lang.String]]
2025-12-16 16:08:21.052 [http-nio-8000-exec-1] DEBUG i.s.v.c.c.ModelConverterContextImpl - resolve org.springframework.http.ResponseEntity<com.example.mailbox.vo.ApiResponse<java.lang.String>>
2025-12-16 16:08:21.052 [http-nio-8000-exec-1] DEBUG i.s.v.c.c.ModelConverterContextImpl - resolve [simple type, class com.example.mailbox.vo.ApiResponse<java.lang.String>]
2025-12-16 16:08:21.052 [http-nio-8000-exec-1] DEBUG i.s.v.c.c.ModelConverterContextImpl - resolve [simple type, class java.lang.Boolean]
2025-12-16 16:08:21.053 [http-nio-8000-exec-1] DEBUG i.s.v.c.c.ModelConverterContextImpl - resolve [simple type, class java.lang.String]
2025-12-16 16:08:21.053 [http-nio-8000-exec-1] DEBUG i.s.v.c.c.ModelConverterContextImpl - resolve [collection type; class java.util.List, contains [simple type, class java.lang.String]]
2025-12-16 16:08:21.054 [http-nio-8000-exec-1] DEBUG i.s.v.c.c.ModelConverterContextImpl - resolve class com.example.mailbox.entity.Group
2025-12-16 16:08:21.055 [http-nio-8000-exec-1] DEBUG i.s.v.c.c.ModelConverterContextImpl - resolve [simple type, class java.lang.Long]
2025-12-16 16:08:21.056 [http-nio-8000-exec-1] DEBUG i.s.v.c.c.ModelConverterContextImpl - resolve [simple type, class java.lang.String]
2025-12-16 16:08:21.057 [http-nio-8000-exec-1] DEBUG i.s.v.c.c.ModelConverterContextImpl - resolve [simple type, class java.lang.String]
2025-12-16 16:08:21.057 [http-nio-8000-exec-1] DEBUG i.s.v.c.c.ModelConverterContextImpl - resolve [simple type, class java.lang.Integer]
2025-12-16 16:08:21.057 [http-nio-8000-exec-1] DEBUG i.s.v.c.c.ModelConverterContextImpl - resolve [simple type, class java.lang.Long]
2025-12-16 16:08:21.058 [http-nio-8000-exec-1] DEBUG i.s.v.c.c.ModelConverterContextImpl - resolve [simple type, class java.time.LocalDateTime]
2025-12-16 16:08:21.058 [http-nio-8000-exec-1] DEBUG i.s.v.c.c.ModelConverterContextImpl - resolve [simple type, class java.time.LocalDateTime]
2025-12-16 16:08:21.059 [http-nio-8000-exec-1] DEBUG i.s.v.c.c.ModelConverterContextImpl - resolve org.springframework.http.ResponseEntity<com.example.mailbox.vo.ApiResponse<com.example.mailbox.entity.Group>>
2025-12-16 16:08:21.059 [http-nio-8000-exec-1] DEBUG i.s.v.c.c.ModelConverterContextImpl - resolve [simple type, class com.example.mailbox.vo.ApiResponse<com.example.mailbox.entity.Group>]
2025-12-16 16:08:21.060 [http-nio-8000-exec-1] DEBUG i.s.v.c.c.ModelConverterContextImpl - resolve [simple type, class java.lang.Boolean]
2025-12-16 16:08:21.060 [http-nio-8000-exec-1] DEBUG i.s.v.c.c.ModelConverterContextImpl - resolve [simple type, class com.example.mailbox.entity.Group]
2025-12-16 16:08:21.060 [http-nio-8000-exec-1] DEBUG i.s.v.c.c.ModelConverterContextImpl - resolve [simple type, class java.lang.Long]
2025-12-16 16:08:21.061 [http-nio-8000-exec-1] DEBUG i.s.v.c.c.ModelConverterContextImpl - resolve [simple type, class java.lang.String]
2025-12-16 16:08:21.061 [http-nio-8000-exec-1] DEBUG i.s.v.c.c.ModelConverterContextImpl - resolve [simple type, class java.lang.String]
2025-12-16 16:08:21.061 [http-nio-8000-exec-1] DEBUG i.s.v.c.c.ModelConverterContextImpl - resolve [simple type, class java.lang.Integer]
2025-12-16 16:08:21.061 [http-nio-8000-exec-1] DEBUG i.s.v.c.c.ModelConverterContextImpl - resolve [simple type, class java.lang.Long]
2025-12-16 16:08:21.062 [http-nio-8000-exec-1] DEBUG i.s.v.c.c.ModelConverterContextImpl - resolve [simple type, class java.time.LocalDateTime]
2025-12-16 16:08:21.062 [http-nio-8000-exec-1] DEBUG i.s.v.c.c.ModelConverterContextImpl - resolve [simple type, class java.time.LocalDateTime]
2025-12-16 16:08:21.063 [http-nio-8000-exec-1] DEBUG i.s.v.c.c.ModelConverterContextImpl - resolve [collection type; class java.util.List, contains [simple type, class java.lang.String]]
2025-12-16 16:08:21.064 [http-nio-8000-exec-1] DEBUG i.s.v.c.c.ModelConverterContextImpl - resolve class com.example.mailbox.controller.GroupController$GroupMemberRequest
2025-12-16 16:08:21.065 [http-nio-8000-exec-1] DEBUG i.s.v.c.c.ModelConverterContextImpl - resolve org.springframework.http.ResponseEntity<com.example.mailbox.vo.ApiResponse<java.lang.String>>
2025-12-16 16:08:21.065 [http-nio-8000-exec-1] DEBUG i.s.v.c.c.ModelConverterContextImpl - resolve [simple type, class com.example.mailbox.vo.ApiResponse<java.lang.String>]
2025-12-16 16:08:21.065 [http-nio-8000-exec-1] DEBUG i.s.v.c.c.ModelConverterContextImpl - resolve [simple type, class java.lang.Boolean]
2025-12-16 16:08:21.065 [http-nio-8000-exec-1] DEBUG i.s.v.c.c.ModelConverterContextImpl - resolve [simple type, class java.lang.String]
2025-12-16 16:08:21.066 [http-nio-8000-exec-1] DEBUG i.s.v.c.c.ModelConverterContextImpl - resolve [collection type; class java.util.List, contains [simple type, class java.lang.String]]
2025-12-16 16:08:21.067 [http-nio-8000-exec-1] DEBUG i.s.v.c.c.ModelConverterContextImpl - resolve class com.example.mailbox.dto.RegisterRequestDTO
2025-12-16 16:08:21.070 [http-nio-8000-exec-1] DEBUG i.s.v.c.c.ModelConverterContextImpl - resolve [simple type, class java.lang.String]
2025-12-16 16:08:21.073 [http-nio-8000-exec-1] DEBUG i.s.v.c.c.ModelConverterContextImpl - resolve [simple type, class java.lang.String]
2025-12-16 16:08:21.073 [http-nio-8000-exec-1] DEBUG i.s.v.c.c.ModelConverterContextImpl - resolve [simple type, class java.lang.String]
2025-12-16 16:08:21.074 [http-nio-8000-exec-1] DEBUG i.s.v.c.c.ModelConverterContextImpl - resolve org.springframework.http.ResponseEntity<java.lang.Object>
2025-12-16 16:08:21.074 [http-nio-8000-exec-1] DEBUG i.s.v.c.c.ModelConverterContextImpl - resolve [simple type, class java.lang.Object]
2025-12-16 16:08:21.074 [http-nio-8000-exec-1] DEBUG i.s.v.c.c.ModelConverterContextImpl - resolve class java.lang.String
2025-12-16 16:08:21.075 [http-nio-8000-exec-1] DEBUG i.s.v.c.c.ModelConverterContextImpl - resolve org.springframework.http.ResponseEntity<java.lang.Object>
2025-12-16 16:08:21.075 [http-nio-8000-exec-1] DEBUG i.s.v.c.c.ModelConverterContextImpl - resolve [simple type, class java.lang.Object]
2025-12-16 16:08:21.076 [http-nio-8000-exec-1] DEBUG i.s.v.c.c.ModelConverterContextImpl - resolve class com.example.mailbox.dto.LoginRequestDTO
2025-12-16 16:08:21.076 [http-nio-8000-exec-1] DEBUG i.s.v.c.c.ModelConverterContextImpl - resolve [simple type, class java.lang.String]
2025-12-16 16:08:21.076 [http-nio-8000-exec-1] DEBUG i.s.v.c.c.ModelConverterContextImpl - resolve [simple type, class java.lang.String]
2025-12-16 16:08:21.077 [http-nio-8000-exec-1] DEBUG i.s.v.c.c.ModelConverterContextImpl - resolve org.springframework.http.ResponseEntity<java.lang.Object>
2025-12-16 16:08:21.077 [http-nio-8000-exec-1] DEBUG i.s.v.c.c.ModelConverterContextImpl - resolve [simple type, class java.lang.Object]
2025-12-16 16:08:21.078 [http-nio-8000-exec-1] DEBUG i.s.v.c.c.ModelConverterContextImpl - resolve org.springframework.http.ResponseEntity<com.example.mailbox.vo.ApiResponse<java.lang.String>>
2025-12-16 16:08:21.078 [http-nio-8000-exec-1] DEBUG i.s.v.c.c.ModelConverterContextImpl - resolve [simple type, class com.example.mailbox.vo.ApiResponse<java.lang.String>]
2025-12-16 16:08:21.078 [http-nio-8000-exec-1] DEBUG i.s.v.c.c.ModelConverterContextImpl - resolve [simple type, class java.lang.Boolean]
2025-12-16 16:08:21.079 [http-nio-8000-exec-1] DEBUG i.s.v.c.c.ModelConverterContextImpl - resolve [simple type, class java.lang.String]
2025-12-16 16:08:21.079 [http-nio-8000-exec-1] DEBUG i.s.v.c.c.ModelConverterContextImpl - resolve [collection type; class java.util.List, contains [simple type, class java.lang.String]]
2025-12-16 16:08:21.080 [http-nio-8000-exec-1] DEBUG i.s.v.c.c.ModelConverterContextImpl - resolve org.springframework.http.ResponseEntity<com.example.mailbox.vo.ApiResponse<java.lang.String>>
2025-12-16 16:08:21.080 [http-nio-8000-exec-1] DEBUG i.s.v.c.c.ModelConverterContextImpl - resolve [simple type, class com.example.mailbox.vo.ApiResponse<java.lang.String>]
2025-12-16 16:08:21.080 [http-nio-8000-exec-1] DEBUG i.s.v.c.c.ModelConverterContextImpl - resolve [simple type, class java.lang.Boolean]
2025-12-16 16:08:21.081 [http-nio-8000-exec-1] DEBUG i.s.v.c.c.ModelConverterContextImpl - resolve [simple type, class java.lang.String]
2025-12-16 16:08:21.081 [http-nio-8000-exec-1] DEBUG i.s.v.c.c.ModelConverterContextImpl - resolve [collection type; class java.util.List, contains [simple type, class java.lang.String]]
2025-12-16 16:08:21.082 [http-nio-8000-exec-1] DEBUG i.s.v.c.c.ModelConverterContextImpl - resolve org.springframework.http.ResponseEntity<com.example.mailbox.vo.ApiResponse<java.lang.String>>
2025-12-16 16:08:21.082 [http-nio-8000-exec-1] DEBUG i.s.v.c.c.ModelConverterContextImpl - resolve [simple type, class com.example.mailbox.vo.ApiResponse<java.lang.String>]
2025-12-16 16:08:21.082 [http-nio-8000-exec-1] DEBUG i.s.v.c.c.ModelConverterContextImpl - resolve [simple type, class java.lang.Boolean]
2025-12-16 16:08:21.082 [http-nio-8000-exec-1] DEBUG i.s.v.c.c.ModelConverterContextImpl - resolve [simple type, class java.lang.String]
2025-12-16 16:08:21.083 [http-nio-8000-exec-1] DEBUG i.s.v.c.c.ModelConverterContextImpl - resolve [collection type; class java.util.List, contains [simple type, class java.lang.String]]
2025-12-16 16:08:21.083 [http-nio-8000-exec-1] DEBUG i.s.v.c.c.ModelConverterContextImpl - resolve org.springframework.http.ResponseEntity<com.example.mailbox.vo.ApiResponse<java.lang.String>>
2025-12-16 16:08:21.083 [http-nio-8000-exec-1] DEBUG i.s.v.c.c.ModelConverterContextImpl - resolve [simple type, class com.example.mailbox.vo.ApiResponse<java.lang.String>]
2025-12-16 16:08:21.083 [http-nio-8000-exec-1] DEBUG i.s.v.c.c.ModelConverterContextImpl - resolve [simple type, class java.lang.Boolean]
2025-12-16 16:08:21.085 [http-nio-8000-exec-1] DEBUG i.s.v.c.c.ModelConverterContextImpl - resolve [simple type, class java.lang.String]
2025-12-16 16:08:21.085 [http-nio-8000-exec-1] DEBUG i.s.v.c.c.ModelConverterContextImpl - resolve [collection type; class java.util.List, contains [simple type, class java.lang.String]]
2025-12-16 16:08:21.087 [http-nio-8000-exec-1] DEBUG i.s.v.c.c.ModelConverterContextImpl - resolve class com.example.mailbox.controller.AdminController$BlacklistRequest
2025-12-16 16:08:21.087 [http-nio-8000-exec-1] DEBUG i.s.v.c.c.ModelConverterContextImpl - resolve [simple type, class com.example.mailbox.entity.Blacklist$Type]
2025-12-16 16:08:21.089 [http-nio-8000-exec-1] DEBUG i.s.v.c.c.ModelConverterContextImpl - resolve [simple type, class java.lang.String]
2025-12-16 16:08:21.090 [http-nio-8000-exec-1] DEBUG i.s.v.c.c.ModelConverterContextImpl - resolve org.springframework.http.ResponseEntity<com.example.mailbox.vo.ApiResponse<com.example.mailbox.entity.Blacklist>>
2025-12-16 16:08:21.090 [http-nio-8000-exec-1] DEBUG i.s.v.c.c.ModelConverterContextImpl - resolve [simple type, class com.example.mailbox.vo.ApiResponse<com.example.mailbox.entity.Blacklist>]
2025-12-16 16:08:21.090 [http-nio-8000-exec-1] DEBUG i.s.v.c.c.ModelConverterContextImpl - resolve [simple type, class java.lang.Boolean]
2025-12-16 16:08:21.093 [http-nio-8000-exec-1] DEBUG i.s.v.c.c.ModelConverterContextImpl - resolve [simple type, class com.example.mailbox.entity.Blacklist]
2025-12-16 16:08:21.094 [http-nio-8000-exec-1] DEBUG i.s.v.c.c.ModelConverterContextImpl - resolve [simple type, class java.lang.Long]
2025-12-16 16:08:21.094 [http-nio-8000-exec-1] DEBUG i.s.v.c.c.ModelConverterContextImpl - resolve [simple type, class com.example.mailbox.entity.Blacklist$Type]
2025-12-16 16:08:21.094 [http-nio-8000-exec-1] DEBUG i.s.v.c.c.ModelConverterContextImpl - resolve [simple type, class java.lang.String]
2025-12-16 16:08:21.095 [http-nio-8000-exec-1] DEBUG i.s.v.c.c.ModelConverterContextImpl - resolve [simple type, class java.time.LocalDateTime]
2025-12-16 16:08:21.095 [http-nio-8000-exec-1] DEBUG i.s.v.c.c.ModelConverterContextImpl - resolve [simple type, class java.lang.String]
2025-12-16 16:08:21.095 [http-nio-8000-exec-1] DEBUG i.s.v.c.c.ModelConverterContextImpl - resolve [collection type; class java.util.List, contains [simple type, class java.lang.String]]
2025-12-16 16:08:21.097 [http-nio-8000-exec-1] DEBUG i.s.v.c.c.ModelConverterContextImpl - resolve org.springframework.http.ResponseEntity<com.example.mailbox.vo.ApiResponse<com.example.mailbox.entity.Account>>
2025-12-16 16:08:21.097 [http-nio-8000-exec-1] DEBUG i.s.v.c.c.ModelConverterContextImpl - resolve [simple type, class com.example.mailbox.vo.ApiResponse<com.example.mailbox.entity.Account>]
2025-12-16 16:08:21.097 [http-nio-8000-exec-1] DEBUG i.s.v.c.c.ModelConverterContextImpl - resolve [simple type, class java.lang.Boolean]
2025-12-16 16:08:21.097 [http-nio-8000-exec-1] DEBUG i.s.v.c.c.ModelConverterContextImpl - resolve [simple type, class com.example.mailbox.entity.Account]
2025-12-16 16:08:21.098 [http-nio-8000-exec-1] DEBUG i.s.v.c.c.ModelConverterContextImpl - resolve [simple type, class java.lang.Long]
2025-12-16 16:08:21.098 [http-nio-8000-exec-1] DEBUG i.s.v.c.c.ModelConverterContextImpl - resolve [simple type, class java.lang.String]
2025-12-16 16:08:21.099 [http-nio-8000-exec-1] DEBUG i.s.v.c.c.ModelConverterContextImpl - resolve [simple type, class java.lang.String]
2025-12-16 16:08:21.099 [http-nio-8000-exec-1] DEBUG i.s.v.c.c.ModelConverterContextImpl - resolve [simple type, class java.lang.String]
2025-12-16 16:08:21.099 [http-nio-8000-exec-1] DEBUG i.s.v.c.c.ModelConverterContextImpl - resolve [simple type, class java.lang.Boolean]
2025-12-16 16:08:21.100 [http-nio-8000-exec-1] DEBUG i.s.v.c.c.ModelConverterContextImpl - resolve [simple type, class java.lang.Boolean]
2025-12-16 16:08:21.100 [http-nio-8000-exec-1] DEBUG i.s.v.c.c.ModelConverterContextImpl - resolve [simple type, class java.lang.Double]
2025-12-16 16:08:21.100 [http-nio-8000-exec-1] DEBUG i.s.v.c.c.ModelConverterContextImpl - resolve [simple type, class java.lang.Double]
2025-12-16 16:08:21.100 [http-nio-8000-exec-1] DEBUG i.s.v.c.c.ModelConverterContextImpl - resolve [simple type, class java.time.LocalDateTime]
2025-12-16 16:08:21.101 [http-nio-8000-exec-1] DEBUG i.s.v.c.c.ModelConverterContextImpl - resolve [simple type, class java.time.LocalDateTime]
2025-12-16 16:08:21.101 [http-nio-8000-exec-1] DEBUG i.s.v.c.c.ModelConverterContextImpl - resolve [collection type; class java.util.Collection, contains [simple type, class org.springframework.security.core.GrantedAuthority]]
2025-12-16 16:08:21.101 [http-nio-8000-exec-1] DEBUG i.s.v.c.c.ModelConverterContextImpl - resolve [simple type, class org.springframework.security.core.GrantedAuthority]
2025-12-16 16:08:21.101 [http-nio-8000-exec-1] DEBUG i.s.v.c.c.ModelConverterContextImpl - resolve [simple type, class java.lang.String]
2025-12-16 16:08:21.102 [http-nio-8000-exec-1] DEBUG i.s.v.c.c.ModelConverterContextImpl - resolve [simple type, class boolean]
2025-12-16 16:08:21.102 [http-nio-8000-exec-1] DEBUG i.s.v.c.c.ModelConverterContextImpl - resolve [collection type; class java.util.List, contains [simple type, class java.lang.String]]
2025-12-16 16:08:21.104 [http-nio-8000-exec-1] DEBUG i.s.v.c.c.ModelConverterContextImpl - resolve org.springframework.http.ResponseEntity<com.example.mailbox.vo.ApiResponse<java.util.List<com.example.mailbox.entity.EmailQueue>>>
2025-12-16 16:08:21.104 [http-nio-8000-exec-1] DEBUG i.s.v.c.c.ModelConverterContextImpl - resolve [simple type, class com.example.mailbox.vo.ApiResponse<java.util.List<com.example.mailbox.entity.EmailQueue>>]
2025-12-16 16:08:21.104 [http-nio-8000-exec-1] DEBUG i.s.v.c.c.ModelConverterContextImpl - resolve [simple type, class java.lang.Boolean]
2025-12-16 16:08:21.105 [http-nio-8000-exec-1] DEBUG i.s.v.c.c.ModelConverterContextImpl - resolve [collection type; class java.util.List, contains [simple type, class com.example.mailbox.entity.EmailQueue]]
2025-12-16 16:08:21.105 [http-nio-8000-exec-1] DEBUG i.s.v.c.c.ModelConverterContextImpl - resolve [simple type, class com.example.mailbox.entity.EmailQueue]
2025-12-16 16:08:21.105 [http-nio-8000-exec-1] DEBUG i.s.v.c.c.ModelConverterContextImpl - resolve [simple type, class java.lang.Long]
2025-12-16 16:08:21.105 [http-nio-8000-exec-1] DEBUG i.s.v.c.c.ModelConverterContextImpl - resolve [simple type, class java.lang.Long]
2025-12-16 16:08:21.106 [http-nio-8000-exec-1] DEBUG i.s.v.c.c.ModelConverterContextImpl - resolve [simple type, class java.lang.String]
2025-12-16 16:08:21.106 [http-nio-8000-exec-1] DEBUG i.s.v.c.c.ModelConverterContextImpl - resolve [simple type, class int]
2025-12-16 16:08:21.106 [http-nio-8000-exec-1] DEBUG i.s.v.c.c.ModelConverterContextImpl - resolve [simple type, class com.example.mailbox.entity.EmailQueue$Status]
2025-12-16 16:08:21.106 [http-nio-8000-exec-1] DEBUG i.s.v.c.c.ModelConverterContextImpl - resolve [simple type, class java.time.LocalDateTime]
2025-12-16 16:08:21.107 [http-nio-8000-exec-1] DEBUG i.s.v.c.c.ModelConverterContextImpl - resolve [simple type, class java.time.LocalDateTime]
2025-12-16 16:08:21.107 [http-nio-8000-exec-1] DEBUG i.s.v.c.c.ModelConverterContextImpl - resolve [simple type, class java.time.LocalDateTime]
2025-12-16 16:08:21.108 [http-nio-8000-exec-1] DEBUG i.s.v.c.c.ModelConverterContextImpl - resolve [simple type, class java.lang.String]
2025-12-16 16:08:21.108 [http-nio-8000-exec-1] DEBUG i.s.v.c.c.ModelConverterContextImpl - resolve [collection type; class java.util.List, contains [simple type, class java.lang.String]]
2025-12-16 16:08:21.108 [http-nio-8000-exec-1] DEBUG i.s.v.c.c.ModelConverterContextImpl - resolve class java.lang.Long
2025-12-16 16:08:21.109 [http-nio-8000-exec-1] DEBUG i.s.v.c.c.ModelConverterContextImpl - resolve org.springframework.http.ResponseEntity<com.example.mailbox.vo.ApiResponse<com.example.mailbox.entity.Group>>
2025-12-16 16:08:21.109 [http-nio-8000-exec-1] DEBUG i.s.v.c.c.ModelConverterContextImpl - resolve [simple type, class com.example.mailbox.vo.ApiResponse<com.example.mailbox.entity.Group>]
2025-12-16 16:08:21.109 [http-nio-8000-exec-1] DEBUG i.s.v.c.c.ModelConverterContextImpl - resolve [simple type, class java.lang.Boolean]
2025-12-16 16:08:21.109 [http-nio-8000-exec-1] DEBUG i.s.v.c.c.ModelConverterContextImpl - resolve [simple type, class com.example.mailbox.entity.Group]
2025-12-16 16:08:21.110 [http-nio-8000-exec-1] DEBUG i.s.v.c.c.ModelConverterContextImpl - resolve [simple type, class java.lang.Long]
2025-12-16 16:08:21.110 [http-nio-8000-exec-1] DEBUG i.s.v.c.c.ModelConverterContextImpl - resolve [simple type, class java.lang.String]
2025-12-16 16:08:21.110 [http-nio-8000-exec-1] DEBUG i.s.v.c.c.ModelConverterContextImpl - resolve [simple type, class java.lang.String]
2025-12-16 16:08:21.110 [http-nio-8000-exec-1] DEBUG i.s.v.c.c.ModelConverterContextImpl - resolve [simple type, class java.lang.Integer]
2025-12-16 16:08:21.110 [http-nio-8000-exec-1] DEBUG i.s.v.c.c.ModelConverterContextImpl - resolve [simple type, class java.lang.Long]
2025-12-16 16:08:21.111 [http-nio-8000-exec-1] DEBUG i.s.v.c.c.ModelConverterContextImpl - resolve [simple type, class java.time.LocalDateTime]
2025-12-16 16:08:21.111 [http-nio-8000-exec-1] DEBUG i.s.v.c.c.ModelConverterContextImpl - resolve [simple type, class java.time.LocalDateTime]
2025-12-16 16:08:21.112 [http-nio-8000-exec-1] DEBUG i.s.v.c.c.ModelConverterContextImpl - resolve [collection type; class java.util.List, contains [simple type, class java.lang.String]]
2025-12-16 16:08:21.113 [http-nio-8000-exec-1] DEBUG i.s.v.c.c.ModelConverterContextImpl - resolve class java.lang.Long
2025-12-16 16:08:21.114 [http-nio-8000-exec-1] DEBUG i.s.v.c.c.ModelConverterContextImpl - resolve int
2025-12-16 16:08:21.114 [http-nio-8000-exec-1] DEBUG i.s.v.c.c.ModelConverterContextImpl - resolve int
2025-12-16 16:08:21.115 [http-nio-8000-exec-1] DEBUG i.s.v.c.c.ModelConverterContextImpl - resolve org.springframework.http.ResponseEntity<com.example.mailbox.vo.ApiResponse<com.example.mailbox.vo.Page<com.example.mailbox.entity.GroupMember>>>
2025-12-16 16:08:21.115 [http-nio-8000-exec-1] DEBUG i.s.v.c.c.ModelConverterContextImpl - resolve [simple type, class com.example.mailbox.vo.ApiResponse<com.example.mailbox.vo.Page<com.example.mailbox.entity.GroupMember>>]
2025-12-16 16:08:21.115 [http-nio-8000-exec-1] DEBUG i.s.v.c.c.ModelConverterContextImpl - resolve [simple type, class java.lang.Boolean]
2025-12-16 16:08:21.116 [http-nio-8000-exec-1] DEBUG i.s.v.c.c.ModelConverterContextImpl - resolve [simple type, class com.example.mailbox.vo.Page<com.example.mailbox.entity.GroupMember>]
2025-12-16 16:08:21.116 [http-nio-8000-exec-1] DEBUG i.s.v.c.c.ModelConverterContextImpl - resolve [collection type; class java.util.List, contains [simple type, class com.example.mailbox.entity.GroupMember]]
2025-12-16 16:08:21.116 [http-nio-8000-exec-1] DEBUG i.s.v.c.c.ModelConverterContextImpl - resolve [simple type, class com.example.mailbox.entity.GroupMember]
2025-12-16 16:08:21.117 [http-nio-8000-exec-1] DEBUG i.s.v.c.c.ModelConverterContextImpl - resolve [simple type, class java.lang.Long]
2025-12-16 16:08:21.117 [http-nio-8000-exec-1] DEBUG i.s.v.c.c.ModelConverterContextImpl - resolve [simple type, class java.lang.Long]
2025-12-16 16:08:21.118 [http-nio-8000-exec-1] DEBUG i.s.v.c.c.ModelConverterContextImpl - resolve [simple type, class java.lang.Long]
2025-12-16 16:08:21.118 [http-nio-8000-exec-1] DEBUG i.s.v.c.c.ModelConverterContextImpl - resolve [simple type, class java.time.LocalDateTime]
2025-12-16 16:08:21.119 [http-nio-8000-exec-1] DEBUG i.s.v.c.c.ModelConverterContextImpl - resolve [simple type, class java.lang.Long]
2025-12-16 16:08:21.119 [http-nio-8000-exec-1] DEBUG i.s.v.c.c.ModelConverterContextImpl - resolve [simple type, class java.lang.Integer]
2025-12-16 16:08:21.120 [http-nio-8000-exec-1] DEBUG i.s.v.c.c.ModelConverterContextImpl - resolve [simple type, class java.lang.String]
2025-12-16 16:08:21.120 [http-nio-8000-exec-1] DEBUG i.s.v.c.c.ModelConverterContextImpl - resolve [collection type; class java.util.List, contains [simple type, class java.lang.String]]
2025-12-16 16:08:21.121 [http-nio-8000-exec-1] DEBUG i.s.v.c.c.ModelConverterContextImpl - resolve class java.lang.Long
2025-12-16 16:08:21.121 [http-nio-8000-exec-1] DEBUG i.s.v.c.c.ModelConverterContextImpl - resolve class java.lang.Long
2025-12-16 16:08:21.122 [http-nio-8000-exec-1] DEBUG i.s.v.c.c.ModelConverterContextImpl - resolve org.springframework.http.ResponseEntity<com.example.mailbox.vo.ApiResponse<java.lang.Boolean>>
2025-12-16 16:08:21.122 [http-nio-8000-exec-1] DEBUG i.s.v.c.c.ModelConverterContextImpl - resolve [simple type, class com.example.mailbox.vo.ApiResponse<java.lang.Boolean>]
2025-12-16 16:08:21.122 [http-nio-8000-exec-1] DEBUG i.s.v.c.c.ModelConverterContextImpl - resolve [simple type, class java.lang.Boolean]
2025-12-16 16:08:21.122 [http-nio-8000-exec-1] DEBUG i.s.v.c.c.ModelConverterContextImpl - resolve [simple type, class java.lang.String]
2025-12-16 16:08:21.122 [http-nio-8000-exec-1] DEBUG i.s.v.c.c.ModelConverterContextImpl - resolve [collection type; class java.util.List, contains [simple type, class java.lang.String]]
2025-12-16 16:08:21.123 [http-nio-8000-exec-1] DEBUG i.s.v.c.c.ModelConverterContextImpl - resolve class java.lang.Long
2025-12-16 16:08:21.124 [http-nio-8000-exec-1] DEBUG i.s.v.c.c.ModelConverterContextImpl - resolve org.springframework.http.ResponseEntity<com.example.mailbox.vo.ApiResponse<java.lang.Integer>>
2025-12-16 16:08:21.124 [http-nio-8000-exec-1] DEBUG i.s.v.c.c.ModelConverterContextImpl - resolve [simple type, class com.example.mailbox.vo.ApiResponse<java.lang.Integer>]
2025-12-16 16:08:21.124 [http-nio-8000-exec-1] DEBUG i.s.v.c.c.ModelConverterContextImpl - resolve [simple type, class java.lang.Boolean]
2025-12-16 16:08:21.124 [http-nio-8000-exec-1] DEBUG i.s.v.c.c.ModelConverterContextImpl - resolve [simple type, class java.lang.Integer]
2025-12-16 16:08:21.124 [http-nio-8000-exec-1] DEBUG i.s.v.c.c.ModelConverterContextImpl - resolve [simple type, class java.lang.String]
2025-12-16 16:08:21.125 [http-nio-8000-exec-1] DEBUG i.s.v.c.c.ModelConverterContextImpl - resolve [collection type; class java.util.List, contains [simple type, class java.lang.String]]
2025-12-16 16:08:21.125 [http-nio-8000-exec-1] DEBUG i.s.v.c.c.ModelConverterContextImpl - resolve class java.lang.String
2025-12-16 16:08:21.126 [http-nio-8000-exec-1] DEBUG i.s.v.c.c.ModelConverterContextImpl - resolve int
2025-12-16 16:08:21.126 [http-nio-8000-exec-1] DEBUG i.s.v.c.c.ModelConverterContextImpl - resolve int
2025-12-16 16:08:21.126 [http-nio-8000-exec-1] DEBUG i.s.v.c.c.ModelConverterContextImpl - resolve org.springframework.http.ResponseEntity<com.example.mailbox.vo.ApiResponse<com.example.mailbox.vo.Page<com.example.mailbox.entity.Group>>>
2025-12-16 16:08:21.127 [http-nio-8000-exec-1] DEBUG i.s.v.c.c.ModelConverterContextImpl - resolve [simple type, class com.example.mailbox.vo.ApiResponse<com.example.mailbox.vo.Page<com.example.mailbox.entity.Group>>]
2025-12-16 16:08:21.127 [http-nio-8000-exec-1] DEBUG i.s.v.c.c.ModelConverterContextImpl - resolve [simple type, class java.lang.Boolean]
2025-12-16 16:08:21.127 [http-nio-8000-exec-1] DEBUG i.s.v.c.c.ModelConverterContextImpl - resolve [simple type, class com.example.mailbox.vo.Page<com.example.mailbox.entity.Group>]
2025-12-16 16:08:21.127 [http-nio-8000-exec-1] DEBUG i.s.v.c.c.ModelConverterContextImpl - resolve [collection type; class java.util.List, contains [simple type, class com.example.mailbox.entity.Group]]
2025-12-16 16:08:21.128 [http-nio-8000-exec-1] DEBUG i.s.v.c.c.ModelConverterContextImpl - resolve [simple type, class com.example.mailbox.entity.Group]
2025-12-16 16:08:21.128 [http-nio-8000-exec-1] DEBUG i.s.v.c.c.ModelConverterContextImpl - resolve [simple type, class java.lang.Long]
2025-12-16 16:08:21.128 [http-nio-8000-exec-1] DEBUG i.s.v.c.c.ModelConverterContextImpl - resolve [simple type, class java.lang.String]
2025-12-16 16:08:21.128 [http-nio-8000-exec-1] DEBUG i.s.v.c.c.ModelConverterContextImpl - resolve [simple type, class java.lang.String]
2025-12-16 16:08:21.129 [http-nio-8000-exec-1] DEBUG i.s.v.c.c.ModelConverterContextImpl - resolve [simple type, class java.lang.Integer]
2025-12-16 16:08:21.129 [http-nio-8000-exec-1] DEBUG i.s.v.c.c.ModelConverterContextImpl - resolve [simple type, class java.lang.Long]
2025-12-16 16:08:21.129 [http-nio-8000-exec-1] DEBUG i.s.v.c.c.ModelConverterContextImpl - resolve [simple type, class java.time.LocalDateTime]
2025-12-16 16:08:21.130 [http-nio-8000-exec-1] DEBUG i.s.v.c.c.ModelConverterContextImpl - resolve [simple type, class java.time.LocalDateTime]
2025-12-16 16:08:21.130 [http-nio-8000-exec-1] DEBUG i.s.v.c.c.ModelConverterContextImpl - resolve [simple type, class java.lang.Long]
2025-12-16 16:08:21.130 [http-nio-8000-exec-1] DEBUG i.s.v.c.c.ModelConverterContextImpl - resolve [simple type, class java.lang.Integer]
2025-12-16 16:08:21.131 [http-nio-8000-exec-1] DEBUG i.s.v.c.c.ModelConverterContextImpl - resolve [collection type; class java.util.List, contains [simple type, class java.lang.String]]
2025-12-16 16:08:21.132 [http-nio-8000-exec-1] DEBUG i.s.v.c.c.ModelConverterContextImpl - resolve int
2025-12-16 16:08:21.133 [http-nio-8000-exec-1] DEBUG i.s.v.c.c.ModelConverterContextImpl - resolve int
2025-12-16 16:08:21.134 [http-nio-8000-exec-1] DEBUG i.s.v.c.c.ModelConverterContextImpl - resolve org.springframework.http.ResponseEntity<com.example.mailbox.vo.ApiResponse<com.example.mailbox.vo.Page<com.example.mailbox.entity.Group>>>
2025-12-16 16:08:21.134 [http-nio-8000-exec-1] DEBUG i.s.v.c.c.ModelConverterContextImpl - resolve [simple type, class com.example.mailbox.vo.ApiResponse<com.example.mailbox.vo.Page<com.example.mailbox.entity.Group>>]
2025-12-16 16:08:21.134 [http-nio-8000-exec-1] DEBUG i.s.v.c.c.ModelConverterContextImpl - resolve [simple type, class java.lang.Boolean]
2025-12-16 16:08:21.135 [http-nio-8000-exec-1] DEBUG i.s.v.c.c.ModelConverterContextImpl - resolve [simple type, class com.example.mailbox.vo.Page<com.example.mailbox.entity.Group>]
2025-12-16 16:08:21.135 [http-nio-8000-exec-1] DEBUG i.s.v.c.c.ModelConverterContextImpl - resolve [collection type; class java.util.List, contains [simple type, class com.example.mailbox.entity.Group]]
2025-12-16 16:08:21.135 [http-nio-8000-exec-1] DEBUG i.s.v.c.c.ModelConverterContextImpl - resolve [simple type, class com.example.mailbox.entity.Group]
2025-12-16 16:08:21.135 [http-nio-8000-exec-1] DEBUG i.s.v.c.c.ModelConverterContextImpl - resolve [simple type, class java.lang.Long]
2025-12-16 16:08:21.136 [http-nio-8000-exec-1] DEBUG i.s.v.c.c.ModelConverterContextImpl - resolve [simple type, class java.lang.String]
2025-12-16 16:08:21.137 [http-nio-8000-exec-1] DEBUG i.s.v.c.c.ModelConverterContextImpl - resolve [simple type, class java.lang.String]
2025-12-16 16:08:21.137 [http-nio-8000-exec-1] DEBUG i.s.v.c.c.ModelConverterContextImpl - resolve [simple type, class java.lang.Integer]
2025-12-16 16:08:21.137 [http-nio-8000-exec-1] DEBUG i.s.v.c.c.ModelConverterContextImpl - resolve [simple type, class java.lang.Long]
2025-12-16 16:08:21.137 [http-nio-8000-exec-1] DEBUG i.s.v.c.c.ModelConverterContextImpl - resolve [simple type, class java.time.LocalDateTime]
2025-12-16 16:08:21.137 [http-nio-8000-exec-1] DEBUG i.s.v.c.c.ModelConverterContextImpl - resolve [simple type, class java.time.LocalDateTime]
2025-12-16 16:08:21.138 [http-nio-8000-exec-1] DEBUG i.s.v.c.c.ModelConverterContextImpl - resolve [simple type, class java.lang.Long]
2025-12-16 16:08:21.139 [http-nio-8000-exec-1] DEBUG i.s.v.c.c.ModelConverterContextImpl - resolve [simple type, class java.lang.Integer]
2025-12-16 16:08:21.139 [http-nio-8000-exec-1] DEBUG i.s.v.c.c.ModelConverterContextImpl - resolve [collection type; class java.util.List, contains [simple type, class java.lang.String]]
2025-12-16 16:08:21.141 [http-nio-8000-exec-1] DEBUG i.s.v.c.c.ModelConverterContextImpl - resolve int
2025-12-16 16:08:21.141 [http-nio-8000-exec-1] DEBUG i.s.v.c.c.ModelConverterContextImpl - resolve int
2025-12-16 16:08:21.142 [http-nio-8000-exec-1] DEBUG i.s.v.c.c.ModelConverterContextImpl - resolve org.springframework.http.ResponseEntity<com.example.mailbox.vo.ApiResponse<com.example.mailbox.vo.Page<com.example.mailbox.entity.Group>>>
2025-12-16 16:08:21.142 [http-nio-8000-exec-1] DEBUG i.s.v.c.c.ModelConverterContextImpl - resolve [simple type, class com.example.mailbox.vo.ApiResponse<com.example.mailbox.vo.Page<com.example.mailbox.entity.Group>>]
2025-12-16 16:08:21.142 [http-nio-8000-exec-1] DEBUG i.s.v.c.c.ModelConverterContextImpl - resolve [simple type, class java.lang.Boolean]
2025-12-16 16:08:21.142 [http-nio-8000-exec-1] DEBUG i.s.v.c.c.ModelConverterContextImpl - resolve [simple type, class com.example.mailbox.vo.Page<com.example.mailbox.entity.Group>]
2025-12-16 16:08:21.143 [http-nio-8000-exec-1] DEBUG i.s.v.c.c.ModelConverterContextImpl - resolve [collection type; class java.util.List, contains [simple type, class com.example.mailbox.entity.Group]]
2025-12-16 16:08:21.143 [http-nio-8000-exec-1] DEBUG i.s.v.c.c.ModelConverterContextImpl - resolve [simple type, class com.example.mailbox.entity.Group]
2025-12-16 16:08:21.143 [http-nio-8000-exec-1] DEBUG i.s.v.c.c.ModelConverterContextImpl - resolve [simple type, class java.lang.Long]
2025-12-16 16:08:21.143 [http-nio-8000-exec-1] DEBUG i.s.v.c.c.ModelConverterContextImpl - resolve [simple type, class java.lang.String]
2025-12-16 16:08:21.144 [http-nio-8000-exec-1] DEBUG i.s.v.c.c.ModelConverterContextImpl - resolve [simple type, class java.lang.String]
2025-12-16 16:08:21.144 [http-nio-8000-exec-1] DEBUG i.s.v.c.c.ModelConverterContextImpl - resolve [simple type, class java.lang.Integer]
2025-12-16 16:08:21.145 [http-nio-8000-exec-1] DEBUG i.s.v.c.c.ModelConverterContextImpl - resolve [simple type, class java.lang.Long]
2025-12-16 16:08:21.146 [http-nio-8000-exec-1] DEBUG i.s.v.c.c.ModelConverterContextImpl - resolve [simple type, class java.time.LocalDateTime]
2025-12-16 16:08:21.146 [http-nio-8000-exec-1] DEBUG i.s.v.c.c.ModelConverterContextImpl - resolve [simple type, class java.time.LocalDateTime]
2025-12-16 16:08:21.147 [http-nio-8000-exec-1] DEBUG i.s.v.c.c.ModelConverterContextImpl - resolve [simple type, class java.lang.Long]
2025-12-16 16:08:21.147 [http-nio-8000-exec-1] DEBUG i.s.v.c.c.ModelConverterContextImpl - resolve [simple type, class java.lang.Integer]
2025-12-16 16:08:21.149 [http-nio-8000-exec-1] DEBUG i.s.v.c.c.ModelConverterContextImpl - resolve [collection type; class java.util.List, contains [simple type, class java.lang.String]]
2025-12-16 16:08:21.152 [http-nio-8000-exec-1] DEBUG i.s.v.c.c.ModelConverterContextImpl - resolve int
2025-12-16 16:08:21.152 [http-nio-8000-exec-1] DEBUG i.s.v.c.c.ModelConverterContextImpl - resolve int
2025-12-16 16:08:21.153 [http-nio-8000-exec-1] DEBUG i.s.v.c.c.ModelConverterContextImpl - resolve org.springframework.http.ResponseEntity<com.example.mailbox.vo.ApiResponse<com.example.mailbox.vo.Page<com.example.mailbox.entity.Group>>>
2025-12-16 16:08:21.153 [http-nio-8000-exec-1] DEBUG i.s.v.c.c.ModelConverterContextImpl - resolve [simple type, class com.example.mailbox.vo.ApiResponse<com.example.mailbox.vo.Page<com.example.mailbox.entity.Group>>]
2025-12-16 16:08:21.153 [http-nio-8000-exec-1] DEBUG i.s.v.c.c.ModelConverterContextImpl - resolve [simple type, class java.lang.Boolean]
2025-12-16 16:08:21.153 [http-nio-8000-exec-1] DEBUG i.s.v.c.c.ModelConverterContextImpl - resolve [simple type, class com.example.mailbox.vo.Page<com.example.mailbox.entity.Group>]
2025-12-16 16:08:21.153 [http-nio-8000-exec-1] DEBUG i.s.v.c.c.ModelConverterContextImpl - resolve [collection type; class java.util.List, contains [simple type, class com.example.mailbox.entity.Group]]
2025-12-16 16:08:21.153 [http-nio-8000-exec-1] DEBUG i.s.v.c.c.ModelConverterContextImpl - resolve [simple type, class com.example.mailbox.entity.Group]
2025-12-16 16:08:21.154 [http-nio-8000-exec-1] DEBUG i.s.v.c.c.ModelConverterContextImpl - resolve [simple type, class java.lang.Long]
2025-12-16 16:08:21.154 [http-nio-8000-exec-1] DEBUG i.s.v.c.c.ModelConverterContextImpl - resolve [simple type, class java.lang.String]
2025-12-16 16:08:21.154 [http-nio-8000-exec-1] DEBUG i.s.v.c.c.ModelConverterContextImpl - resolve [simple type, class java.lang.String]
2025-12-16 16:08:21.154 [http-nio-8000-exec-1] DEBUG i.s.v.c.c.ModelConverterContextImpl - resolve [simple type, class java.lang.Integer]
2025-12-16 16:08:21.155 [http-nio-8000-exec-1] DEBUG i.s.v.c.c.ModelConverterContextImpl - resolve [simple type, class java.lang.Long]
2025-12-16 16:08:21.155 [http-nio-8000-exec-1] DEBUG i.s.v.c.c.ModelConverterContextImpl - resolve [simple type, class java.time.LocalDateTime]
2025-12-16 16:08:21.155 [http-nio-8000-exec-1] DEBUG i.s.v.c.c.ModelConverterContextImpl - resolve [simple type, class java.time.LocalDateTime]
2025-12-16 16:08:21.156 [http-nio-8000-exec-1] DEBUG i.s.v.c.c.ModelConverterContextImpl - resolve [simple type, class java.lang.Long]
2025-12-16 16:08:21.156 [http-nio-8000-exec-1] DEBUG i.s.v.c.c.ModelConverterContextImpl - resolve [simple type, class java.lang.Integer]
2025-12-16 16:08:21.157 [http-nio-8000-exec-1] DEBUG i.s.v.c.c.ModelConverterContextImpl - resolve [collection type; class java.util.List, contains [simple type, class java.lang.String]]
2025-12-16 16:08:21.158 [http-nio-8000-exec-1] DEBUG i.s.v.c.c.ModelConverterContextImpl - resolve int
2025-12-16 16:08:21.158 [http-nio-8000-exec-1] DEBUG i.s.v.c.c.ModelConverterContextImpl - resolve int
2025-12-16 16:08:21.159 [http-nio-8000-exec-1] DEBUG i.s.v.c.c.ModelConverterContextImpl - resolve org.springframework.http.ResponseEntity<com.example.mailbox.vo.ApiResponse<com.example.mailbox.vo.Page<com.example.mailbox.entity.Account>>>
2025-12-16 16:08:21.159 [http-nio-8000-exec-1] DEBUG i.s.v.c.c.ModelConverterContextImpl - resolve [simple type, class com.example.mailbox.vo.ApiResponse<com.example.mailbox.vo.Page<com.example.mailbox.entity.Account>>]
2025-12-16 16:08:21.159 [http-nio-8000-exec-1] DEBUG i.s.v.c.c.ModelConverterContextImpl - resolve [simple type, class java.lang.Boolean]
2025-12-16 16:08:21.160 [http-nio-8000-exec-1] DEBUG i.s.v.c.c.ModelConverterContextImpl - resolve [simple type, class com.example.mailbox.vo.Page<com.example.mailbox.entity.Account>]
2025-12-16 16:08:21.160 [http-nio-8000-exec-1] DEBUG i.s.v.c.c.ModelConverterContextImpl - resolve [collection type; class java.util.List, contains [simple type, class com.example.mailbox.entity.Account]]
2025-12-16 16:08:21.160 [http-nio-8000-exec-1] DEBUG i.s.v.c.c.ModelConverterContextImpl - resolve [simple type, class com.example.mailbox.entity.Account]
2025-12-16 16:08:21.161 [http-nio-8000-exec-1] DEBUG i.s.v.c.c.ModelConverterContextImpl - resolve [simple type, class java.lang.Long]
2025-12-16 16:08:21.161 [http-nio-8000-exec-1] DEBUG i.s.v.c.c.ModelConverterContextImpl - resolve [simple type, class java.lang.String]
2025-12-16 16:08:21.162 [http-nio-8000-exec-1] DEBUG i.s.v.c.c.ModelConverterContextImpl - resolve [simple type, class java.lang.String]
2025-12-16 16:08:21.162 [http-nio-8000-exec-1] DEBUG i.s.v.c.c.ModelConverterContextImpl - resolve [simple type, class java.lang.String]
2025-12-16 16:08:21.162 [http-nio-8000-exec-1] DEBUG i.s.v.c.c.ModelConverterContextImpl - resolve [simple type, class java.lang.Boolean]
2025-12-16 16:08:21.162 [http-nio-8000-exec-1] DEBUG i.s.v.c.c.ModelConverterContextImpl - resolve [simple type, class java.lang.Boolean]
2025-12-16 16:08:21.162 [http-nio-8000-exec-1] DEBUG i.s.v.c.c.ModelConverterContextImpl - resolve [simple type, class java.lang.Double]
2025-12-16 16:08:21.163 [http-nio-8000-exec-1] DEBUG i.s.v.c.c.ModelConverterContextImpl - resolve [simple type, class java.lang.Double]
2025-12-16 16:08:21.163 [http-nio-8000-exec-1] DEBUG i.s.v.c.c.ModelConverterContextImpl - resolve [simple type, class java.time.LocalDateTime]
2025-12-16 16:08:21.163 [http-nio-8000-exec-1] DEBUG i.s.v.c.c.ModelConverterContextImpl - resolve [simple type, class java.time.LocalDateTime]
2025-12-16 16:08:21.163 [http-nio-8000-exec-1] DEBUG i.s.v.c.c.ModelConverterContextImpl - resolve [collection type; class java.util.Collection, contains [simple type, class org.springframework.security.core.GrantedAuthority]]
2025-12-16 16:08:21.163 [http-nio-8000-exec-1] DEBUG i.s.v.c.c.ModelConverterContextImpl - resolve [simple type, class org.springframework.security.core.GrantedAuthority]
2025-12-16 16:08:21.163 [http-nio-8000-exec-1] DEBUG i.s.v.c.c.ModelConverterContextImpl - resolve [simple type, class java.lang.String]
2025-12-16 16:08:21.164 [http-nio-8000-exec-1] DEBUG i.s.v.c.c.ModelConverterContextImpl - resolve [simple type, class boolean]
2025-12-16 16:08:21.164 [http-nio-8000-exec-1] DEBUG i.s.v.c.c.ModelConverterContextImpl - resolve [simple type, class java.lang.Long]
2025-12-16 16:08:21.164 [http-nio-8000-exec-1] DEBUG i.s.v.c.c.ModelConverterContextImpl - resolve [simple type, class java.lang.Integer]
2025-12-16 16:08:21.164 [http-nio-8000-exec-1] DEBUG i.s.v.c.c.ModelConverterContextImpl - resolve [collection type; class java.util.List, contains [simple type, class java.lang.String]]
2025-12-16 16:08:21.165 [http-nio-8000-exec-1] DEBUG i.s.v.c.c.ModelConverterContextImpl - resolve org.springframework.http.ResponseEntity<com.example.mailbox.vo.ApiResponse<java.lang.String>>
2025-12-16 16:08:21.165 [http-nio-8000-exec-1] DEBUG i.s.v.c.c.ModelConverterContextImpl - resolve [simple type, class com.example.mailbox.vo.ApiResponse<java.lang.String>]
2025-12-16 16:08:21.166 [http-nio-8000-exec-1] DEBUG i.s.v.c.c.ModelConverterContextImpl - resolve [simple type, class java.lang.Boolean]
2025-12-16 16:08:21.166 [http-nio-8000-exec-1] DEBUG i.s.v.c.c.ModelConverterContextImpl - resolve [simple type, class java.lang.String]
2025-12-16 16:08:21.166 [http-nio-8000-exec-1] DEBUG i.s.v.c.c.ModelConverterContextImpl - resolve [collection type; class java.util.List, contains [simple type, class java.lang.String]]
2025-12-16 16:08:21.167 [http-nio-8000-exec-1] DEBUG i.s.v.c.c.ModelConverterContextImpl - resolve org.springframework.http.ResponseEntity<com.example.mailbox.vo.ApiResponse<java.lang.String>>
2025-12-16 16:08:21.167 [http-nio-8000-exec-1] DEBUG i.s.v.c.c.ModelConverterContextImpl - resolve [simple type, class com.example.mailbox.vo.ApiResponse<java.lang.String>]
2025-12-16 16:08:21.167 [http-nio-8000-exec-1] DEBUG i.s.v.c.c.ModelConverterContextImpl - resolve [simple type, class java.lang.Boolean]
2025-12-16 16:08:21.167 [http-nio-8000-exec-1] DEBUG i.s.v.c.c.ModelConverterContextImpl - resolve [simple type, class java.lang.String]
2025-12-16 16:08:21.168 [http-nio-8000-exec-1] DEBUG i.s.v.c.c.ModelConverterContextImpl - resolve [collection type; class java.util.List, contains [simple type, class java.lang.String]]
2025-12-16 16:08:21.169 [http-nio-8000-exec-1] DEBUG i.s.v.c.c.ModelConverterContextImpl - resolve org.springframework.http.ResponseEntity<com.example.mailbox.vo.ApiResponse<java.util.List<com.example.mailbox.entity.Blacklist>>>
2025-12-16 16:08:21.169 [http-nio-8000-exec-1] DEBUG i.s.v.c.c.ModelConverterContextImpl - resolve [simple type, class com.example.mailbox.vo.ApiResponse<java.util.List<com.example.mailbox.entity.Blacklist>>]
2025-12-16 16:08:21.169 [http-nio-8000-exec-1] DEBUG i.s.v.c.c.ModelConverterContextImpl - resolve [simple type, class java.lang.Boolean]
2025-12-16 16:08:21.169 [http-nio-8000-exec-1] DEBUG i.s.v.c.c.ModelConverterContextImpl - resolve [collection type; class java.util.List, contains [simple type, class com.example.mailbox.entity.Blacklist]]
2025-12-16 16:08:21.169 [http-nio-8000-exec-1] DEBUG i.s.v.c.c.ModelConverterContextImpl - resolve [simple type, class com.example.mailbox.entity.Blacklist]
2025-12-16 16:08:21.169 [http-nio-8000-exec-1] DEBUG i.s.v.c.c.ModelConverterContextImpl - resolve [simple type, class java.lang.Long]
2025-12-16 16:08:21.169 [http-nio-8000-exec-1] DEBUG i.s.v.c.c.ModelConverterContextImpl - resolve [simple type, class com.example.mailbox.entity.Blacklist$Type]
2025-12-16 16:08:21.170 [http-nio-8000-exec-1] DEBUG i.s.v.c.c.ModelConverterContextImpl - resolve [simple type, class java.lang.String]
2025-12-16 16:08:21.170 [http-nio-8000-exec-1] DEBUG i.s.v.c.c.ModelConverterContextImpl - resolve [simple type, class java.time.LocalDateTime]
2025-12-16 16:08:21.170 [http-nio-8000-exec-1] DEBUG i.s.v.c.c.ModelConverterContextImpl - resolve [simple type, class java.lang.String]
2025-12-16 16:08:21.170 [http-nio-8000-exec-1] DEBUG i.s.v.c.c.ModelConverterContextImpl - resolve [collection type; class java.util.List, contains [simple type, class java.lang.String]]
2025-12-16 16:08:21.171 [http-nio-8000-exec-1] DEBUG i.s.v.c.c.ModelConverterContextImpl - resolve org.springframework.http.ResponseEntity<com.example.mailbox.vo.ApiResponse<java.lang.String>>
2025-12-16 16:08:21.171 [http-nio-8000-exec-1] DEBUG i.s.v.c.c.ModelConverterContextImpl - resolve [simple type, class com.example.mailbox.vo.ApiResponse<java.lang.String>]
2025-12-16 16:08:21.171 [http-nio-8000-exec-1] DEBUG i.s.v.c.c.ModelConverterContextImpl - resolve [simple type, class java.lang.Boolean]
2025-12-16 16:08:21.172 [http-nio-8000-exec-1] DEBUG i.s.v.c.c.ModelConverterContextImpl - resolve [simple type, class java.lang.String]
2025-12-16 16:08:21.172 [http-nio-8000-exec-1] DEBUG i.s.v.c.c.ModelConverterContextImpl - resolve [collection type; class java.util.List, contains [simple type, class java.lang.String]]
2025-12-16 16:08:21.173 [http-nio-8000-exec-1] DEBUG i.s.v.c.c.ModelConverterContextImpl - resolve class java.lang.Long
2025-12-16 16:08:21.173 [http-nio-8000-exec-1] DEBUG i.s.v.c.c.ModelConverterContextImpl - resolve org.springframework.http.ResponseEntity<com.example.mailbox.vo.ApiResponse<java.lang.String>>
2025-12-16 16:08:21.173 [http-nio-8000-exec-1] DEBUG i.s.v.c.c.ModelConverterContextImpl - resolve [simple type, class com.example.mailbox.vo.ApiResponse<java.lang.String>]
2025-12-16 16:08:21.173 [http-nio-8000-exec-1] DEBUG i.s.v.c.c.ModelConverterContextImpl - resolve [simple type, class java.lang.Boolean]
2025-12-16 16:08:21.173 [http-nio-8000-exec-1] DEBUG i.s.v.c.c.ModelConverterContextImpl - resolve [simple type, class java.lang.String]
2025-12-16 16:08:21.174 [http-nio-8000-exec-1] DEBUG i.s.v.c.c.ModelConverterContextImpl - resolve [collection type; class java.util.List, contains [simple type, class java.lang.String]]
2025-12-16 16:08:21.174 [http-nio-8000-exec-1] DEBUG i.s.v.c.c.ModelConverterContextImpl - resolve class java.lang.Long
2025-12-16 16:08:21.174 [http-nio-8000-exec-1] DEBUG i.s.v.c.c.ModelConverterContextImpl - resolve class java.lang.Long
2025-12-16 16:08:21.175 [http-nio-8000-exec-1] DEBUG i.s.v.c.c.ModelConverterContextImpl - resolve org.springframework.http.ResponseEntity<com.example.mailbox.vo.ApiResponse<java.lang.String>>
2025-12-16 16:08:21.175 [http-nio-8000-exec-1] DEBUG i.s.v.c.c.ModelConverterContextImpl - resolve [simple type, class com.example.mailbox.vo.ApiResponse<java.lang.String>]
2025-12-16 16:08:21.175 [http-nio-8000-exec-1] DEBUG i.s.v.c.c.ModelConverterContextImpl - resolve [simple type, class java.lang.Boolean]
2025-12-16 16:08:21.175 [http-nio-8000-exec-1] DEBUG i.s.v.c.c.ModelConverterContextImpl - resolve [simple type, class java.lang.String]
2025-12-16 16:08:21.175 [http-nio-8000-exec-1] DEBUG i.s.v.c.c.ModelConverterContextImpl - resolve [collection type; class java.util.List, contains [simple type, class java.lang.String]]
2025-12-16 16:08:21.176 [http-nio-8000-exec-1] DEBUG i.s.v.c.c.ModelConverterContextImpl - resolve class java.lang.Long
2025-12-16 16:08:21.177 [http-nio-8000-exec-1] DEBUG i.s.v.c.c.ModelConverterContextImpl - resolve org.springframework.http.ResponseEntity<com.example.mailbox.vo.ApiResponse<java.lang.String>>
2025-12-16 16:08:21.177 [http-nio-8000-exec-1] DEBUG i.s.v.c.c.ModelConverterContextImpl - resolve [simple type, class com.example.mailbox.vo.ApiResponse<java.lang.String>]
2025-12-16 16:08:21.177 [http-nio-8000-exec-1] DEBUG i.s.v.c.c.ModelConverterContextImpl - resolve [simple type, class java.lang.Boolean]
2025-12-16 16:08:21.177 [http-nio-8000-exec-1] DEBUG i.s.v.c.c.ModelConverterContextImpl - resolve [simple type, class java.lang.String]
2025-12-16 16:08:21.179 [http-nio-8000-exec-1] DEBUG i.s.v.c.c.ModelConverterContextImpl - resolve [collection type; class java.util.List, contains [simple type, class java.lang.String]]
2025-12-16 16:08:21.185 [http-nio-8000-exec-1] INFO  o.s.api.AbstractOpenApiResource - Init duration for springdoc-openapi is: 351 ms
2025-12-16 16:08:21.245 [http-nio-8000-exec-2] DEBUG o.s.security.web.FilterChainProxy - Securing GET /favicon.ico
2025-12-16 16:08:21.245 [http-nio-8000-exec-2] DEBUG o.s.s.w.a.AnonymousAuthenticationFilter - Set SecurityContextHolder to anonymous SecurityContext
2025-12-16 16:08:21.245 [http-nio-8000-exec-2] DEBUG o.s.s.w.s.SessionManagementFilter - Request requested invalid session id C4C520B32C3447845539099B35FA538A
2025-12-16 16:08:21.251 [http-nio-8000-exec-2] DEBUG o.s.s.w.a.Http403ForbiddenEntryPoint - Pre-authenticated entry point called. Rejecting access
2025-12-16 16:08:21.254 [http-nio-8000-exec-2] DEBUG o.s.security.web.FilterChainProxy - Securing GET /error
2025-12-16 16:08:21.258 [http-nio-8000-exec-2] DEBUG o.s.s.w.a.AnonymousAuthenticationFilter - Set SecurityContextHolder to anonymous SecurityContext
2025-12-16 16:08:21.258 [http-nio-8000-exec-2] DEBUG o.s.s.w.a.Http403ForbiddenEntryPoint - Pre-authenticated entry point called. Rejecting access
2025-12-16 16:08:43.239 [HikariPool-1 housekeeper] DEBUG com.zaxxer.hikari.pool.HikariPool - HikariPool-1 - Before cleanup stats (total=2, active=0, idle=2, waiting=0)
2025-12-16 16:08:43.239 [HikariPool-1 housekeeper] DEBUG com.zaxxer.hikari.pool.HikariPool - HikariPool-1 - After cleanup  stats (total=2, active=0, idle=2, waiting=0)
2025-12-16 16:08:43.239 [HikariPool-1 housekeeper] DEBUG com.zaxxer.hikari.pool.HikariPool - HikariPool-1 - Fill pool skipped, pool has sufficient level or currently being filled (queueDepth=0).
2025-12-16 16:08:51.430 [http-nio-8000-exec-6] DEBUG o.s.security.web.FilterChainProxy - Securing GET /swagger-ui.html
2025-12-16 16:08:51.430 [http-nio-8000-exec-6] DEBUG o.s.s.w.a.AnonymousAuthenticationFilter - Set SecurityContextHolder to anonymous SecurityContext
2025-12-16 16:08:51.430 [http-nio-8000-exec-6] DEBUG o.s.s.w.s.SessionManagementFilter - Request requested invalid session id C4C520B32C3447845539099B35FA538A
2025-12-16 16:08:51.431 [http-nio-8000-exec-6] DEBUG o.s.security.web.FilterChainProxy - Secured GET /swagger-ui.html
2025-12-16 16:08:51.456 [http-nio-8000-exec-5] DEBUG o.s.security.web.FilterChainProxy - Securing GET /swagger-ui/index.html
2025-12-16 16:08:51.457 [http-nio-8000-exec-5] DEBUG o.s.s.w.a.AnonymousAuthenticationFilter - Set SecurityContextHolder to anonymous SecurityContext
2025-12-16 16:08:51.457 [http-nio-8000-exec-5] DEBUG o.s.s.w.s.SessionManagementFilter - Request requested invalid session id C4C520B32C3447845539099B35FA538A
2025-12-16 16:08:51.460 [http-nio-8000-exec-5] DEBUG o.s.security.web.FilterChainProxy - Secured GET /swagger-ui/index.html
2025-12-16 16:08:51.486 [http-nio-8000-exec-3] DEBUG o.s.security.web.FilterChainProxy - Securing GET /swagger-ui/swagger-ui.css
2025-12-16 16:08:51.487 [http-nio-8000-exec-3] DEBUG o.s.s.w.a.AnonymousAuthenticationFilter - Set SecurityContextHolder to anonymous SecurityContext
2025-12-16 16:08:51.487 [http-nio-8000-exec-3] DEBUG o.s.s.w.s.SessionManagementFilter - Request requested invalid session id C4C520B32C3447845539099B35FA538A
2025-12-16 16:08:51.487 [http-nio-8000-exec-7] DEBUG o.s.security.web.FilterChainProxy - Securing GET /swagger-ui/index.css
2025-12-16 16:08:51.488 [http-nio-8000-exec-7] DEBUG o.s.s.w.a.AnonymousAuthenticationFilter - Set SecurityContextHolder to anonymous SecurityContext
2025-12-16 16:08:51.488 [http-nio-8000-exec-7] DEBUG o.s.s.w.s.SessionManagementFilter - Request requested invalid session id C4C520B32C3447845539099B35FA538A
2025-12-16 16:08:51.490 [http-nio-8000-exec-3] DEBUG o.s.security.web.FilterChainProxy - Secured GET /swagger-ui/swagger-ui.css
2025-12-16 16:08:51.490 [http-nio-8000-exec-7] DEBUG o.s.security.web.FilterChainProxy - Secured GET /swagger-ui/index.css
2025-12-16 16:08:51.490 [http-nio-8000-exec-4] DEBUG o.s.security.web.FilterChainProxy - Securing GET /swagger-ui/swagger-ui-bundle.js
2025-12-16 16:08:51.490 [http-nio-8000-exec-8] DEBUG o.s.security.web.FilterChainProxy - Securing GET /swagger-ui/swagger-ui-standalone-preset.js
2025-12-16 16:08:51.490 [http-nio-8000-exec-9] DEBUG o.s.security.web.FilterChainProxy - Securing GET /swagger-ui/swagger-initializer.js
2025-12-16 16:08:51.490 [http-nio-8000-exec-4] DEBUG o.s.s.w.a.AnonymousAuthenticationFilter - Set SecurityContextHolder to anonymous SecurityContext
2025-12-16 16:08:51.490 [http-nio-8000-exec-8] DEBUG o.s.s.w.a.AnonymousAuthenticationFilter - Set SecurityContextHolder to anonymous SecurityContext
2025-12-16 16:08:51.491 [http-nio-8000-exec-4] DEBUG o.s.s.w.s.SessionManagementFilter - Request requested invalid session id C4C520B32C3447845539099B35FA538A
2025-12-16 16:08:51.491 [http-nio-8000-exec-8] DEBUG o.s.s.w.s.SessionManagementFilter - Request requested invalid session id C4C520B32C3447845539099B35FA538A
2025-12-16 16:08:51.491 [http-nio-8000-exec-9] DEBUG o.s.s.w.a.AnonymousAuthenticationFilter - Set SecurityContextHolder to anonymous SecurityContext
2025-12-16 16:08:51.491 [http-nio-8000-exec-9] DEBUG o.s.s.w.s.SessionManagementFilter - Request requested invalid session id C4C520B32C3447845539099B35FA538A
2025-12-16 16:08:51.491 [http-nio-8000-exec-9] DEBUG o.s.security.web.FilterChainProxy - Secured GET /swagger-ui/swagger-initializer.js
2025-12-16 16:08:51.492 [http-nio-8000-exec-4] DEBUG o.s.security.web.FilterChainProxy - Secured GET /swagger-ui/swagger-ui-bundle.js
2025-12-16 16:08:51.492 [http-nio-8000-exec-8] DEBUG o.s.security.web.FilterChainProxy - Secured GET /swagger-ui/swagger-ui-standalone-preset.js
2025-12-16 16:08:51.638 [http-nio-8000-exec-10] DEBUG o.s.security.web.FilterChainProxy - Securing GET /v3/api-docs/swagger-config
2025-12-16 16:08:51.639 [http-nio-8000-exec-10] DEBUG o.s.s.w.a.AnonymousAuthenticationFilter - Set SecurityContextHolder to anonymous SecurityContext
2025-12-16 16:08:51.639 [http-nio-8000-exec-10] DEBUG o.s.s.w.s.SessionManagementFilter - Request requested invalid session id C4C520B32C3447845539099B35FA538A
2025-12-16 16:08:51.639 [http-nio-8000-exec-10] DEBUG o.s.security.web.FilterChainProxy - Secured GET /v3/api-docs/swagger-config
2025-12-16 16:08:51.640 [http-nio-8000-exec-1] DEBUG o.s.security.web.FilterChainProxy - Securing GET /swagger-ui/favicon-32x32.png
2025-12-16 16:08:51.640 [http-nio-8000-exec-1] DEBUG o.s.s.w.a.AnonymousAuthenticationFilter - Set SecurityContextHolder to anonymous SecurityContext
2025-12-16 16:08:51.640 [http-nio-8000-exec-1] DEBUG o.s.s.w.s.SessionManagementFilter - Request requested invalid session id C4C520B32C3447845539099B35FA538A
2025-12-16 16:08:51.641 [http-nio-8000-exec-1] DEBUG o.s.security.web.FilterChainProxy - Secured GET /swagger-ui/favicon-32x32.png
2025-12-16 16:08:51.661 [http-nio-8000-exec-2] DEBUG o.s.security.web.FilterChainProxy - Securing GET /v3/api-docs
2025-12-16 16:08:51.661 [http-nio-8000-exec-2] DEBUG o.s.s.w.a.AnonymousAuthenticationFilter - Set SecurityContextHolder to anonymous SecurityContext
2025-12-16 16:08:51.661 [http-nio-8000-exec-2] DEBUG o.s.s.w.s.SessionManagementFilter - Request requested invalid session id C4C520B32C3447845539099B35FA538A
2025-12-16 16:08:51.662 [http-nio-8000-exec-2] DEBUG o.s.security.web.FilterChainProxy - Secured GET /v3/api-docs
2025-12-16 16:08:51.662 [http-nio-8000-exec-2] DEBUG o.s.api.AbstractOpenApiResource - Fetching openApi document from cache
2025-12-16 16:09:13.247 [HikariPool-1 housekeeper] DEBUG com.zaxxer.hikari.pool.HikariPool - HikariPool-1 - Before cleanup stats (total=2, active=0, idle=2, waiting=0)
2025-12-16 16:09:13.247 [HikariPool-1 housekeeper] DEBUG com.zaxxer.hikari.pool.HikariPool - HikariPool-1 - After cleanup  stats (total=2, active=0, idle=2, waiting=0)
2025-12-16 16:09:13.247 [HikariPool-1 housekeeper] DEBUG com.zaxxer.hikari.pool.HikariPool - HikariPool-1 - Fill pool skipped, pool has sufficient level or currently being filled (queueDepth=0).
2025-12-16 16:09:16.171 [scheduling-1] INFO  c.e.m.s.Impl.EmailQueueServiceImpl - 处理邮件队列，待处理项: 0
2025-12-16 16:09:43.256 [HikariPool-1 housekeeper] DEBUG com.zaxxer.hikari.pool.HikariPool - HikariPool-1 - Before cleanup stats (total=2, active=0, idle=2, waiting=0)
2025-12-16 16:09:43.256 [HikariPool-1 housekeeper] DEBUG com.zaxxer.hikari.pool.HikariPool - HikariPool-1 - After cleanup  stats (total=2, active=0, idle=2, waiting=0)
2025-12-16 16:09:43.256 [HikariPool-1 housekeeper] DEBUG com.zaxxer.hikari.pool.HikariPool - HikariPool-1 - Fill pool skipped, pool has sufficient level or currently being filled (queueDepth=0).
2025-12-16 16:10:13.260 [HikariPool-1 housekeeper] DEBUG com.zaxxer.hikari.pool.HikariPool - HikariPool-1 - Before cleanup stats (total=2, active=0, idle=2, waiting=0)
2025-12-16 16:10:13.260 [HikariPool-1 housekeeper] DEBUG com.zaxxer.hikari.pool.HikariPool - HikariPool-1 - After cleanup  stats (total=2, active=0, idle=2, waiting=0)
2025-12-16 16:10:13.260 [HikariPool-1 housekeeper] DEBUG com.zaxxer.hikari.pool.HikariPool - HikariPool-1 - Fill pool skipped, pool has sufficient level or currently being filled (queueDepth=0).
2025-12-16 16:10:16.177 [scheduling-1] INFO  c.e.m.s.Impl.EmailQueueServiceImpl - 处理邮件队列，待处理项: 0
2025-12-16 16:10:43.270 [HikariPool-1 housekeeper] DEBUG com.zaxxer.hikari.pool.HikariPool - HikariPool-1 - Before cleanup stats (total=2, active=0, idle=2, waiting=0)
2025-12-16 16:10:43.270 [HikariPool-1 housekeeper] DEBUG com.zaxxer.hikari.pool.HikariPool - HikariPool-1 - After cleanup  stats (total=2, active=0, idle=2, waiting=0)
2025-12-16 16:10:43.270 [HikariPool-1 housekeeper] DEBUG com.zaxxer.hikari.pool.HikariPool - HikariPool-1 - Fill pool skipped, pool has sufficient level or currently being filled (queueDepth=0).
2025-12-16 16:11:13.274 [HikariPool-1 housekeeper] DEBUG com.zaxxer.hikari.pool.HikariPool - HikariPool-1 - Before cleanup stats (total=2, active=0, idle=2, waiting=0)
2025-12-16 16:11:13.274 [HikariPool-1 housekeeper] DEBUG com.zaxxer.hikari.pool.HikariPool - HikariPool-1 - After cleanup  stats (total=2, active=0, idle=2, waiting=0)
2025-12-16 16:11:13.274 [HikariPool-1 housekeeper] DEBUG com.zaxxer.hikari.pool.HikariPool - HikariPool-1 - Fill pool skipped, pool has sufficient level or currently being filled (queueDepth=0).
2025-12-16 16:11:16.165 [scheduling-1] INFO  c.e.m.s.Impl.EmailQueueServiceImpl - 处理邮件队列，待处理项: 0
2025-12-16 16:11:43.278 [HikariPool-1 housekeeper] DEBUG com.zaxxer.hikari.pool.HikariPool - HikariPool-1 - Before cleanup stats (total=2, active=0, idle=2, waiting=0)
2025-12-16 16:11:43.278 [HikariPool-1 housekeeper] DEBUG com.zaxxer.hikari.pool.HikariPool - HikariPool-1 - After cleanup  stats (total=2, active=0, idle=2, waiting=0)
2025-12-16 16:11:43.278 [HikariPool-1 housekeeper] DEBUG com.zaxxer.hikari.pool.HikariPool - HikariPool-1 - Fill pool skipped, pool has sufficient level or currently being filled (queueDepth=0).
2025-12-16 16:12:13.290 [HikariPool-1 housekeeper] DEBUG com.zaxxer.hikari.pool.HikariPool - HikariPool-1 - Before cleanup stats (total=2, active=0, idle=2, waiting=0)
2025-12-16 16:12:13.290 [HikariPool-1 housekeeper] DEBUG com.zaxxer.hikari.pool.HikariPool - HikariPool-1 - After cleanup  stats (total=2, active=0, idle=2, waiting=0)
2025-12-16 16:12:13.290 [HikariPool-1 housekeeper] DEBUG com.zaxxer.hikari.pool.HikariPool - HikariPool-1 - Fill pool skipped, pool has sufficient level or currently being filled (queueDepth=0).
2025-12-16 16:12:16.172 [scheduling-1] INFO  c.e.m.s.Impl.EmailQueueServiceImpl - 处理邮件队列，待处理项: 0
